nct_id,phases,enrollment,enrollment_type,start_date,primary_completion_date,sponsor_class,n_conditions,n_sites,n_countries
NCT01516541,PHASE3,2220,ACTUAL,2012-01,2012-07,INDUSTRY,1,241,13
NCT01521494,PHASE2,183,ACTUAL,2012-01-11,2012-07-03,INDUSTRY,1,1,1
NCT00079794,PHASE2,36,,2001-09,2004-02,NIH,1,1,1
NCT02322866,PHASE3,1034,ACTUAL,2014-12-03,2017-01-12,INDUSTRY,1,57,1
NCT02676466,PHASE2,289,ACTUAL,2016-04-26,2018-06-22,OTHER,1,5,1
NCT02326922,PHASE1|PHASE2,61,ACTUAL,2014-06,2016-02,OTHER,1,1,1
NCT01150422,PHASE3,1500,ESTIMATED,2010-04,2011-04,OTHER,1,4,1
NCT04545151,PHASE2,136,ACTUAL,2021-02-08,2025-04-23,OTHER,1,22,6
NCT05722951,PHASE3,60,ACTUAL,2022-10-18,2024-06-20,OTHER,1,1,1
NCT01309802,PHASE2,48,ACTUAL,2011-05,2016-05-19,OTHER,1,1,1
NCT01013753,PHASE2,198,ACTUAL,2010-02,2011-01,INDUSTRY,1,27,6
NCT00454545,PHASE2,12,ESTIMATED,2006-10,,OTHER,1,1,1
NCT00054145,PHASE2,,,2003-06,2007-04,OTHER,1,4,1
NCT00038545,PHASE2,25,ACTUAL,2001-05-18,2004-04-27,OTHER,1,1,1
NCT00200395,PHASE2,30,ACTUAL,2003-07-02,2007-01-12,OTHER,1,4,1
NCT00110877,PHASE3,604,ACTUAL,2005-04,2007-01,INDUSTRY,1,103,26
NCT02878057,PHASE2,30,ACTUAL,2016-05,2020-09-02,OTHER,1,0,0
NCT00001857,PHASE2,50,,1999-05,,NIH,1,1,1
NCT00000712,PHASE2,400,,,,NIH,1,8,1
NCT00302081,PHASE3,696,ACTUAL,2003-08,2008-04,INDUSTRY,1,0,0
NCT03321981,PHASE2,105,ACTUAL,2018-01-15,2022-10-26,INDUSTRY,1,25,7
NCT00359281,PHASE2,125,ACTUAL,2006-03,2007-11,INDUSTRY,1,1,1
NCT01146119,PHASE2,200,ACTUAL,2010-07,2011-05,INDUSTRY,1,2,1
NCT01861730,PHASE1|PHASE2,243,ACTUAL,2013-07-01,2017-12-22,OTHER,1,4,1
NCT00361530,PHASE3,854,ACTUAL,2004-03,2014-07,OTHER,1,2,1
NCT03043365,PHASE2,37,ACTUAL,2017-06-15,2019-05-29,NIH,3,1,1
NCT05556967,PHASE3,20,ACTUAL,2023-08-09,2023-10-19,OTHER,1,1,1
NCT03744767,PHASE2,20,ACTUAL,2014-09-19,2015-09-22,OTHER,1,0,0
NCT03003000,PHASE3,635,ACTUAL,2016-12-20,2017-09-24,INDUSTRY,2,18,2
NCT00343707,PHASE2,72,ACTUAL,2004-11,2005-11,INDUSTRY,1,1,1
NCT04386707,PHASE3,1300,ACTUAL,2020-05-11,2020-05-11,INDUSTRY,1,4,1
NCT00064207,PHASE2|PHASE3,97,ACTUAL,2003-05,2007-01,NETWORK,1,59,6
NCT01785992,PHASE2,27,ACTUAL,2012-10,2014-12,OTHER,2,9,1
NCT01980992,PHASE1|PHASE2,46,ACTUAL,2013-10,2015-11,OTHER,1,4,1
NCT00947336,PHASE3,110,ACTUAL,2005-04,2008-04,OTHER_GOV,1,1,1
NCT00047736,PHASE3,,,2001-07,,INDUSTRY,1,2,1
NCT03652051,PHASE2,321,ACTUAL,2018-09-10,2022-09-14,INDUSTRY,2,30,3
NCT00807651,PHASE2,40,ACTUAL,2008-02,2016-06,OTHER,1,1,1
NCT03208231,PHASE1|PHASE2,61,ACTUAL,2018-08-06,2020-06-16,NIH,1,7,4
NCT04044131,PHASE2,120,ACTUAL,2019-12-02,2021-03-15,OTHER,2,2,1
NCT03969953,PHASE3,1753,ACTUAL,2021-01-18,2025-10-30,OTHER,3,88,12
NCT04304053,PHASE3,2300,ACTUAL,2020-03-18,2020-06-15,OTHER,1,1,1
NCT03364153,PHASE2,121,ACTUAL,2018-01-12,2025-03-31,INDUSTRY,1,41,8
NCT00742937,PHASE2|PHASE3,239,ACTUAL,2007-07,2008-08,OTHER,2,1,1
NCT03241745,PHASE2,35,ACTUAL,2017-08-03,2024-04-01,OTHER,7,8,1
NCT03470545,PHASE3,251,ACTUAL,2018-05-29,2020-03-14,INDUSTRY,1,71,13
NCT04583995,PHASE3,15185,ACTUAL,2020-09-28,2022-03-29,INDUSTRY,2,33,1
NCT00083239,PHASE2,,,,,INDUSTRY,2,6,1
NCT03020095,PHASE2,38,ACTUAL,2015-08,2016-08,INDUSTRY,1,0,0
NCT07360639,PHASE1|PHASE2,64,ACTUAL,2025-06-01,2025-12-20,OTHER,2,1,1
NCT01601977,PHASE2|PHASE3,10,ACTUAL,2012-05,2013-08,OTHER,2,1,1
NCT03485677,PHASE3,57,ACTUAL,2018-04-11,2025-12-26,INDUSTRY,2,21,10
NCT01072695,PHASE2,46,ACTUAL,2010-02,2010-10,INDUSTRY,1,12,4
NCT01513239,PHASE3,1203,ACTUAL,2012-02-01,2015-05-22,INDUSTRY,1,0,0
NCT04491877,PHASE1|PHASE2,259,ACTUAL,2020-09-17,2023-04-13,INDUSTRY,1,29,3
NCT01299857,PHASE3,22,ACTUAL,2011-06,2011-06,OTHER,1,1,1
NCT02040857,PHASE2,162,ACTUAL,2014-01,2018-05,OTHER,1,10,1
NCT02362412,PHASE3,22,ACTUAL,2015-02-18,2016-02-06,INDUSTRY,1,7,1
NCT00003619,PHASE1|PHASE2,,,1998-02,,OTHER,4,2,1
NCT02565719,PHASE2,40,ACTUAL,2016-03,2019-05,INDUSTRY,1,3,1
NCT00360230,PHASE2,540,ACTUAL,2006-08-30,2007-08-25,INDUSTRY,1,2,1
NCT02958865,PHASE2,319,ACTUAL,2017-02-03,2021-05-10,INDUSTRY,1,189,19
NCT00256867,PHASE3,369,ACTUAL,2005-08-18,2006-10-31,INDUSTRY,1,85,6
NCT04410367,PHASE2,23,ACTUAL,2020-08-31,2021-12-31,INDUSTRY,1,9,1
NCT00574067,PHASE3,213,ACTUAL,2008-09,2013-03,OTHER,1,2,1
NCT03055767,PHASE2,17,ACTUAL,2017-03-01,2018-11-30,OTHER,3,2,1
NCT02951767,PHASE2,119,ACTUAL,2014-05-31,2016-07-04,INDUSTRY,1,77,8
NCT00984867,PHASE3,833,ACTUAL,2009-10,2011-03,INDUSTRY,1,88,6
NCT03775200,PHASE2,233,ACTUAL,2019-03-01,2021-07-30,INDUSTRY,1,25,10
NCT01779700,PHASE2,40,ACTUAL,2013-01,2016-08,OTHER,1,3,1
NCT01391507,PHASE2,36,ACTUAL,2011-10,2013-08,INDUSTRY,1,4,1
NCT01091207,PHASE2,39,ESTIMATED,2009-11,2010-12,OTHER,1,1,1
NCT03789292,PHASE3,648,ACTUAL,2018-11-26,2019-10-08,INDUSTRY,1,1,1
NCT06651892,PHASE2|PHASE3,42,ACTUAL,2024-05-01,2024-12-30,OTHER,1,1,1
NCT03323736,PHASE3,370,ACTUAL,2017-10-31,2019-02-28,INDUSTRY,2,19,2
NCT00407836,PHASE2,40,ESTIMATED,2006-11,2008-11,OTHER,1,1,1
NCT00281736,PHASE2,60,ESTIMATED,2004-02,2007-07,OTHER,2,1,1
NCT00211536,PHASE3,107,ACTUAL,2002-06,2004-08,INDUSTRY,1,5,1
NCT06960694,PHASE2,66,ACTUAL,2025-06-28,2025-11-19,OTHER,1,1,1
NCT04450394,PHASE2,278,ACTUAL,2020-07-01,2021-10-08,INDUSTRY,1,64,5
NCT00404794,PHASE3,20,ESTIMATED,2005-11,,OTHER_GOV,2,1,1
NCT00559494,PHASE1|PHASE2,52,ACTUAL,2004-06,2010-08,OTHER,1,1,1
NCT03190694,PHASE2,53,ACTUAL,2017-11-12,2019-11-01,OTHER,2,7,3
NCT03798366,PHASE2,33,ACTUAL,2019-01-14,2020-05-21,INDUSTRY,1,18,6
NCT00609466,PHASE3,291,ACTUAL,2007-09,2008-02,INDUSTRY,4,6,1
NCT00966056,PHASE2,60,ACTUAL,2007-10,2009-02,OTHER,4,1,1
NCT00832156,PHASE3,40,ACTUAL,2008-06,2012-09,OTHER,1,1,1
NCT05458856,PHASE3,147,ACTUAL,2022-08-30,2024-07-08,INDUSTRY,1,39,7
NCT03450629,PHASE3,682,ACTUAL,2018-09-13,2020-12-01,INDUSTRY,2,47,1
NCT02207829,PHASE3,1017,ACTUAL,2014-09-01,2015-05-25,INDUSTRY,1,99,13
NCT04532931,PHASE2,192,ACTUAL,2020-09-03,2021-08-05,INDUSTRY,1,1,1
NCT01808131,PHASE3,717,ACTUAL,2013-02,2016-08,INDUSTRY,1,207,11
NCT00746902,PHASE3,62,ACTUAL,2008-06,2013-12,OTHER,1,1,1
NCT00311402,PHASE3,1295,ACTUAL,2006-04,2009-03,INDUSTRY,1,151,1
NCT04473053,PHASE1|PHASE2,71,ACTUAL,2020-07-03,2025-04-30,OTHER,1,1,1
NCT02891837,PHASE3,189,ACTUAL,2016-08,2019-06,INDUSTRY,1,29,4
NCT04532372,PHASE1|PHASE2,2,ACTUAL,2021-01-07,2021-08-26,OTHER,3,1,1
NCT01626872,PHASE2|PHASE3,254,ACTUAL,2012-09,2016-10,INDUSTRY,1,3,3
NCT02288572,PHASE2,16,ACTUAL,2013-05,2014-03,OTHER,1,0,0
NCT02945553,PHASE1|PHASE2,25,ACTUAL,2016-10,2019-09,OTHER,1,1,1
NCT02841137,PHASE2,80,ACTUAL,2016-06,2017-08-02,INDUSTRY,1,1,1
NCT01943045,PHASE2,81,ACTUAL,2013-09,2014-09,INDUSTRY,1,9,2
NCT00328939,PHASE3,240,,2004-05,,INDUSTRY,3,7,1
NCT01262677,PHASE3,325,ACTUAL,2011-02-17,2012-07-31,INDUSTRY,2,82,18
NCT05366101,PHASE2|PHASE3,168,ACTUAL,2019-04-01,2022-02-28,OTHER,1,1,1
NCT02256501,PHASE1|PHASE2,30,ACTUAL,2013-06,2016-03,OTHER_GOV,1,1,1
NCT01390012,PHASE3,30,ACTUAL,2011-08,2012-10,OTHER,1,1,1
NCT00862381,PHASE3,106,ACTUAL,2008-10,2010-07,OTHER,1,2,1
NCT02933281,PHASE1|PHASE2,144,ACTUAL,2018-05-14,2021-09-05,NETWORK,1,1,1
NCT02866981,PHASE2,33,ACTUAL,2014-02,2017-12-01,OTHER,2,1,1
NCT00325819,PHASE3,374,ACTUAL,2006-05,2009-09,OTHER,1,1,1
NCT02080819,PHASE2,131,ACTUAL,2014-02,2017-01-21,OTHER,1,1,1
NCT04592419,PHASE3,568,ACTUAL,2020-09-25,2022-06-10,INDUSTRY,2,141,12
NCT05377619,PHASE1|PHASE2,1,ACTUAL,2022-01-06,2022-03-06,OTHER,1,1,1
NCT00612430,PHASE2,59,ACTUAL,2007-03,2008-09,OTHER,2,1,1
NCT01820754,PHASE2,24,ACTUAL,2013-03,2018-04-30,OTHER,1,1,1
NCT00063154,PHASE2,51,ACTUAL,2003-07,2005-04,INDUSTRY,1,8,1
NCT01101841,PHASE3,570,ACTUAL,2010-03,2011-09,INDUSTRY,1,32,1
NCT04280705,PHASE3,1062,ACTUAL,2020-02-21,2020-05-21,NIH,1,60,10
NCT01534494,PHASE2,10,ACTUAL,2012-01,2013-09,OTHER,1,1,1
NCT01096966,PHASE2,263,ACTUAL,2010-03,2011-02,INDUSTRY,1,21,1
NCT01272466,PHASE1|PHASE2,40,ACTUAL,2010-02,2012-02,OTHER,1,1,1
NCT04526951,PHASE3,81,ACTUAL,2020-10-30,2025-06-20,OTHER,1,18,6
NCT02119429,PHASE2,50,ACTUAL,2014-04,2015-05,OTHER,1,1,1
NCT06391931,PHASE3,190,ACTUAL,2024-04-07,2024-11-06,INDUSTRY,1,1,1
NCT01584531,PHASE2,82,ACTUAL,2012-05,2015-05,INDUSTRY,3,5,1
NCT02208037,PHASE2,279,ACTUAL,2014-08,2017-10,NIH,9,30,1
NCT00857545,PHASE2,171,ACTUAL,2010-07,2015-09,NETWORK,24,46,1
NCT01512745,PHASE3,267,ACTUAL,2011-01,2013-05,INDUSTRY,1,2,1
NCT00079872,PHASE2,120,,2004-02,,INDUSTRY,1,6,5
NCT01060072,PHASE3,407,ACTUAL,2010-02,2010-09,INDUSTRY,2,1,1
NCT02132195,PHASE3,31,ACTUAL,2014-05,2018-01,OTHER,1,16,1
NCT03664739,PHASE3,608,ACTUAL,2018-12-05,2020-03-23,INDUSTRY,1,30,2
NCT02607839,PHASE2,10,ACTUAL,2013-02,2015-04,OTHER,1,1,1
NCT02582177,PHASE3,125,ACTUAL,2019-06-11,2020-01-20,INDUSTRY,1,9,1
NCT03592277,PHASE2,120,ACTUAL,2018-09-14,2021-02-22,OTHER,2,1,1
NCT03744975,PHASE2,72,ACTUAL,2018-05-01,2025-08-27,OTHER,2,1,1
NCT03921775,PHASE3,330,ACTUAL,2019-05-13,2019-12-30,INDUSTRY,1,1,1
NCT00103857,PHASE3,1208,ACTUAL,2005-03-17,2006-07-25,INDUSTRY,1,0,0
NCT03824912,PHASE3,831,ACTUAL,2018-08-23,2019-01-24,INDUSTRY,1,9,3
NCT05759481,PHASE2,68,ACTUAL,2024-02-01,2025-03-12,OTHER,1,1,1
NCT05125081,PHASE2,120,ACTUAL,2022-01-25,2024-08-07,OTHER,3,6,1
NCT01543412,PHASE2,50,ACTUAL,2010-01,2011-06,OTHER,1,9,1
NCT00634712,PHASE3,734,ESTIMATED,1999-06,2003-05,INDUSTRY,1,0,0
NCT02228681,PHASE2,74,ACTUAL,2015-05-21,2018-01,NETWORK,1,26,1
NCT01371981,PHASE3,1645,ACTUAL,2011-07-06,2019-03-31,NIH,4,220,5
NCT02053519,PHASE3,72,ACTUAL,2014-02,2016-04,OTHER,1,8,1
NCT00415519,PHASE3,25,ACTUAL,2006-12,2008-07,INDUSTRY,1,0,0
NCT02666430,PHASE3,127,ACTUAL,2015-12,2017-03,INDUSTRY,1,81,8
NCT03410030,PHASE1|PHASE2,27,ACTUAL,2017-12-15,2021-09-14,OTHER,5,1,1
NCT00564330,PHASE1|PHASE2,30,ACTUAL,2007-11,2008-04,OTHER,1,0,0
NCT05315128,PHASE2,60,ACTUAL,2020-07-06,2021-08-10,OTHER_GOV,1,1,1
NCT05523765,PHASE2,26,ACTUAL,2022-11-14,2024-07-30,INDUSTRY,3,15,1
NCT02145767,PHASE2,850,ESTIMATED,2014-12,2021-02,OTHER,2,7,1
NCT01106742,PHASE2,20,ACTUAL,2009-03,2011-07,OTHER,1,1,1
NCT06051786,PHASE2,136,ACTUAL,2020-08-20,2021-07-20,INDUSTRY,1,5,1
NCT00170586,PHASE2,325,,2003-09,,NIH,1,1,1
NCT00503386,PHASE2,144,ACTUAL,2006-04,2006-10,INDUSTRY,3,6,1
NCT00404573,PHASE2,375,ESTIMATED,2006-11,2007-08,INDUSTRY,1,1,1
NCT03737669,PHASE3,2000,ACTUAL,2019-11-13,2025-09-29,OTHER,1,1,1
NCT07097441,PHASE1|PHASE2,100,ACTUAL,2025-03-12,2025-06-04,OTHER,5,1,1
NCT01320241,PHASE2,24,ACTUAL,2008-11,2012-03,OTHER,4,1,1
NCT00496054,PHASE3,110,ACTUAL,2008-05,2008-10,INDUSTRY,2,0,0
NCT02182505,PHASE3,535,ACTUAL,1998-09,1999-07,INDUSTRY,1,0,0
NCT00623194,PHASE3,146,ACTUAL,2008-02,2009-09,INDUSTRY,2,32,11
NCT05323656,PHASE2,55,ACTUAL,2022-04-06,2024-02-18,INDUSTRY,1,24,7
NCT00116922,PHASE3,207,ACTUAL,2004-06,2010-01,OTHER,2,2,1
NCT01027351,PHASE2,163,ACTUAL,2010-01,2010-09,INDUSTRY,1,1,1
NCT00552929,PHASE2,102,ACTUAL,2005-10-04,2006-09-15,INDUSTRY,1,0,0
NCT00174629,PHASE3,449,ACTUAL,2001-06,2007-01,INDUSTRY,1,3,3
NCT00001929,PHASE2,20,,1999-03,,NIH,2,1,1
NCT01455831,PHASE3,616,ACTUAL,2011-09,2020-12-31,OTHER,1,16,3
NCT01370031,PHASE2,16,ACTUAL,2011-04,2011-06,INDUSTRY,1,1,1
NCT00812331,PHASE2,37,ACTUAL,2009-03,2009-11,INDUSTRY,1,10,3
NCT00538902,PHASE2|PHASE3,302,ACTUAL,2007-08,2008-07,INDUSTRY,1,11,1
NCT00558753,PHASE2,240,ACTUAL,2006-04,2010-06,OTHER,1,0,0
NCT02771353,PHASE2,39,ACTUAL,2016-12-12,2019-01-15,OTHER,1,0,0
NCT00143637,PHASE1|PHASE2,24,ACTUAL,2005-05,2006-11,OTHER,2,1,1
NCT00221845,PHASE3,400,ACTUAL,1998-01,2007-07,OTHER,5,33,12
NCT04246372,PHASE2,47,ACTUAL,2020-10-21,2024-10-30,OTHER,6,1,1
NCT01657539,PHASE2|PHASE3,30,ACTUAL,2011-08,2012-08,OTHER,2,1,1
NCT02594839,PHASE1|PHASE2,20,ACTUAL,2013-02,2018-01,OTHER_GOV,3,1,1
NCT04914377,PHASE2,55,ACTUAL,2021-06-08,2021-12-16,INDUSTRY,1,3,1
NCT05041257,PHASE2,79,ACTUAL,2021-10-19,2024-12-12,INDUSTRY,3,35,7
NCT00540657,PHASE2,90,ESTIMATED,2007-10,2008-06,INDUSTRY,1,1,1
NCT00419601,PHASE3,24,ACTUAL,2006-11,2010-04,OTHER,1,1,1
NCT00306501,PHASE2,34,ACTUAL,2006-03-17,2009-12-16,NIH,2,1,1
NCT01288001,PHASE2,20,ACTUAL,2011-03,2011-12,INDUSTRY,1,1,1
NCT00993681,PHASE3,2036,ACTUAL,2009-10,2010-11,INDUSTRY,1,20,4
NCT00450112,PHASE3,202,ACTUAL,2007-03,2009-06,INDUSTRY,1,1,1
NCT00772928,PHASE3,1167,ACTUAL,2003-10,2006-05,INDUSTRY,5,23,1
NCT00659828,PHASE2,1,ACTUAL,2005-06,2010-04-16,OTHER,3,1,1
NCT03794765,PHASE2,50,ACTUAL,2019-04-01,2020-03-04,OTHER,3,1,1
NCT05842967,PHASE3,885,ACTUAL,2023-05-11,2024-03-18,INDUSTRY,1,36,1
NCT00477607,PHASE2|PHASE3,39,ACTUAL,2007-10,2011-03,FED,2,2,1
NCT01966042,PHASE2,13,ACTUAL,2005-07,2011-11,INDUSTRY,1,1,1
NCT05908786,PHASE1|PHASE2,62,ACTUAL,2023-12-05,2025-08-27,INDUSTRY,1,30,9
NCT03915769,PHASE3,198,ACTUAL,2019-06-03,2025-09-30,INDUSTRY,1,67,1
NCT02746783,PHASE1|PHASE2,163,ACTUAL,2013-10,2015-07,OTHER,1,1,1
NCT04246541,PHASE3,48,ACTUAL,2019-04-23,2021-09-12,OTHER,5,1,1
NCT03226522,PHASE2|PHASE3,366,ACTUAL,2017-07-13,2020-04-17,INDUSTRY,3,78,2
NCT06560151,PHASE2,1380,ACTUAL,2024-08-21,2025-01-02,FED,1,20,1
NCT01740531,PHASE3,86,ACTUAL,2012-12,2017-12-21,INDUSTRY,1,3,2
NCT05111431,PHASE3,159,ACTUAL,2021-11-24,2022-05-20,INDUSTRY,1,1,1
NCT05361031,PHASE1|PHASE2,12,ACTUAL,2020-09-21,2021-09-09,INDUSTRY,1,1,1
NCT00536302,PHASE2|PHASE3,30,ACTUAL,2007-03,2008-11,INDUSTRY,1,1,1
NCT00006237,PHASE3,432,ACTUAL,2000-08,2012-07,NETWORK,1,297,2
NCT00417872,PHASE2,114,,2004-01,,INDUSTRY,1,7,1
NCT00028795,PHASE2,170,ACTUAL,2002-12,2007-09,NETWORK,1,230,7
NCT00088595,PHASE2,45,ACTUAL,2004-01,2008-07,INDUSTRY,1,4,1
NCT00223977,PHASE2|PHASE3,146,ACTUAL,2003-12,2004-11,INDUSTRY,1,43,8
NCT00786877,PHASE3,4678,ACTUAL,2009-08,2014-05,OTHER,1,1,1
NCT00129675,PHASE2,169,ACTUAL,2003-02,2009-05,OTHER,1,1,1
NCT06235775,PHASE2,67,ACTUAL,2023-12-12,2025-09-01,INDUSTRY,1,5,1
NCT01022775,PHASE3,70,ACTUAL,2001-04,2007-02,OTHER,1,1,1
NCT03744312,PHASE1|PHASE2,9,ACTUAL,2018-09-10,2022-07-20,OTHER,1,1,1
NCT01986881,PHASE3,8246,ACTUAL,2013-11-04,2019-12-27,INDUSTRY,1,0,0
NCT00844519,PHASE3,52,ACTUAL,2010-01,2012-12,OTHER,4,1,1
NCT03852719,PHASE3,150,ACTUAL,2019-04-17,2020-11-26,INDUSTRY,1,19,5
NCT01991457,PHASE2,19,ACTUAL,2013-08-27,2020-01-30,OTHER,1,1,1
NCT05890001,PHASE3,400,ACTUAL,2023-04-05,2024-10-08,INDUSTRY,2,60,1
NCT04207801,PHASE2,90,ACTUAL,2020-01-21,2021-03-20,INDUSTRY,1,9,1
NCT00194012,PHASE3,62,ACTUAL,2004-08,2012-05,OTHER,1,1,1
NCT04772742,PHASE3,193,ACTUAL,2021-02-17,2022-05-23,INDUSTRY,2,40,5
NCT04003142,PHASE3,501,ACTUAL,2019-07-10,2020-07-30,INDUSTRY,1,93,7
NCT00625573,PHASE2,29,ESTIMATED,2007-09,2009-02,OTHER,1,1,1
NCT03318783,PHASE1|PHASE2,20,ACTUAL,2018-05-02,2019-04-03,OTHER,4,1,1
NCT01890941,PHASE2,,,,2014-03,INDUSTRY,1,1,1
NCT03769441,PHASE3,148,ACTUAL,2019-08-02,2024-08-19,OTHER,2,2,1
NCT01235754,PHASE3,626,ACTUAL,2010-10,2011-12,INDUSTRY,1,102,2
NCT00004254,PHASE2,25,ACTUAL,1999-11,2001-06,NETWORK,1,6,2
NCT00158405,PHASE3,840,ACTUAL,2002-12,,OTHER_GOV,1,5,1
NCT02067156,PHASE2,26,ACTUAL,2014-02,2016-12,INDUSTRY,1,1,1
NCT01948856,PHASE3,1003,ACTUAL,2013-09,2016-10-17,INDUSTRY,1,24,5
NCT00647556,PHASE3,30,ACTUAL,2008-04,2010-01,INDUSTRY,1,1,1
NCT01147822,PHASE2,367,ACTUAL,2010-05-19,2012-05-21,INDUSTRY,1,21,3
NCT05188729,PHASE2,92,ACTUAL,2022-02-01,2024-04-15,INDUSTRY,5,13,1
NCT00270231,PHASE2,64,ACTUAL,2004-03,2005-10,OTHER,1,1,1
NCT04365153,PHASE2,45,ACTUAL,2020-04-24,2021-02-02,OTHER,2,2,1
NCT02858037,PHASE3,1456,ACTUAL,2016-07-18,2018-10-10,INDUSTRY,1,17,4
NCT03536039,PHASE2,28,ACTUAL,2016-01-27,2019-01-27,OTHER,1,1,1
NCT01134575,PHASE2,90,ACTUAL,2010-06-04,2018-04-18,OTHER,1,1,1
NCT03300557,PHASE2,40,ACTUAL,2017-11-15,2023-12-13,NIH,5,3,1
NCT00206557,PHASE2,60,,2002-10,,OTHER,3,1,1
NCT02755857,PHASE2,20,ACTUAL,2016-07,2016-12,INDUSTRY,1,1,1
NCT02918357,PHASE2|PHASE3,385,ACTUAL,2016-09-15,2017-09-21,OTHER,1,1,1
NCT06940557,PHASE2|PHASE3,70,ACTUAL,2023-12-01,2024-09-30,OTHER,1,1,1
NCT02419001,PHASE1|PHASE2,11,ACTUAL,2015-03,2015-09,INDUSTRY,1,3,2
NCT01485601,PHASE2,121,ACTUAL,2011-12-07,2012-03-30,INDUSTRY,1,1,1
NCT04504812,PHASE3,1937,ACTUAL,2021-02-01,2025-04-08,OTHER,1,24,1
NCT02507219,PHASE2|PHASE3,24,ACTUAL,2015-07,2015-10,OTHER,1,1,1
NCT00231530,PHASE3,541,ACTUAL,2001-01,,INDUSTRY,3,0,0
NCT02515630,PHASE2,41,ACTUAL,2016-01-29,2017-07-18,INDUSTRY,3,13,2
NCT02678767,PHASE2,30,ACTUAL,2015-02,2017-09,OTHER,1,1,1
NCT00117767,PHASE3,720,,2004-06,2006-03,INDUSTRY,1,1,1
NCT00356967,PHASE3,602,ACTUAL,2006-06,2007-06,INDUSTRY,1,6,6
NCT05965700,PHASE1|PHASE2,24,ACTUAL,2023-08-08,2025-12-31,INDUSTRY,3,1,1
NCT03713294,PHASE2,37,ACTUAL,2019-01-14,2024-02-20,OTHER,1,1,1
NCT05024994,PHASE2,12,ACTUAL,2021-08-13,2025-06-19,OTHER,3,7,1
NCT03145766,PHASE2,320,ACTUAL,2017-04-17,2018-01-08,INDUSTRY,1,5,1
NCT00162656,PHASE3,848,ACTUAL,1996-05,2004-05,OTHER,1,3,3
NCT00310856,PHASE2,175,ACTUAL,2005-06,2006-11,INDUSTRY,1,3,1
NCT00756951,PHASE2,59,,2008-09,,INDUSTRY,2,19,1
NCT01569451,PHASE2,53,ACTUAL,2012-02,2015-05,OTHER,1,1,1
NCT02067351,PHASE2,6,ACTUAL,2014-04,2017-01,OTHER,1,1,1
NCT00691002,PHASE3,1245,ACTUAL,2008-05,2010-01,INDUSTRY,1,11,4
NCT03324802,PHASE3,107,ACTUAL,2018-02-07,2022-01-31,OTHER,7,3,1
NCT00000153,PHASE3,,,1984-12,,NIH,3,0,0
NCT00654537,PHASE3,5625,ESTIMATED,2001-04,,INDUSTRY,1,0,0
NCT02404337,PHASE2,12,ACTUAL,2015-07,2017-12,OTHER,1,1,1
NCT01911845,PHASE2,38,ACTUAL,2013-04,2013-12,INDUSTRY,2,0,0
NCT00003195,PHASE2,,,1997-12,,OTHER,1,1,1
NCT02433639,PHASE2,24,ACTUAL,2015-04,2017-10,OTHER,1,1,1
NCT01714739,PHASE1|PHASE2,337,ACTUAL,2012-10-07,2019-12-13,INDUSTRY,1,30,6
NCT02978612,PHASE2,170,ESTIMATED,2016-06,2022-11,OTHER,1,1,1
NCT02597712,PHASE2,27,ACTUAL,2013-05-15,2017-11-28,INDUSTRY,1,2,2
NCT02913612,PHASE2,105,ACTUAL,2017-05-05,2020-10-20,OTHER,1,12,1
NCT00398281,PHASE3,450,ESTIMATED,2006-11,2010-07,OTHER,1,1,1
NCT00027781,PHASE2,37,ACTUAL,2001-08,2003-03,NETWORK,1,10,6
NCT02497781,PHASE2,97,ACTUAL,2015-09-24,2017-09-15,INDUSTRY,1,28,9
NCT00520481,PHASE2,41,ACTUAL,2007-08,2012-01,INDUSTRY,1,3,1
NCT03828019,PHASE3,227,ACTUAL,2019-09-16,2024-04-02,OTHER,1,26,3
NCT05430919,PHASE2,217,ACTUAL,2022-08-15,2023-07-31,INDUSTRY,2,3,1
NCT02711319,PHASE3,31,ACTUAL,2010-12,2015-06,OTHER,1,0,0
NCT00874419,PHASE3,165,ACTUAL,2008-08,2010-07,OTHER,1,1,1
NCT01861119,PHASE3,90,ACTUAL,2013-04-01,2014-02-01,OTHER,1,1,1
NCT05139030,PHASE3,167,ACTUAL,2022-01-18,2022-07-11,INDUSTRY,2,6,1
NCT00003928,PHASE2,32,ACTUAL,1999-01,2005-02,OTHER,1,1,1
NCT00844428,PHASE2,5,ACTUAL,2009-07,2010-10,INDUSTRY,1,13,7
NCT00501969,PHASE3,395,ACTUAL,2004-08,2008-12,INDUSTRY,1,53,17
NCT00666783,PHASE2,208,ACTUAL,,,OTHER,1,1,1
NCT00612183,PHASE2,56,ESTIMATED,2007-12,2009-09,INDUSTRY,2,17,1
NCT00688883,PHASE2,52,ACTUAL,2003-02,2004-08,INDUSTRY,1,17,1
NCT01404741,PHASE2,191,ACTUAL,2011-07,2020-05,OTHER,2,17,1
NCT00389441,PHASE2,52,ACTUAL,2006-12,2012-09,INDUSTRY,1,26,9
NCT02722941,PHASE2,30,ACTUAL,2016-06-10,2020-06-07,OTHER,1,1,1
NCT05376241,PHASE2,637,ACTUAL,2022-01-03,2022-05-07,OTHER,1,1,1
NCT01844505,PHASE3,945,ACTUAL,2013-06-11,2016-08-01,INDUSTRY,1,150,22
NCT00306956,PHASE3,1021,ACTUAL,2006-03,2007-08,OTHER,1,5,1
NCT00591851,PHASE2,70,ACTUAL,2004-12,2008-06,OTHER,1,1,1
NCT02787551,PHASE3,514,ACTUAL,2016-07-06,2018-05-25,INDUSTRY,1,124,9
NCT01551953,PHASE2,124,ACTUAL,2011-02,2016-04,OTHER,1,2,1
NCT00016653,PHASE2|PHASE3,48,,2000-06,,NETWORK,1,1,1
NCT03852537,PHASE2,44,ACTUAL,2019-12-02,2020-11-17,OTHER,1,1,1
NCT00787345,PHASE3,50,ESTIMATED,2008-05,2010-07,OTHER,1,2,1
NCT04857645,PHASE2,57,ACTUAL,2021-06-22,2024-04-30,OTHER,2,12,1
NCT02184572,PHASE3,1742,ACTUAL,2014-08-25,2015-08-14,INDUSTRY,2,95,5
NCT04000139,PHASE2,48,ACTUAL,2019-04-01,2021-03-11,OTHER,1,6,1
NCT01637077,PHASE2,46,ACTUAL,2012-01,2013-11,OTHER,2,6,1
NCT00002577,PHASE1|PHASE2,36,ESTIMATED,1995-07,2003-01,NETWORK,1,242,2
NCT00459277,PHASE3,73,ACTUAL,2006-12,2008-07,INDUSTRY,1,1,1
NCT00684775,PHASE2,38,ACTUAL,2008-05,2010-04-30,OTHER,1,1,1
NCT00916175,PHASE2|PHASE3,125,ACTUAL,2008-10,2008-12,OTHER,1,2,1
NCT05190575,PHASE2,8,ACTUAL,2022-01-14,2023-05-06,OTHER,1,1,1
NCT01971775,PHASE3,56,ACTUAL,2011-08,2013-05,OTHER,1,1,1
NCT00264875,PHASE3,220,ACTUAL,2006-02,2008-02,INDUSTRY,2,37,2
NCT04534075,PHASE3,354,ACTUAL,2020-09-02,2024-09-14,OTHER,10,1,1
NCT00080457,PHASE3,240,,2003-05,,INDUSTRY,1,1,1
NCT00275457,PHASE3,346,,2002-10,2004-04,INDUSTRY,1,34,5
NCT00426101,PHASE3,368,ACTUAL,2004-01,2011-12,OTHER,1,1,1
NCT02709512,PHASE2|PHASE3,249,ACTUAL,2017-08-01,2022-08-15,INDUSTRY,1,45,5
NCT02180412,PHASE2,20,ACTUAL,2014-04-28,2022-02-03,OTHER,1,1,1
NCT00312130,PHASE3,20,,2005-04,2006-11,INDUSTRY,1,1,1
NCT06409130,PHASE2,270,ACTUAL,2024-05-20,2025-11-21,INDUSTRY,1,102,14
NCT00530530,PHASE2,474,ACTUAL,2007-09,2009-01,INDUSTRY,1,6,1
NCT00615030,PHASE3,96,ACTUAL,2008-01,2008-07,INDUSTRY,1,7,3
NCT02473328,PHASE2,90,ACTUAL,2015-06,2017-12,OTHER,1,1,1
NCT00130195,PHASE2,100,ACTUAL,2002-09,2008-02,OTHER,1,1,1
NCT00227695,PHASE3,270,ACTUAL,2004-06-08,2013-05-03,OTHER,1,26,7
NCT01074294,PHASE2,740,ACTUAL,2010-03-16,2011-06-20,INDUSTRY,1,35,1
NCT05718466,PHASE3,35,ACTUAL,2010-11,2016-12,OTHER,1,1,1
NCT00551551,PHASE3,280,ACTUAL,2007-11,2011-09,OTHER,3,5,1
NCT01289431,PHASE2,236,ACTUAL,2011-02,2011-04,INDUSTRY,1,1,1
NCT00330902,PHASE3,104,ACTUAL,2004-01,,OTHER,1,1,1
NCT00426153,PHASE2|PHASE3,42,ACTUAL,2007-01,2008-10,OTHER,6,1,1
NCT00826137,PHASE3,200,ACTUAL,2008-12,2009-12,OTHER,1,1,1
NCT04466137,PHASE3,398,ACTUAL,2020-10-16,2021-06-24,INDUSTRY,1,1,1
NCT02393937,PHASE3,963,ACTUAL,2015-02,2015-07,INDUSTRY,2,27,1
NCT04595045,PHASE3,84,ACTUAL,2019-01-24,2022-07-28,OTHER,1,2,1
NCT04581395,PHASE3,300,ACTUAL,2020-10-02,2023-04-25,OTHER,1,1,1
NCT04405739,PHASE2,71,ACTUAL,2020-06-16,2022-02-21,INDUSTRY,1,11,1
NCT00140075,PHASE3,606,ACTUAL,2000-11,2006-08,INDUSTRY,1,54,1
NCT00506857,PHASE1|PHASE2,82,ACTUAL,2003-11,2011-08,OTHER,1,1,1
NCT02364557,PHASE2|PHASE3,129,ACTUAL,2014-12-24,2021-12-20,OTHER,9,162,4
NCT00128401,PHASE2,48,ACTUAL,2005-08,2012-06,NIH,3,1,1
NCT03476330,PHASE2,48,ACTUAL,2018-05-08,2025-03-06,OTHER,2,1,1
NCT01796028,PHASE2,100,ACTUAL,2013-01,2015-12,OTHER,1,1,1
NCT02459028,PHASE2,168,ACTUAL,2015-05,2016-01,NETWORK,2,1,1
NCT01896700,PHASE2|PHASE3,24,ACTUAL,2013-07,2016-04,OTHER,1,1,1
NCT01385800,PHASE2,280,ESTIMATED,2011-08,2013-07,INDUSTRY,2,1,1
NCT04551300,PHASE2,158,ACTUAL,2020-10-13,2022-06-30,INDUSTRY,1,23,1
NCT01601600,PHASE2,40,ACTUAL,2012-01,2013-12,INDUSTRY,1,5,1
NCT00362336,PHASE3,622,ACTUAL,2006-08,2008-05,INDUSTRY,5,2,1
NCT04080544,PHASE2,125,ACTUAL,2019-01-15,2022-06-30,OTHER,2,1,1
NCT02488044,PHASE1|PHASE2,16,ACTUAL,2016-06,2019-02,INDUSTRY,2,9,4
NCT00368134,PHASE3,370,,2006-08,,INDUSTRY,1,1,1
NCT04447534,PHASE3,191,ACTUAL,2020-06-23,2020-07-15,OTHER,1,1,1
NCT01079234,PHASE3,493,ACTUAL,2010-03,2010-11,INDUSTRY,2,82,7
NCT01743651,PHASE3,353,ACTUAL,2012-11,2014-04,INDUSTRY,2,48,3
NCT00240929,PHASE2,150,ACTUAL,2002-09,,INDUSTRY,1,1,1
NCT01552629,PHASE2,22,ACTUAL,2012-01-05,2013-08-28,INDUSTRY,1,4,3
NCT02716129,PHASE2,80,ACTUAL,2016-07,2017-10,OTHER,1,1,1
NCT01188629,PHASE2,475,ACTUAL,2007-07,2011-02,OTHER,2,1,1
NCT04675931,PHASE2,254,ACTUAL,2022-03-07,2025-07-24,INDUSTRY,1,9,7
NCT02477631,PHASE2,19,ACTUAL,2016-02,2017-05,OTHER_GOV,2,1,1
NCT00876031,PHASE3,195,ACTUAL,2009-07-01,2022-06-30,OTHER,1,87,5
NCT04720131,PHASE2,28,ACTUAL,2021-01-01,2023-04-30,OTHER,4,1,1
NCT02538302,PHASE3,66,ACTUAL,2013-07,2015-07,OTHER,1,1,1
NCT00074802,PHASE3,150,ACTUAL,2003-12,2008-05,OTHER,1,2,1
NCT03898102,PHASE2,65,ACTUAL,2016-03,2019-03,OTHER,1,0,0
NCT02279953,PHASE3,151,ACTUAL,2014-10,2016-04,INDUSTRY,1,17,5
NCT01889537,PHASE2,3,ACTUAL,2012-07,2015-06,NIH,1,1,1
NCT03965637,PHASE3,80,ACTUAL,2019-08-23,2020-01-30,OTHER,1,1,1
NCT00167245,PHASE2,170,ACTUAL,2004-09,2010-03,OTHER,2,1,1
NCT01072045,PHASE2,50,ACTUAL,2010-01,2014-12,OTHER,1,1,1
NCT03537495,PHASE2,36,ACTUAL,2021-06-21,2023-03-01,OTHER,2,1,1
NCT04442295,PHASE1|PHASE2,62,ACTUAL,2020-06-29,2023-11-14,INDUSTRY,1,18,1
NCT00552695,PHASE2,45,ACTUAL,2007-08,2008-01,OTHER,1,1,1
NCT00665639,PHASE3,454,ACTUAL,2004-06,2004-12,INDUSTRY,1,31,4
NCT00002639,PHASE2,,,1995-07,,OTHER,1,1,1
NCT00470977,PHASE1|PHASE2,18,ACTUAL,2007-05,2010-12,OTHER,10,2,1
NCT00179257,PHASE3,20,,2004-06,,OTHER,1,0,0
NCT06585319,PHASE2|PHASE3,36,ACTUAL,2020-02-01,2021-06-30,OTHER,1,1,1
NCT04889430,PHASE3,34,ACTUAL,2022-01-17,2026-04-11,INDUSTRY,1,36,8
NCT00262028,PHASE2,910,ACTUAL,2005-04,2006-11,INDUSTRY,1,1,1
NCT00193128,PHASE1|PHASE2,59,ACTUAL,2004-04,2008-02,OTHER,1,7,1
NCT02503865,PHASE1|PHASE2,351,ACTUAL,2003-01,2008-12,OTHER,1,1,1
NCT00670267,PHASE1|PHASE2,10,ACTUAL,2007-01,2009-05,INDUSTRY,1,1,1
NCT00004767,PHASE2,20,,1985-01,,NIH,1,0,0
NCT03593200,PHASE2,4,ACTUAL,2018-08-16,2019-10-22,INDUSTRY,1,3,2
NCT02773407,PHASE3,330,ACTUAL,2016-05-23,2019-08-04,OTHER,1,2,1
NCT05973292,PHASE2,40,ACTUAL,2021-04-01,2022-04-01,OTHER,2,1,1
NCT03882892,PHASE3,400,ESTIMATED,2001-02-02,2002-08-08,INDUSTRY,1,0,0
NCT05133336,PHASE2|PHASE3,196,ACTUAL,2022-04-01,2025-04-30,INDUSTRY,1,57,4
NCT02496611,PHASE2,100,ACTUAL,2015-12,2020-08-14,OTHER,1,1,1
NCT00781911,PHASE2,43,ACTUAL,2009-02,2011-07,INDUSTRY,2,10,1
NCT00198471,PHASE2,10,,2005-07,2006-11,INDUSTRY,2,4,1
NCT07418671,PHASE2,66,ACTUAL,2025-05-01,2025-11-01,OTHER,3,1,1
NCT00293644,PHASE3,76,ACTUAL,2006-02,2012-06,OTHER,2,1,1
NCT02606305,PHASE1|PHASE2,264,ACTUAL,2016-03-02,2021-03-12,INDUSTRY,3,12,4
NCT02804594,PHASE2,15,ACTUAL,2016-10-01,2018-06-01,OTHER,2,1,1
NCT02559622,PHASE3,151,ACTUAL,2014-04,2016-04,INDUSTRY,1,23,1
NCT04546022,PHASE1|PHASE2,210,ACTUAL,2007-07-05,2007-08-12,OTHER,1,0,0
NCT02383251,PHASE2,118,ACTUAL,2015-06-15,2019-08,OTHER,1,36,1
NCT03401229,PHASE3,413,ACTUAL,2018-01-15,2020-07-31,INDUSTRY,1,99,8
NCT03448731,PHASE2,34,ACTUAL,2018-05-10,2020-04-06,OTHER,1,8,1
NCT00535431,PHASE2,32,ACTUAL,2005-12,,INDUSTRY,1,1,1
NCT02799602,PHASE3,1306,ACTUAL,2016-11-30,2021-10-25,INDUSTRY,1,322,23
NCT00264537,PHASE3,637,ACTUAL,2005-12,2008-04,INDUSTRY,1,75,21
NCT01081795,PHASE2,387,ACTUAL,2007-04,2009-01,INDUSTRY,1,29,1
NCT03597295,PHASE2,94,ACTUAL,2018-10-08,2020-06-08,INDUSTRY,1,46,9
NCT04056039,PHASE2,60,ACTUAL,2018-08-14,2019-06-14,OTHER,2,1,1
NCT01911975,PHASE3,25,ACTUAL,2014-09,2017-05,OTHER,1,1,1
NCT03945357,PHASE3,250,ACTUAL,2019-05-15,2023-01-09,OTHER,1,1,1
NCT02827201,PHASE2,127,ACTUAL,2015-11,2017-12,OTHER,1,37,1
NCT04317430,PHASE3,60,ACTUAL,2020-02-01,2022-04-01,OTHER,1,1,1
NCT01747330,PHASE3,40,ACTUAL,2012-06,2012-12,INDUSTRY,1,9,1
NCT00000230,PHASE2,0,,1995-01,,OTHER,1,1,1
NCT01585428,PHASE2,29,ACTUAL,2012-04-13,2016-04-09,NIH,5,1,1
NCT00891267,PHASE3,60,ESTIMATED,2008-10,2011-04,INDUSTRY,2,1,1
NCT03627065,PHASE2,10,ACTUAL,2019-02-28,2019-12-07,INDUSTRY,1,4,1
NCT00004467,PHASE3,173,ACTUAL,1998-06,2006-11,NIH,1,25,1
NCT00135967,PHASE2|PHASE3,30,,2002-05,,OTHER,1,1,1
NCT05288400,PHASE3,150,ACTUAL,2018-05-14,2018-12-18,INDUSTRY,1,15,1
NCT00105807,PHASE2,120,ESTIMATED,2002-07,,FED,1,1,1
NCT01143792,PHASE2,270,ACTUAL,2006-09,2010-12,OTHER,1,1,1
NCT03303092,PHASE2|PHASE3,357,ACTUAL,2017-12-19,2019-11-22,INDUSTRY,1,1,1
NCT00151892,PHASE3,829,ACTUAL,2005-04-08,2009-09-07,INDUSTRY,1,142,28
NCT00748436,PHASE2,187,ACTUAL,2008-09,2009-04,INDUSTRY,1,12,3
NCT02890511,PHASE1|PHASE2,28,ACTUAL,2010-08,2012-10,INDUSTRY,2,1,1
NCT03837171,PHASE3,192,ACTUAL,2019-03-24,2024-02-28,OTHER,3,20,1
NCT00615251,PHASE3,1297,ACTUAL,2008-02,2009-08,INDUSTRY,1,29,1
NCT01442129,PHASE2,30,ACTUAL,2012-04,2013-03,OTHER,3,11,1
NCT01576029,PHASE2,2,ACTUAL,2012-08,2013-12,INDUSTRY,1,8,1
NCT02865031,PHASE1|PHASE2,15,ACTUAL,2015-08,2016-07,OTHER,1,1,1
NCT00406302,PHASE2,41,ACTUAL,2007-01,2011-06,OTHER,1,7,1
NCT00292253,PHASE3,1883,ACTUAL,2001-01,2002-12,INDUSTRY,1,0,0
NCT01568437,PHASE3,70,ACTUAL,2012-01,2013-01,OTHER,3,1,1
NCT00610272,PHASE3,650,ACTUAL,2008-01,2012-04,OTHER_GOV,2,12,11
NCT01601639,PHASE3,30,ACTUAL,2012-09,2013-07,OTHER,1,2,1
NCT03524339,PHASE2|PHASE3,132,ACTUAL,2018-08-01,2020-06-09,OTHER,4,2,1
NCT01821677,PHASE2,354,ACTUAL,2013-02-26,2014-10-30,INDUSTRY,1,0,0
NCT01280201,PHASE2,44,ACTUAL,2011-01-26,2013-04,OTHER,1,10,1
NCT00840801,PHASE3,302,ACTUAL,2009-02-06,2010-05-20,INDUSTRY,1,8,2
NCT03115112,PHASE3,386,ACTUAL,2017-10-12,2018-10-31,INDUSTRY,1,56,6
NCT02434419,PHASE3,45,ACTUAL,2014-01,2015-04,OTHER,1,0,0
NCT04321330,PHASE2,34,ACTUAL,2020-08-07,2023-07-16,INDUSTRY,1,10,1
NCT01284530,PHASE1|PHASE2,30,ACTUAL,2011-01,2012-06,INDUSTRY,1,10,1
NCT00674765,PHASE2,156,ACTUAL,2008-01,2013-01,OTHER,1,1,1
NCT00254267,PHASE2,35,ACTUAL,2005-11,2007-02,INDUSTRY,1,0,0
NCT00537407,PHASE2,50,ACTUAL,2007-09,2010-04,INDUSTRY,1,7,1
NCT00014092,PHASE2,,,1999-12,,OTHER,1,3,1
NCT07444892,PHASE2,230,ACTUAL,2022-04-18,2025-11-17,OTHER,1,1,1
NCT00735007,PHASE3,106,ACTUAL,2008-07,2009-01,INDUSTRY,1,6,6
NCT00827892,PHASE2,84,ACTUAL,2009-03,2013-04,OTHER,1,1,1
NCT04918771,PHASE3,435,ACTUAL,2021-04-29,2023-07-21,INDUSTRY,1,29,1
NCT00947271,PHASE3,1010,ACTUAL,2009-10,2014-06,OTHER,3,1,1
NCT02862171,PHASE3,941,ACTUAL,2016-07-12,2019-01-11,INDUSTRY,1,6,2
NCT04218071,PHASE2,17,ACTUAL,2020-08-20,2022-10-13,INDUSTRY,1,9,1
NCT04769271,PHASE2,30,ACTUAL,2019-11-10,2020-08-15,OTHER,1,1,1
NCT00718744,PHASE2,30,ACTUAL,2008-06,2008-11,INDUSTRY,2,1,1
NCT00109044,PHASE3,540,,2005-03,2006-05,INDUSTRY,1,18,1
NCT02411344,PHASE2,64,ACTUAL,2014-02,2018-01-12,OTHER,1,8,1
NCT01933464,PHASE1|PHASE2,10,ACTUAL,2013-08,2014-02,OTHER,1,1,1
NCT01848964,PHASE1|PHASE2,80,ACTUAL,2013-04,2014-05,OTHER,1,1,1
NCT00373464,PHASE3,126,,2006-03,,OTHER,4,1,1
NCT01416064,PHASE2,78,ACTUAL,2011-09,2013-01,INDUSTRY,1,28,1
NCT03174964,PHASE2,50,ACTUAL,2016-07-20,2017-02-10,OTHER,1,1,1
NCT00049764,PHASE3,474,ACTUAL,2002-11,,INDUSTRY,1,49,11
NCT06192264,PHASE3,480,ACTUAL,2024-01-23,2025-05-19,INDUSTRY,1,41,1
NCT00406809,PHASE1|PHASE2,81,ACTUAL,2006-11,2016-10,INDUSTRY,6,12,2
NCT05325853,PHASE3,61,ACTUAL,2022-04-06,2022-05-27,INDUSTRY,1,1,1
NCT00163345,PHASE3,20,,2003-09,2006-05,INDUSTRY,1,1,1
NCT00363545,PHASE3,1274,ACTUAL,2006-09-01,2007-04-12,INDUSTRY,1,3,1
NCT02315872,PHASE3,8,ACTUAL,2015-05-22,2017-06-20,OTHER,1,5,1
NCT02701595,PHASE3,324,ACTUAL,2016-02-29,2023-02-24,OTHER,1,45,1
NCT04322539,PHASE3,691,ACTUAL,2020-08-12,2022-07-29,INDUSTRY,2,153,14
NCT02216357,PHASE2,19,ACTUAL,2014-08,2016-01,INDUSTRY,1,3,1
NCT04924101,PHASE2,126,ACTUAL,2021-07-15,2025-06-23,INDUSTRY,1,49,11
NCT05817812,PHASE3,93,ACTUAL,2023-07-31,2026-06-02,INDUSTRY,1,30,14
NCT00855530,PHASE3,527,ACTUAL,2005-09,2007-07,INDUSTRY,1,11,11
NCT02846428,PHASE2,182,ACTUAL,2004-03,2011-12,INDUSTRY,1,21,1
NCT01959828,PHASE3,18,ACTUAL,2013-09,2014-03,INDUSTRY,2,7,1
NCT00321828,PHASE2,90,ACTUAL,2006-03,2009-11,NETWORK,1,163,1
NCT00982228,PHASE3,629,ACTUAL,2009-09-01,2010-11-08,INDUSTRY,2,91,6
NCT03392428,PHASE2,201,ACTUAL,2018-01-29,2019-12-31,OTHER,2,11,1
NCT01164228,PHASE2,87,ACTUAL,2010-09-17,2020-03-30,NETWORK,1,99,1
NCT02203565,PHASE2,20,ACTUAL,2014-07,2016-07-07,OTHER,2,1,1
NCT00473265,PHASE2|PHASE3,68,ACTUAL,2004-05,2011-01,OTHER,1,1,1
NCT04674800,PHASE3,52,ACTUAL,2020-11-23,2022-04-20,INDUSTRY,1,15,1
NCT03051100,PHASE2,63,ACTUAL,2017-01-19,2017-06-01,INDUSTRY,1,11,1
NCT01082367,PHASE3,50,ACTUAL,2010-04,2015-06,INDUSTRY,1,19,10
NCT02958267,PHASE2,32,ACTUAL,2016-12,2018-08,OTHER,1,1,1
NCT00995800,PHASE2,46,ACTUAL,2009-10,2010-07,INDUSTRY,1,1,1
NCT00202800,PHASE2,40,ESTIMATED,2002-03,2007-09,OTHER,1,1,1
NCT05570292,PHASE3,40,ACTUAL,2022-10-10,2023-04-20,OTHER,1,1,1
NCT01687192,PHASE2,37,ESTIMATED,2012-10-11,2015-05,OTHER,3,9,1
NCT00150436,PHASE3,276,,2002-02,,INDUSTRY,1,0,0
NCT04379336,PHASE3,1000,ACTUAL,2020-05-04,2022-01-02,OTHER,2,1,1
NCT03763136,PHASE1|PHASE2,20,ACTUAL,2021-10-08,2024-04-30,INDUSTRY,1,1,1
NCT04411836,PHASE3,960,ACTUAL,2021-04-25,2024-09-30,OTHER,4,6,4
NCT02746211,PHASE1|PHASE2,24,ACTUAL,2008-01,2008-12,INDUSTRY,1,1,1
NCT01082211,PHASE2,65,ACTUAL,2010-06,2014-11,NETWORK,1,58,2
NCT02451371,PHASE1|PHASE2,10,ACTUAL,2016-08,2016-12,OTHER,1,1,1
NCT03965871,PHASE2,88,ACTUAL,2019-03-28,2021-01-03,INDUSTRY,1,12,1
NCT00736944,PHASE2,30,ACTUAL,2008-12-19,2010-08-31,OTHER,1,1,1
NCT00372944,PHASE2,70,ACTUAL,2006-08,2008-04,INDUSTRY,1,17,5
NCT00624845,PHASE2|PHASE3,200,ESTIMATED,2007-12,2009-05,INDUSTRY,1,8,1
NCT02414945,PHASE1|PHASE2,9,ACTUAL,2015-05-15,2020-10,OTHER,1,1,1
NCT01225445,PHASE3,60,ACTUAL,2002-04,2010-06,OTHER,4,1,1
NCT00225095,PHASE1|PHASE2,60,ACTUAL,2005-09,2008-04,INDUSTRY,1,8,1
NCT02587195,PHASE3,5,ACTUAL,2015-12-18,2020-08-31,OTHER,1,5,1
NCT05276375,PHASE2,21,ACTUAL,2022-01-14,2023-06-30,OTHER,1,1,1
NCT03976401,PHASE2,110,ACTUAL,2019-05-28,2021-02-10,INDUSTRY,1,27,2
NCT01187212,PHASE2,195,ACTUAL,2010-08,2013-11,OTHER,2,1,1
NCT00325312,PHASE2,114,,2001-01,,OTHER_GOV,1,1,1
NCT05173012,PHASE2,146,ACTUAL,2022-01-05,2024-05-02,INDUSTRY,1,51,1
NCT03249181,PHASE3,268,ACTUAL,2018-01-22,2020-10-20,OTHER,2,2,2
NCT00002719,PHASE3,500,ESTIMATED,1995-12,2001-11,NETWORK,2,1,1
NCT02037230,PHASE1|PHASE2,34,ACTUAL,2014-01,2018-08,OTHER,1,1,1
NCT00038428,PHASE2,40,,2001-06,2005-07,INDUSTRY,1,3,1
NCT02206100,PHASE1|PHASE2,40,ACTUAL,2014-04,2014-08,INDUSTRY,1,1,1
NCT00529100,PHASE1|PHASE2,49,ACTUAL,2005-12,2010-08,INDUSTRY,1,4,1
NCT04444700,PHASE3,465,ACTUAL,2020-07-04,2021-05-10,OTHER,5,1,1
NCT02624336,PHASE2,14,ACTUAL,2015-02,2015-06,OTHER,1,0,0
NCT02516111,PHASE2|PHASE3,120,ACTUAL,2014-09,2015-05,OTHER,1,0,0
NCT02564211,PHASE3,77,ACTUAL,2015-10-26,2017-03-07,INDUSTRY,1,0,0
NCT00197444,PHASE2,33,ACTUAL,2003-01,2008-09,OTHER,2,1,1
NCT04214444,PHASE3,26,ACTUAL,2020-07-03,2024-05-14,OTHER,2,1,1
NCT02806544,PHASE2,35,ACTUAL,2013-01,2014-09,OTHER,2,0,0
NCT00075764,PHASE3,695,ACTUAL,2004-04,2012-12,NETWORK,1,426,2
NCT00139295,PHASE3,,,2004-10,,INDUSTRY,1,24,5
NCT01639339,PHASE3,448,ACTUAL,2012-07-12,2019-07-25,INDUSTRY,1,118,21
NCT02943577,PHASE3,429,ACTUAL,2016-11-02,2018-10-26,INDUSTRY,1,40,1
NCT00784875,PHASE2,643,ACTUAL,2008-10,2010-02,INDUSTRY,2,49,1
NCT00470457,PHASE2,156,ACTUAL,2001-06,,OTHER,1,1,1
NCT00610857,PHASE2,37,ACTUAL,2006-11,2015-01,OTHER,1,1,1
NCT01283581,PHASE2,256,ACTUAL,2011-01,2011-11,INDUSTRY,1,31,1
NCT01120119,PHASE2,,,,,OTHER,1,5,1
NCT03876119,PHASE2|PHASE3,121,ACTUAL,2018-12-05,2021-05-31,OTHER,1,7,1
NCT00729430,PHASE3,358,ACTUAL,2008-08,2013-10,OTHER,2,1,1
NCT01582230,PHASE3,293,ACTUAL,2012-04,2013-05,INDUSTRY,1,21,4
NCT01939730,PHASE2,42,ACTUAL,1999-08,2006-12,OTHER,1,1,1
NCT00087165,PHASE2,22,ACTUAL,2005-01,2006-09,OTHER,1,5,1
NCT02389400,PHASE2,43,ACTUAL,2014-01,2017-09,OTHER,1,1,1
NCT07253207,PHASE3,392,ACTUAL,2024-10-17,2025-06-13,INDUSTRY,1,28,1
NCT02843607,PHASE1|PHASE2,30,ACTUAL,2016-07-01,2017-07-01,OTHER,1,1,1
NCT00884507,PHASE2,389,ACTUAL,2009-05,2010-11,INDUSTRY,1,67,13
NCT04505592,PHASE2,13,ACTUAL,2020-09-25,2022-03-10,OTHER,3,1,1
NCT00856492,PHASE2,215,ACTUAL,2010-04,2015-10,NETWORK,1,366,2
NCT01683292,PHASE2,29,ACTUAL,2006-01,2006-06,OTHER,1,1,1
NCT01242592,PHASE2,56,ACTUAL,2005-02,,OTHER,1,1,1
NCT00567736,PHASE3,150,ACTUAL,2007-08,2009-01,OTHER,1,1,1
NCT01343836,PHASE2|PHASE3,90,ACTUAL,2011-04,2014-06,OTHER,3,1,1
NCT01093807,PHASE2,1039,ACTUAL,2010-03,2011-03,INDUSTRY,1,1,1
NCT00372671,PHASE3,60,,2005-06,2005-08,OTHER,4,1,1
NCT04513171,PHASE2|PHASE3,434,ACTUAL,2018-12-26,2023-06-07,INDUSTRY,1,1,1
NCT01225744,PHASE2,47,ACTUAL,2009-04,2013-05,OTHER,1,3,1
NCT00459771,PHASE3,210,ACTUAL,2007-06,2013-12,OTHER,1,19,1
NCT03490344,PHASE2,10,ACTUAL,2018-05-03,2023-03-23,OTHER,1,7,1
NCT01472757,PHASE2|PHASE3,374,ACTUAL,2011-10,2013-05,INDUSTRY,1,82,5
NCT02789657,PHASE2,32,ACTUAL,2016-11-21,2019-11-14,OTHER,1,2,1
NCT03390101,PHASE3,213,ACTUAL,2017-12-26,2018-07-30,INDUSTRY,1,1,1
NCT00460512,PHASE3,1814,ACTUAL,2007-04-25,2009-01-22,INDUSTRY,1,231,22
NCT01527981,PHASE2,9,ACTUAL,2008-03,2010-11,OTHER,2,1,1
NCT00813319,PHASE3,216,ACTUAL,2009-10,2012-11,OTHER,1,2,1
NCT01106430,PHASE3,267,ACTUAL,2010-06-28,2012-07-19,INDUSTRY,1,64,10
NCT03651128,PHASE3,386,ACTUAL,2019-04-16,2026-04-13,INDUSTRY,1,62,13
NCT00881530,PHASE2,660,ACTUAL,2009-03,2011-05,INDUSTRY,1,137,21
NCT03198728,PHASE3,314,ACTUAL,2017-07-05,2020-05-01,INDUSTRY,1,36,1
NCT02630628,PHASE3,130,ACTUAL,2015-12-05,2024-12-27,OTHER,1,1,1
NCT02566265,PHASE2,122,ACTUAL,2015-09,2017-10,OTHER,5,1,1
NCT00631007,PHASE2,367,ACTUAL,2008-02,2009-08,INDUSTRY,1,66,2
NCT04893707,PHASE2,127,ACTUAL,2021-06-07,2023-02-03,INDUSTRY,1,1,1
NCT01259492,PHASE3,725,ACTUAL,2010-11,2012-08,INDUSTRY,1,68,9
NCT01298492,PHASE2,268,ACTUAL,2011-07-01,2016-07-27,INDUSTRY,1,112,15
NCT04554836,PHASE2,6,ACTUAL,2020-12-29,2024-06-11,OTHER,2,4,1
NCT02296411,PHASE2,98,ACTUAL,2014-11-21,2015-08-13,INDUSTRY,1,28,5
NCT00152971,PHASE3,2615,ACTUAL,2004-11,2006-06,INDUSTRY,2,94,4
NCT00000871,PHASE2,420,,,,NIH,1,18,1
NCT04172571,PHASE2,31,ACTUAL,2018-11-22,2022-06-01,INDUSTRY,1,1,1
NCT00366171,PHASE3,120,,2006-11,,INDUSTRY,1,83,1
NCT00283244,PHASE2,147,ACTUAL,2006-03,2014-09,OTHER,1,11,1
NCT00996034,PHASE2,14,ACTUAL,2009-09,2011-02,OTHER,1,1,1
NCT01414634,PHASE1|PHASE2,9,ACTUAL,2010-02,2012-10,OTHER,1,0,0
NCT06121934,PHASE3,250,ACTUAL,2023-10-01,2023-12-20,OTHER,1,1,1
NCT00976495,PHASE2,154,ACTUAL,2009-10,2010-11,INDUSTRY,1,12,3
NCT00811395,PHASE2,182,ACTUAL,2007-10,2010-04,INDUSTRY,1,7,7
NCT02965495,PHASE1|PHASE2,30,ESTIMATED,2016-11,2017-09,INDUSTRY,1,1,1
NCT01753739,PHASE2,617,ACTUAL,2013-01,2013-02,INDUSTRY,1,1,1
NCT01986075,PHASE1|PHASE2,145,ACTUAL,2014-01,2021-01,OTHER,1,1,1
NCT03719612,PHASE3,160,ACTUAL,2018-12-28,2020-01-09,INDUSTRY,1,15,1
NCT06259981,PHASE2,75,ACTUAL,2024-05-20,2024-10-23,INDUSTRY,1,5,1
NCT02374281,PHASE3,180,ACTUAL,2014-12,2015-04,OTHER,2,1,1
NCT00312481,PHASE2,65,ACTUAL,2005-07,,INDUSTRY,1,1,1
NCT02314481,PHASE2,50,ACTUAL,2017-05-12,2025-11-30,OTHER,1,1,1
NCT00076219,PHASE3,1124,ACTUAL,2003-10,2007-09,FED,1,22,1
NCT00165230,PHASE2,32,,2002-05,2006-07,OTHER,1,3,1
NCT02464228,PHASE2,65,ACTUAL,2016-02-25,2021-03-31,INDUSTRY,1,13,3
NCT00098228,PHASE2,686,ACTUAL,2004-07,2004-12,INDUSTRY,1,54,1
NCT00121628,PHASE2,184,ACTUAL,2005-07,2006-11,INDUSTRY,1,0,0
NCT00005928,PHASE2,25,,2000-06,,NIH,3,1,1
NCT00620165,PHASE1|PHASE2,10,ACTUAL,2005-01,2008-03,OTHER,1,1,1
NCT00482430,PHASE2,50,ACTUAL,2007-09,2008-10,INDUSTRY,2,0,0
NCT06470828,PHASE3,168,ACTUAL,2024-07-02,2025-06-03,INDUSTRY,1,53,11
NCT02716428,PHASE2,25,ACTUAL,2016-05,2017-09,INDUSTRY,4,6,2
NCT00280228,PHASE2,36,ESTIMATED,2006-01,2009-05,OTHER,4,1,1
NCT03317067,PHASE3,168,ACTUAL,2017-12-21,2021-05-21,OTHER,2,1,1
NCT05194007,PHASE2|PHASE3,13,ACTUAL,2022-02-19,2024-11-19,OTHER,3,2,1
NCT00918307,PHASE3,248,ACTUAL,2009-10,2014-01,OTHER_GOV,2,1,1
NCT06544707,PHASE3,81,ACTUAL,2024-10-15,2025-01-30,INDUSTRY,1,1,1
NCT04087707,PHASE2,23,ACTUAL,2019-09-17,2019-11-30,INDUSTRY,1,1,1
NCT00114192,PHASE2,37,ESTIMATED,2004-06,2007-06,OTHER,1,1,1
NCT00431392,PHASE2,42,,2001-09,,OTHER,2,1,1
NCT02556736,PHASE1|PHASE2,14,ACTUAL,2015-12-14,2020-06-01,INDUSTRY,1,4,1
NCT00076011,PHASE2,52,ACTUAL,2003-10,2007-02,INDUSTRY,1,9,3
NCT00128011,PHASE2,150,,2005-05,,OTHER,1,1,1
NCT02933034,PHASE1|PHASE2,33,ACTUAL,2015-04,2019-02-03,OTHER,1,1,1
NCT03499834,PHASE2,26,ACTUAL,2017-12-05,2020-02-16,INDUSTRY,1,2,1
NCT00558064,PHASE3,531,ACTUAL,2007-10,2008-09,INDUSTRY,1,41,1
NCT00500864,PHASE1|PHASE2,24,ACTUAL,2004-08,2007-11,OTHER,1,1,1
NCT01156857,PHASE3,209,ACTUAL,2010-07,2011-11,INDUSTRY,1,23,4
NCT04853901,PHASE3,77,ACTUAL,2020-07-27,2021-01-01,OTHER,1,1,1
NCT03668119,PHASE2,212,ACTUAL,2018-10-31,2022-05-03,INDUSTRY,1,60,17
NCT04049630,PHASE2,255,ACTUAL,2021-01-16,2021-04-24,OTHER_GOV,2,1,1
NCT00327600,PHASE1|PHASE2,68,ACTUAL,2005-07,2007-01,INDUSTRY,1,11,1
NCT01000207,PHASE2|PHASE3,123,ACTUAL,2009-10,2009-12,INDUSTRY,1,1,1
NCT03007407,PHASE2,33,ACTUAL,2017-07-31,2019-04-18,NETWORK,1,18,1
NCT02087007,PHASE3,100,ACTUAL,2013-11,2015-07,INDUSTRY,1,1,1
NCT01302392,PHASE3,315,ACTUAL,2010-09,2014-07,INDUSTRY,1,68,19
NCT02114892,PHASE2,24,ACTUAL,2012-04,2013-07,OTHER,1,1,1
NCT01258192,PHASE2,35,ACTUAL,2011-01,2012-10,OTHER,1,1,1
NCT06712836,PHASE2,239,ACTUAL,2024-10-09,2025-07-03,INDUSTRY,2,2,1
NCT04003636,PHASE3,1069,ACTUAL,2019-09-24,2022-12-15,INDUSTRY,1,185,24
NCT01412736,PHASE2,106,ACTUAL,2011-08,2013-07,INDUSTRY,1,29,2
NCT06663436,PHASE2,200,ACTUAL,2024-11-13,2025-10-21,INDUSTRY,1,1,1
NCT00935311,PHASE2,122,ACTUAL,2009-06,2009-08,INDUSTRY,1,3,1
NCT00261911,PHASE3,498,ACTUAL,2000-07,,INDUSTRY,1,0,0
NCT01108211,PHASE3,149,ACTUAL,2009-01,2011-12,OTHER,2,1,1
NCT02646371,PHASE2,67,ACTUAL,2015-12,2016-09,INDUSTRY,1,1,1
NCT00480571,PHASE2,90,ESTIMATED,2007-06,2007-12,INDUSTRY,2,2,2
NCT02066844,PHASE2,40,ACTUAL,2014-02,2014-08,INDUSTRY,1,1,1
NCT00279344,PHASE3,220,,2004-09,,INDUSTRY,1,0,0
NCT00906334,PHASE2,14,ACTUAL,2009-05,2013-11,INDUSTRY,1,1,1
NCT00171834,PHASE1|PHASE2,89,ACTUAL,2003-08,2008-09,INDUSTRY,1,4,1
NCT00990314,PHASE2,31,ACTUAL,2009-11-30,2013-11-30,INDUSTRY,1,17,6
NCT03190616,PHASE2,54,ACTUAL,2017-07-01,2019-06-30,OTHER,1,4,1
NCT01178216,PHASE1|PHASE2,41,ACTUAL,2013-09,2017-07-28,OTHER,1,1,1
NCT02980133,PHASE3,841,ACTUAL,2016-12-28,2019-04-07,INDUSTRY,1,118,5
NCT03004833,PHASE2,110,ACTUAL,2017-02-21,2022-08-22,OTHER,1,1,1
NCT00971152,PHASE3,366,ACTUAL,2009-09,2013-10,INDUSTRY,1,1,1
NCT02953652,PHASE2,55,ACTUAL,2016-11,2022-02-17,INDUSTRY,1,23,2
NCT05050149,PHASE2,12,ACTUAL,2022-01-13,2022-11-15,INDUSTRY,1,7,1
NCT01053949,PHASE2,84,ACTUAL,2009-10,2014-04,OTHER,1,19,1
NCT01510938,PHASE2,242,ACTUAL,2012-01,2012-05,OTHER,1,1,1
NCT06632158,PHASE2,268,ACTUAL,2024-05-01,2024-12-30,OTHER,3,1,1
NCT04147858,PHASE2,310,ACTUAL,2019-11-12,2022-06-16,INDUSTRY,1,42,1
NCT00107978,PHASE3,1035,ACTUAL,2005-02,2006-05,INDUSTRY,1,1,1
NCT00550043,PHASE2,50,ACTUAL,2007-10,2008-09,INDUSTRY,1,15,2
NCT01216943,PHASE3,126,ACTUAL,2010-11,2012-08,INDUSTRY,2,1,1
NCT05274815,PHASE3,305,ACTUAL,2022-05-17,2024-09-09,INDUSTRY,1,77,11
NCT02415335,PHASE2,119,ACTUAL,2015-04,2015-10,OTHER,1,2,1
NCT03889925,PHASE2|PHASE3,64,ACTUAL,2019-03-15,2022-10-17,OTHER,1,1,1
NCT00604825,PHASE2,356,ACTUAL,2007-07-17,2008-07-23,INDUSTRY,1,87,9
NCT02017717,PHASE3,529,ACTUAL,2014-02-07,2019-06-17,INDUSTRY,1,112,12
NCT01151189,PHASE2,650,ACTUAL,2011-07,2014-05,OTHER,2,2,2
NCT03431389,PHASE2|PHASE3,81,ACTUAL,2015-06-01,2016-05-31,OTHER,1,1,1
NCT05357989,PHASE3,523,ACTUAL,2022-08-03,2023-12-04,INDUSTRY,1,69,6
NCT00467389,PHASE2,12,ACTUAL,2007-02,2008-09,FED,1,1,1
NCT05239468,PHASE2,72,ACTUAL,2022-03-21,2025-09-01,INDUSTRY,1,26,4
NCT01882868,PHASE2,62,ACTUAL,2013-07,2015-08,INDUSTRY,1,19,1
NCT01074268,PHASE3,456,ACTUAL,2010-02,2010-12,INDUSTRY,2,69,8
NCT00181168,PHASE2,63,ACTUAL,2001-03,2003-09,OTHER,1,3,2
NCT05846568,PHASE3,1200,ACTUAL,2022-10-21,2023-09-06,INDUSTRY,1,1,1
NCT02495168,PHASE3,1714,ACTUAL,2017-01-13,2018-05-31,INDUSTRY,1,17,1
NCT05936268,PHASE2,106,ACTUAL,2023-07-21,2024-02-28,INDUSTRY,2,1,1
NCT01756716,PHASE2,49,ACTUAL,2012-12,2014-09,INDUSTRY,1,50,6
NCT00282204,PHASE2|PHASE3,448,ACTUAL,2005-12,2010-12,OTHER_GOV,2,1,1
NCT00351104,PHASE3,200,ACTUAL,2006-06,2007-02,OTHER,2,1,1
NCT05142514,PHASE2,629,ACTUAL,2021-11-11,2021-12-27,INDUSTRY,2,1,1
NCT00219804,PHASE3,,,,,INDUSTRY,1,0,0
NCT03487406,PHASE2,120,ACTUAL,2015-09,2017-11,OTHER,1,1,1
NCT01642004,PHASE3,272,ACTUAL,2012-10-16,2014-11-17,INDUSTRY,1,127,21
NCT04436133,PHASE2,480,ACTUAL,2020-06-20,2022-03-01,INDUSTRY,2,1,1
NCT00449033,PHASE3,904,ACTUAL,2007-02,2010-04,INDUSTRY,1,122,18
NCT00150449,PHASE3,511,,2001-01,,INDUSTRY,1,138,14
NCT02227238,PHASE3,627,ACTUAL,2014-12-11,2017-08-02,INDUSTRY,1,59,13
NCT03840148,PHASE3,661,ACTUAL,2019-08-07,2021-12-14,INDUSTRY,2,78,15
NCT00000926,PHASE3,4400,,,,NIH,1,1,1
NCT01335178,PHASE2,29,ACTUAL,2013-01,2015-09,OTHER,1,1,1
NCT04316143,PHASE2,33,ACTUAL,2019-06-03,2021-10-20,INDUSTRY,1,13,7
NCT00026143,PHASE2,60,ACTUAL,2001-10,2004-07,NIH,2,1,1
NCT00199043,PHASE3,80,ACTUAL,2003-05,2008-05,OTHER,2,1,1
NCT04641143,PHASE3,456,ACTUAL,2020-12-22,2025-10-27,INDUSTRY,1,73,1
NCT00485485,PHASE2,7,ACTUAL,2007-01,2010-03,OTHER,2,1,1
NCT03053115,PHASE2|PHASE3,160,ACTUAL,2017-03-14,2021-09-05,OTHER,1,1,1
NCT06135415,PHASE3,280,ACTUAL,2023-12-21,2025-04-30,INDUSTRY,1,35,5
NCT00033735,PHASE3,158,ACTUAL,2000-01,2003-06,INDUSTRY,1,1,1
NCT02487108,PHASE3,569,ACTUAL,2015-08-11,2016-03-30,INDUSTRY,1,8,1
NCT03154125,PHASE3,750,ACTUAL,2017-09-22,2020-05-30,OTHER,1,3,3
NCT02256917,PHASE3,58,ACTUAL,2015-05,2018-09,INDUSTRY,1,30,9
NCT02305940,PHASE3,222,ACTUAL,2014-07,2017-07-12,OTHER,1,3,1
NCT03053440,PHASE3,201,ACTUAL,2017-01-25,2022-06-21,INDUSTRY,1,58,12
NCT03229668,PHASE2|PHASE3,78,ACTUAL,2017-07-28,2019-12-31,OTHER,1,2,1
NCT00976768,PHASE2,44,ACTUAL,2004-10,2009-12,OTHER,1,1,1
NCT01773876,PHASE3,260,ACTUAL,2012-07,2015-02,OTHER,1,22,1
NCT03341117,PHASE3,21,ACTUAL,2014-12-02,2015-12-02,OTHER,2,0,0
NCT01193140,PHASE2,24,ACTUAL,2010-07,2011-11,INDUSTRY,1,2,1
NCT02057640,PHASE1|PHASE2,16,ACTUAL,2014-05-22,2018-05-15,OTHER,4,2,1
NCT01259089,PHASE1|PHASE2,38,ACTUAL,2011-04-27,2013-06-04,OTHER,2,2,1
NCT00992589,PHASE3,344,ACTUAL,2009-11,2011-11,INDUSTRY,1,81,10
NCT01268150,PHASE2,56,ACTUAL,2011-02,2012-03,INDUSTRY,2,17,1
NCT06214052,PHASE2,22,ACTUAL,2024-02-07,2024-06-12,INDUSTRY,1,17,5
NCT02515552,PHASE2,883,ACTUAL,2008-09,2011-08,OTHER,1,1,1
NCT02401347,PHASE2,21,ACTUAL,2015-08,2019-12-23,OTHER,3,1,1
NCT00722358,PHASE2,15,ACTUAL,2008-12,2009-12,INDUSTRY,1,5,2
NCT03682848,PHASE3,32,ACTUAL,2019-05-06,2021-12-01,INDUSTRY,1,8,3
NCT03187626,PHASE2|PHASE3,60,ACTUAL,2018-11-29,2021-02-16,OTHER,1,1,1
NCT01119326,PHASE1|PHASE2,14,ACTUAL,2010-04,2017-06,OTHER,1,3,1
NCT05174585,PHASE1|PHASE2,21,ACTUAL,2022-08-18,2025-05-09,INDUSTRY,1,6,1
NCT01639885,PHASE1|PHASE2,15,ACTUAL,2011-08,2014-01,OTHER,1,1,1
NCT02418585,PHASE3,236,ACTUAL,2015-08-07,2017-06-01,INDUSTRY,1,48,5
NCT00144235,PHASE3,412,,2005-03,2005-07,INDUSTRY,2,1,1
NCT02822508,PHASE2|PHASE3,434,ACTUAL,2016-06,2017-04,INDUSTRY,1,73,1
NCT00003008,PHASE2,33,ESTIMATED,1997-12-15,2006-06,NETWORK,1,1,1
NCT00504608,PHASE1|PHASE2,150,ACTUAL,2003-04,2004-04,INDUSTRY,1,0,0
NCT04617925,PHASE2,35,ACTUAL,2021-02-26,2025-07-17,NETWORK,1,6,6
NCT00079508,PHASE3,125,ACTUAL,2004-04,2005-10,INDUSTRY,2,1,1
NCT00333125,PHASE3,319,ACTUAL,2006-04,2007-02,INDUSTRY,2,0,0
NCT02054208,PHASE1|PHASE2,46,ACTUAL,2014-03,2019-12,INDUSTRY,1,1,1
NCT02762708,PHASE2,12,ACTUAL,2016-03,2018-01-06,OTHER,2,1,1
NCT00238108,PHASE2,16,ACTUAL,2005-10,2010-08,OTHER,2,1,1
NCT00303108,PHASE2,136,ACTUAL,2005-12,2010-03,INDUSTRY,1,57,1
NCT00452725,PHASE3,36,ACTUAL,1997-10,2010-07,INDUSTRY,1,1,1
NCT00471276,PHASE2,83,ACTUAL,2007-08,2010-06,INDUSTRY,1,31,1
NCT00250276,PHASE3,798,ACTUAL,2005-10-28,2007-03-01,INDUSTRY,2,8,3
NCT02197676,PHASE2,56,ACTUAL,2014-08-04,2016-02-06,OTHER,1,27,1
NCT00195676,PHASE3,1469,ACTUAL,2004-05,2009-10,INDUSTRY,1,104,10
NCT05161676,PHASE2,12,ACTUAL,2021-12-15,2023-05-01,OTHER,1,1,1
NCT01194414,PHASE3,1262,ACTUAL,2010-09,2012-01,INDUSTRY,1,216,26
NCT01976416,PHASE3,208,ACTUAL,2014-09,2016-10,OTHER,3,1,1
NCT05660616,PHASE2,40,ACTUAL,2023-04-01,2024-04-01,OTHER,1,1,1
NCT00959114,PHASE2,74,ACTUAL,2009-08,2010-08,INDUSTRY,1,1,1
NCT01255514,PHASE2,30,ACTUAL,2008-10-30,2014-12-31,OTHER,1,8,1
NCT04572906,PHASE2,51,ACTUAL,2020-09-25,2024-06-27,INDUSTRY,1,10,1
NCT02597933,PHASE3,580,ACTUAL,2015-11-12,2018-10-31,INDUSTRY,1,195,32
NCT04080752,PHASE2,222,ACTUAL,2019-09-17,2021-09-02,INDUSTRY,1,35,5
NCT02676349,PHASE2,130,ACTUAL,2016-10-13,2024-04-19,OTHER,1,26,1
NCT03278158,PHASE2,26,ACTUAL,2017-09-18,2018-11-13,INDUSTRY,1,1,1
NCT02716558,PHASE3,93,ACTUAL,2016-02,2017-03,OTHER,1,1,1
NCT00295958,PHASE2,26,ACTUAL,2005-12,2006-06,NIH,2,2,1
NCT02338648,PHASE2,60,ACTUAL,2014-10,2016-01,INDUSTRY,1,6,1
NCT00587626,PHASE2,80,ESTIMATED,2007-08,2009-08,OTHER,3,2,1
NCT00505778,PHASE3,1027,ACTUAL,2007-07,2009-07,INDUSTRY,1,245,3
NCT00212615,PHASE2|PHASE3,116,ACTUAL,2004-02,2008-10,OTHER,1,8,2
NCT00919815,PHASE2|PHASE3,73,ACTUAL,2010-08,2012-12,OTHER,1,1,1
NCT00051415,PHASE2|PHASE3,60,,2003-01,,NIH,1,1,1
NCT01428635,PHASE2|PHASE3,21,ACTUAL,2012-01-13,2022-01-03,OTHER,5,1,1
NCT01743235,PHASE2,207,ACTUAL,2012-07,2013-06,INDUSTRY,1,12,1
NCT00002935,PHASE2,30,ACTUAL,1995-10,2006-08,OTHER,1,1,1
NCT00006135,PHASE3,66,,1997-06,,NIH,1,27,2
NCT02400476,PHASE2,563,ACTUAL,2015-02,2021-04-22,INDUSTRY,1,58,7
NCT04805125,PHASE3,610,ACTUAL,2021-04-19,2023-09-23,OTHER,1,4,1
NCT01447576,PHASE2,1036,ACTUAL,2009-09,2012-12,INDUSTRY,1,32,1
NCT01140217,PHASE3,1659,ACTUAL,2010-05,2012-03,INDUSTRY,1,53,1
NCT02819440,PHASE2,141,ACTUAL,2016-07,2020-06,OTHER,2,1,1
NCT00002440,PHASE2,80,,,,INDUSTRY,1,8,1
NCT04718389,PHASE3,1717,ACTUAL,2021-01-26,2025-09-14,INDUSTRY,1,397,21
NCT01023516,PHASE2,615,ACTUAL,2009-11,2010-08,INDUSTRY,1,66,6
NCT01345006,PHASE1|PHASE2,13,ACTUAL,2011-06-16,2015-08-10,INDUSTRY,1,3,1
NCT00605904,PHASE2,37,ACTUAL,2008-01,2010-09,NIH,1,1,1
NCT01033084,PHASE2|PHASE3,120,ACTUAL,2009-12,2011-12,OTHER,1,1,1
NCT00140114,PHASE3,170,ACTUAL,2004-01,,OTHER,1,1,1
NCT01218984,PHASE2,27,ACTUAL,2002-03,2003-05,INDUSTRY,1,0,0
NCT02960906,PHASE2,200,ACTUAL,2017-05-31,2021-02-15,OTHER,1,16,1
NCT03591406,PHASE3,371,ACTUAL,2017-07-03,2019-02-25,INDUSTRY,1,1,1
NCT01175733,PHASE1|PHASE2,18,ACTUAL,2010-07-08,2016-03,OTHER,1,1,1
NCT00523952,PHASE3,303,ACTUAL,2004-01,2005-09,INDUSTRY,1,25,3
NCT00493649,PHASE2,493,ACTUAL,2007-06,2013-04,INDUSTRY,1,69,1
NCT03224338,PHASE2,30,ACTUAL,2017-04-05,2019-07-02,OTHER,1,6,1
NCT02989558,PHASE3,90,ACTUAL,2016-12,2020-02-01,OTHER,1,1,1
NCT00450658,PHASE3,627,ACTUAL,2007-03,2008-09,INDUSTRY,1,0,0
NCT02009748,PHASE2,36,ACTUAL,2013-12,2014-08,OTHER,2,2,1
NCT04136548,PHASE1|PHASE2,41,ACTUAL,2019-06-01,2020-11-18,OTHER,1,1,1
NCT00490555,PHASE2|PHASE3,32,ACTUAL,2009-01,2012-01,OTHER,1,1,1
NCT00450255,PHASE2,41,ACTUAL,2007-06,2011-01,NIH,8,1,1
NCT00234078,PHASE2,290,ACTUAL,2005-01,2006-04,INDUSTRY,1,1,1
NCT01595685,PHASE3,98,ACTUAL,2012-05,2014-12,OTHER,1,1,1
NCT00321815,PHASE2,43,ACTUAL,2006-08,2010-06,INDUSTRY,1,35,1
NCT03404115,PHASE2,300,ACTUAL,2018-01-02,2018-07-11,INDUSTRY,1,6,1
NCT05051735,PHASE3,204,ACTUAL,2021-10-20,2026-02-11,OTHER,2,15,4
NCT05348408,PHASE2,62,ACTUAL,2022-04-01,2024-12-30,OTHER,1,1,1
NCT00005976,PHASE2,60,ACTUAL,2000-05,2006-12,NIH,1,23,2
NCT01829217,PHASE2,13,ACTUAL,2013-05,2017-08,OTHER,1,4,1
NCT03588091,PHASE3,355,ACTUAL,2018-07-24,2024-01-31,INDUSTRY,1,17,1
NCT01737450,PHASE2,58,ACTUAL,2013-01,2018-09,OTHER,4,9,1
NCT00334191,PHASE2,100,,2006-06,,OTHER_GOV,1,1,1
NCT01220206,PHASE2,120,ACTUAL,2011-08,2012-10,INDUSTRY,1,1,1
NCT04398706,PHASE2,852,ACTUAL,2020-05-22,2023-08-10,INDUSTRY,11,57,4
NCT03042416,PHASE3,400,ACTUAL,2017-06-29,2021-03-05,OTHER,5,1,1
NCT02152306,PHASE3,143,ACTUAL,2014-04,2015-03,INDUSTRY,1,1,1
NCT03278106,PHASE2,28,ACTUAL,2017-10-20,2018-11-30,OTHER,7,2,1
NCT02812706,PHASE1|PHASE2,36,ACTUAL,2016-09-05,2018-07-31,INDUSTRY,1,13,1
NCT00151684,PHASE2,25,ESTIMATED,2004-11,,OTHER,2,1,1
NCT00206284,PHASE2,1400,,2004-05,,INDUSTRY,1,202,10
NCT03531684,PHASE2,10,ACTUAL,2018-03-20,2020-04-22,INDUSTRY,1,1,1
NCT00065533,PHASE2,92,ACTUAL,2003-05,,INDUSTRY,1,19,6
NCT00036647,PHASE3,731,ACTUAL,2001-11-01,2004-01-30,INDUSTRY,1,97,17
NCT00684047,PHASE2|PHASE3,239,ACTUAL,2008-02,2014-03,INDUSTRY,1,19,3
NCT00164749,PHASE1|PHASE2,36,ACTUAL,2004-10,2006-07,OTHER,1,1,1
NCT00694538,PHASE2,200,ESTIMATED,2008-01,2008-12,OTHER,1,1,1
NCT00964158,PHASE3,210,ACTUAL,2009-09-10,2010-11-27,INDUSTRY,1,5,1
NCT00038948,PHASE3,830,ACTUAL,2002-01,2008-05,INDUSTRY,1,0,0
NCT02052778,PHASE1|PHASE2,407,ACTUAL,2014-07-21,2020-10-01,INDUSTRY,6,58,13
NCT00758043,PHASE3,540,ACTUAL,2008-10,2010-06,INDUSTRY,1,82,4
NCT00050843,PHASE3,220,,2001-08,,INDUSTRY,1,38,1
NCT01894815,PHASE3,245,ACTUAL,2013-10,2016-07,OTHER,3,2,1
NCT02481635,PHASE1|PHASE2,11,ACTUAL,2016-12-08,2024-05-30,OTHER,1,1,1
NCT00180908,PHASE3,226,,1994-06,,OTHER,2,1,1
NCT02684708,PHASE3,2921,ACTUAL,2015-10-01,2024-10-31,OTHER,1,19,19
NCT00742625,PHASE1|PHASE2,95,ACTUAL,2008-09,2010-07,NIH,15,22,1
NCT04462276,PHASE2,68,ACTUAL,2020-07-28,2024-09-02,OTHER,2,20,2
NCT02992925,PHASE3,370,ACTUAL,2016-11,2017-12,INDUSTRY,1,3,1
NCT00994708,PHASE3,,,2004-12,,OTHER,1,1,1
NCT02596425,PHASE3,90,ACTUAL,2015-11,2016-05,OTHER,1,1,1
NCT00348725,PHASE3,69,,2005-04,,INDUSTRY,1,25,1
NCT00654225,PHASE3,2340,ESTIMATED,2002-10,,INDUSTRY,2,0,0
NCT05596006,PHASE2,45,ACTUAL,2022-12-31,2023-03-24,OTHER,1,1,1
NCT01945606,PHASE2,11,ACTUAL,2013-11-29,2014-09-09,INDUSTRY,1,1,1
NCT02898506,PHASE2,13,ACTUAL,2016-03,2021-06,OTHER,1,4,2
NCT07084116,PHASE2|PHASE3,15,ACTUAL,2025-07-14,2026-05-23,OTHER,3,1,1
NCT03192306,PHASE2,451,ACTUAL,2017-07-05,2017-12-11,INDUSTRY,1,6,1
NCT02911116,PHASE2,8,ACTUAL,2017-03-30,2020-03-05,NIH,1,1,1
NCT00188604,PHASE2,34,ESTIMATED,2004-01,2009-01,OTHER,2,1,1
NCT00515333,PHASE2,323,ACTUAL,2004-08,2007-12,INDUSTRY,1,0,0
NCT00214552,PHASE3,80,ESTIMATED,2002-09,2005-03,OTHER,2,2,1
NCT01196247,PHASE2,35,ACTUAL,2010-09,2011-11,OTHER,1,1,1
NCT01249547,PHASE2,37,ACTUAL,2010-12,2016-12,OTHER,1,1,1
NCT00069355,PHASE2,50,,2003-09,,NIH,1,1,1
NCT01524926,PHASE2,582,ESTIMATED,2012-09,2017-12-06,NETWORK,6,25,10
NCT00119626,PHASE3,1700,,2003-06,2005-02,INDUSTRY,2,2,2
NCT00066378,PHASE2,71,ACTUAL,2003-05,2007-08,NETWORK,1,9,5
NCT01037985,PHASE2,41,ACTUAL,2009-12-03,2010-07-07,INDUSTRY,1,6,1
NCT01444885,PHASE2,50,ACTUAL,2011-10,2012-07,INDUSTRY,1,10,1
NCT00592943,PHASE1|PHASE2,12,ACTUAL,2007-10,2008-05,OTHER,1,1,1
NCT03149315,PHASE2,6,ACTUAL,2017-04-10,2018-11-14,OTHER,2,1,1
NCT00485225,PHASE2,77,ACTUAL,2007-06,2008-04,INDUSTRY,1,1,1
NCT02175225,PHASE2,294,ACTUAL,2014-10,2018-02-10,OTHER,1,28,2
NCT00485940,PHASE3,641,ACTUAL,1998-03,1999-05,INDUSTRY,1,0,0
NCT05121740,PHASE1|PHASE2,34,ACTUAL,2022-01-25,2022-03-16,INDUSTRY,1,10,1
NCT03088514,PHASE2,149,ACTUAL,2017-03-23,2023-11-15,OTHER,1,1,1
NCT00034814,PHASE2,190,ACTUAL,2002-01,2006-01,INDUSTRY,1,0,0
NCT03575104,PHASE3,924,ACTUAL,2018-05-29,2020-04-09,INDUSTRY,1,86,11
NCT02303184,PHASE2,46,ACTUAL,2015-01,2016-03,INDUSTRY,2,14,1
NCT02536833,PHASE2,455,ACTUAL,2015-09-09,2017-04-20,INDUSTRY,1,36,1
NCT00001752,PHASE2,30,,1998-09,,NIH,2,1,1
NCT00279747,PHASE3,226,,2000-09,2003-01,INDUSTRY,1,34,7
NCT03513952,PHASE2,47,ACTUAL,2019-06-05,2023-09-30,NIH,24,9,1
NCT01572038,PHASE3,1436,ACTUAL,2012-06-01,2019-09-20,INDUSTRY,1,299,39
NCT01336348,PHASE3,100,ESTIMATED,2010-04,2011-06,OTHER,1,1,1
NCT00067626,PHASE2,60,ESTIMATED,2005-04,2009-03,OTHER,5,1,1
NCT05549778,PHASE1|PHASE2,12,ACTUAL,2021-01-06,2023-01-20,OTHER,1,1,1
NCT01602185,PHASE2,7,ACTUAL,2012-05,2014-06,OTHER,1,1,1
NCT00004085,PHASE1|PHASE2,15,ESTIMATED,1998-05,2002-05,OTHER,1,3,1
NCT04383743,PHASE2,17,ACTUAL,2020-11-24,2024-06-17,OTHER,3,1,1
NCT03142178,PHASE1|PHASE2,150,ACTUAL,2017-04-30,2018-01-30,INDUSTRY,1,1,1
NCT03993678,PHASE1|PHASE2,28,ACTUAL,2020-10-12,2025-07-15,OTHER,1,3,1
NCT00622843,PHASE3,275,ACTUAL,2002-12,2013-07,OTHER,2,6,1
NCT01963143,PHASE3,48,ACTUAL,2014-02,2016-01,OTHER,4,17,3
NCT00003215,PHASE3,400,ESTIMATED,1997-04,2004-03,OTHER,1,12,5
NCT00322335,PHASE3,230,ACTUAL,2006-05,2006-07,INDUSTRY,2,12,1
NCT02216708,PHASE2,208,ACTUAL,2011-05,2013-12,OTHER,1,1,1
NCT00268125,PHASE3,347,ESTIMATED,2006-02,2007-12,OTHER,1,3,1
NCT05764876,PHASE3,384,ACTUAL,2023-03-14,2024-06-20,OTHER,2,1,1
NCT00276276,PHASE3,141,,2000-11,,INDUSTRY,1,17,6
NCT01083576,PHASE2,30,ACTUAL,2010-03,2011-06,FED,1,1,1
NCT01689740,PHASE2,10,ACTUAL,2013-01-17,2016-04-07,INDUSTRY,1,1,1
NCT01947140,PHASE1|PHASE2,57,ACTUAL,2013-09-09,2022-09-01,OTHER,5,3,1
NCT01120340,PHASE3,105,ACTUAL,2005-10,2011-11,INDUSTRY,1,17,1
NCT03364868,PHASE2,1050,ACTUAL,2018-02-07,2024-06-28,OTHER,1,7,5
NCT05975268,PHASE3,747,ACTUAL,2023-08-28,2025-08-20,OTHER,1,63,1
NCT00421668,PHASE3,2400,ACTUAL,2007-09,2012-10,OTHER,3,1,1
NCT03445884,PHASE2,42,ACTUAL,2018-02-20,2020-07-01,OTHER,1,1,1
NCT06099184,PHASE2,27,ACTUAL,2024-01-15,2024-10-24,INDUSTRY,1,6,1
NCT00662714,PHASE3,73,ACTUAL,2001-09,2011-12,OTHER,2,36,4
NCT00826514,PHASE2,62,ACTUAL,2009-03-25,2010-01-11,INDUSTRY,1,44,5
NCT04191616,PHASE2,54,ACTUAL,2020-08-06,2022-11-30,INDUSTRY,1,46,8
NCT02138214,PHASE2,117,ACTUAL,2014-06-06,2019-10-30,OTHER,3,1,1
NCT02070133,PHASE3,18,ACTUAL,2009-05,2013-03,OTHER,1,2,1
NCT00461552,PHASE2,23,ACTUAL,2003-01,2014-09,OTHER,2,1,1
NCT00333047,PHASE2|PHASE3,24,,2002-07,,INDUSTRY,1,1,1
NCT00084149,PHASE2,54,ACTUAL,2004-02,2008-01,NIH,1,4,1
NCT00727649,PHASE2|PHASE3,80,ACTUAL,2008-07,2013-10,FED,1,1,1
NCT02658448,PHASE2,19,ACTUAL,2016-01,2018-06,INDUSTRY,1,3,1
NCT01461148,PHASE1|PHASE2,22,ACTUAL,2011-08,2015-03,INDUSTRY,1,1,1
NCT00301548,PHASE2,172,,2000-02,,OTHER,2,0,0
NCT00422955,PHASE3,36,ACTUAL,2003-11,2005-10,INDUSTRY,1,1,1
NCT01136655,PHASE2,54,ACTUAL,2010-09,2011-12,INDUSTRY,1,34,6
NCT04750226,PHASE3,118,ACTUAL,2021-02-18,2026-04-27,INDUSTRY,1,52,2
NCT00158626,PHASE1|PHASE2,50,,2003-09,2005-08,OTHER,1,2,1
NCT00885378,PHASE3,166,ACTUAL,2009-05,2010-02,INDUSTRY,1,41,4
NCT04530643,PHASE2,80,ACTUAL,2020-08-26,2021-09-07,INDUSTRY,1,3,1
NCT00338715,PHASE3,193,ACTUAL,2006-07,2010-08,OTHER,1,1,1
NCT00611208,PHASE2,32,ACTUAL,2008-01,2015-02,INDUSTRY,5,5,1
NCT00210015,PHASE2,630,,2002-12,2003-04,INDUSTRY,1,0,0
NCT00393835,PHASE3,99,ACTUAL,2006-11,2007-05,INDUSTRY,1,5,1
NCT03249935,PHASE2,100,ACTUAL,2017-08-24,2018-09-17,NIH,1,1,1
NCT00165035,PHASE3,1701,ACTUAL,2005-05,2007-01,INDUSTRY,1,2,1
NCT01959035,PHASE3,88,ACTUAL,2013-10,2015-03,INDUSTRY,1,1,1
NCT02109484,PHASE1|PHASE2,204,ACTUAL,2014-03,2015-11,OTHER,1,1,1
NCT01214733,PHASE3,30,ACTUAL,2010-10,2011-05,INDUSTRY,1,4,1
NCT01075633,PHASE3,1501,ACTUAL,2006-01,2011-12,OTHER,1,1,1
NCT06019533,PHASE3,1039,ACTUAL,2023-08-09,2025-08-01,INDUSTRY,1,1,1
NCT01534533,PHASE2|PHASE3,192,ACTUAL,2010-06,2011-06,OTHER,2,1,1
NCT03539952,PHASE3,77,ACTUAL,2018-09-03,2020-08-19,INDUSTRY,1,15,9
NCT00221247,PHASE2,75,ACTUAL,2004-10,2008-03,OTHER,1,2,2
NCT05424549,PHASE2,63,ACTUAL,2022-03-09,2022-05-09,INDUSTRY,1,1,1
NCT01597349,PHASE2,208,ACTUAL,2012-05,2012-09,INDUSTRY,1,5,2
NCT00002849,PHASE2,93,ACTUAL,1996-11,1998-12,NETWORK,1,40,1
NCT01539538,PHASE3,357,ACTUAL,2012-04,2012-12,INDUSTRY,1,16,1
NCT06244758,PHASE3,91,ACTUAL,2024-01-18,2025-11-25,OTHER,1,1,1
NCT06435026,PHASE2,54,ACTUAL,2024-06-18,2026-02-11,OTHER,3,2,2
NCT00002826,PHASE2,36,ESTIMATED,1997-08-14,2003-11,NETWORK,1,9,1
NCT03785678,PHASE3,458,ACTUAL,2019-03-02,2023-02-28,INDUSTRY,1,97,2
NCT01456078,PHASE2,60,ACTUAL,2011-10,2018-11,OTHER,2,2,1
NCT02726178,PHASE2,56,ACTUAL,2010-02,2011-03,OTHER,1,0,0
NCT01694485,PHASE2,359,ACTUAL,2012-11-16,2015-07-13,INDUSTRY,1,123,20
NCT00518843,PHASE2,80,ACTUAL,2001-04,2006-05,OTHER,1,1,1
NCT00590785,PHASE3,60,ESTIMATED,1996-08-13,1997-06-10,NIH,5,1,1
NCT03920215,PHASE2|PHASE3,101,ACTUAL,2018-08-15,2019-09-20,INDUSTRY,1,3,1
NCT00506415,PHASE3,1584,ACTUAL,2007-06,2011-05,INDUSTRY,1,145,7
NCT01471015,PHASE1|PHASE2,30,ACTUAL,2012-09,2014-01,OTHER,1,7,1
NCT01101815,PHASE2,200,ACTUAL,2010-06,2016-12,OTHER,3,2,1
NCT02362035,PHASE1|PHASE2,161,ACTUAL,2015-02-20,2020-07-14,INDUSTRY,13,19,1
NCT01288235,PHASE2,100,ACTUAL,2011-02,2016-09,OTHER,5,2,1
NCT01801735,PHASE3,600,ACTUAL,2013-03,2014-06,INDUSTRY,1,40,1
NCT06179108,PHASE2,359,ACTUAL,2023-11-29,2024-12-04,INDUSTRY,1,25,1
NCT00367133,PHASE3,840,ACTUAL,2004-07,2008-05,OTHER,1,84,1
NCT00631852,PHASE2,16,ACTUAL,2008-02,2019-06-30,OTHER,1,1,1
NCT00264147,PHASE2,761,ACTUAL,2006-01,2008-03,INDUSTRY,1,0,0
NCT00123747,PHASE2,23,ACTUAL,2005-08,2008-10,OTHER,1,1,1
NCT02078648,PHASE1|PHASE2,74,ACTUAL,2014-05,2017-09-01,INDUSTRY,2,16,1
NCT00814255,PHASE2,32,ACTUAL,2008-12,2013-06,OTHER,1,18,2
NCT01197378,PHASE3,60,ACTUAL,2010-08-27,2017-06-26,INDUSTRY,1,10,3
NCT00256178,PHASE3,411,ACTUAL,2005-10,2007-03,INDUSTRY,1,53,7
NCT00114543,PHASE3,1974,ACTUAL,2002-09,2005-04,NETWORK,6,17,1
NCT00272935,PHASE3,400,ESTIMATED,2005-12,2007-05,INDUSTRY,1,49,1
NCT00513435,PHASE2,9,ACTUAL,2007-07,2011-03,NIH,39,1,1
NCT01516008,PHASE3,353,ACTUAL,2012-01,2013-02,INDUSTRY,1,7,1
NCT03923725,PHASE3,2583,ACTUAL,2020-09-01,2024-03-15,OTHER,1,8,8
NCT00762125,PHASE2,266,ACTUAL,2005-12,2012-01,OTHER,1,1,1
NCT00330525,PHASE2,72,ACTUAL,2005-01,2006-03,OTHER,2,1,1
NCT04222725,PHASE1|PHASE2,37,ACTUAL,2020-02-01,2020-07-17,INDUSTRY,1,5,1
NCT04387825,PHASE2,20,ACTUAL,2015-08-13,2019-05,OTHER,1,1,1
NCT02232776,PHASE3,37,ACTUAL,2014-10,2016-12,OTHER,1,1,1
NCT02172976,PHASE2|PHASE3,40,ACTUAL,2014-11,2020-01,OTHER,1,1,1
NCT04988217,PHASE1|PHASE2,173,ACTUAL,2021-09-15,2022-04-15,OTHER,1,1,1
NCT04394689,PHASE1|PHASE2,281,ACTUAL,2021-05-19,2022-11-23,INDUSTRY,4,1,1
NCT01656889,PHASE3,447,ACTUAL,2012-08,2014-12,INDUSTRY,1,50,2
NCT04552990,PHASE2,16,ACTUAL,2020-09-09,2025-04-04,OTHER,6,1,1
NCT00220090,PHASE3,,,2003-07,2006-09,INDUSTRY,1,1,1
NCT05416697,PHASE3,30,ACTUAL,2022-11-09,2024-10-31,OTHER,3,2,1
NCT04436497,PHASE2|PHASE3,162,ACTUAL,2020-07-29,2022-04-13,OTHER,1,1,1
NCT04591210,PHASE3,372,ACTUAL,2021-01-27,2024-12-30,OTHER,2,31,3
NCT00162110,PHASE2,40,,2004-11,2007-01,INDUSTRY,1,2,1
NCT04384497,PHASE1|PHASE2,10,ACTUAL,2020-05-07,2020-06-01,OTHER,1,2,1
NCT00788710,PHASE3,430,ACTUAL,2008-10,2010-07,INDUSTRY,1,0,0
NCT01681810,PHASE2,20,ACTUAL,2012-10,2018-02-08,INDIV,2,1,1
NCT01456897,PHASE3,282,ACTUAL,2011-10,2015-05,INDUSTRY,1,1,1
NCT03783910,PHASE2,90,ACTUAL,2005-09-19,2006-10,INDUSTRY,1,6,1
NCT02683213,PHASE3,1500,ACTUAL,2014-10-20,2020-06,OTHER,1,1,1
NCT06048913,PHASE2,56,ACTUAL,2020-12-01,2025-01-01,OTHER,1,1,1
NCT00521404,PHASE2,65,ACTUAL,2007-08-15,2010-08-20,INDUSTRY,1,12,1
NCT00164606,PHASE2,14690,ESTIMATED,2003-05,,FED,1,1,1
NCT00976404,PHASE2,28,ACTUAL,2009-11,2013-07,OTHER,1,3,1
NCT02104804,PHASE3,953,ACTUAL,2014-05-07,2016-02-26,INDUSTRY,1,11,1
NCT01588704,PHASE2,42,ACTUAL,2012-04,2014-01,OTHER,1,1,1
NCT00029484,PHASE2,70,,,,NIH,1,1,1
NCT03534284,PHASE3,126,ACTUAL,2018-09-19,2022-10-17,OTHER,2,1,1
NCT00724152,PHASE1|PHASE2,33,ACTUAL,2009-02,2011-02,FED,1,1,1
NCT02104947,PHASE3,503,ACTUAL,2014-05-06,2016-07-25,INDUSTRY,1,176,33
NCT00282347,PHASE3,144,ACTUAL,2006-01,2009-01,INDUSTRY,1,0,0
NCT04278248,PHASE3,1940,ACTUAL,2018-01-12,2018-06-07,INDUSTRY,1,1,1
NCT00095355,PHASE2,35,,2004-10,,NIH,1,1,1
NCT00090155,PHASE3,805,ACTUAL,2003-09-26,2004-11-24,INDUSTRY,1,0,0
NCT01981655,PHASE2,41,ACTUAL,2009-12,2013-02,OTHER,1,1,1
NCT05400226,PHASE2,40,ACTUAL,2022-05-24,2023-06-24,INDUSTRY,1,1,1
NCT00213226,PHASE3,120,ESTIMATED,2001-12,2006-04,OTHER,1,1,1
NCT00247078,PHASE2,24,ACTUAL,2005-10,2006-10,INDUSTRY,2,1,1
NCT02487485,PHASE2,23,ACTUAL,2016-03,2020-01,OTHER,1,2,1
NCT05033743,PHASE2|PHASE3,24,ACTUAL,2021-07-09,2022-10-07,OTHER,1,1,1
NCT01971008,PHASE2,15,ACTUAL,2013-05,2014-05,OTHER,2,1,1
NCT00882908,PHASE2,386,ACTUAL,2009-06,2010-04,INDUSTRY,1,71,13
NCT02691676,PHASE3,112,ACTUAL,2014-01,2014-12,OTHER,1,0,0
NCT00685776,PHASE3,1623,ACTUAL,2008-03-24,2009-07-02,INDUSTRY,2,0,0
NCT01735617,PHASE2,16,ACTUAL,2012-12,2013-12,INDUSTRY,3,1,1
NCT00401089,PHASE1|PHASE2,60,ACTUAL,2002-12,2006-12,OTHER,5,4,2
NCT01849250,PHASE2,65,ACTUAL,2013-05,2016-01-11,NIH,12,4,1
NCT00269750,PHASE3,100,,1996-07,,INDUSTRY,1,0,0
NCT01411150,PHASE2,38,ACTUAL,2009-05,2012-09,OTHER,1,1,1
NCT00567918,PHASE3,52,ACTUAL,2004-05,2008-01,INDUSTRY,2,8,1
NCT01973491,PHASE2,37,ACTUAL,2014-02-28,2016-04-30,INDUSTRY,1,1,1
NCT06542874,PHASE2,448,ACTUAL,2024-08-07,2025-10-01,INDUSTRY,1,119,11
NCT01071174,PHASE1|PHASE2,280,ACTUAL,2010-04,2011-05,INDUSTRY,1,10,4
NCT00236574,PHASE3,974,ACTUAL,2001-05,,INDUSTRY,2,0,0
NCT00511797,PHASE2|PHASE3,249,ACTUAL,2007-07,2009-01,INDUSTRY,1,12,1
NCT05328297,PHASE2,116,ACTUAL,2022-06-03,2024-05-17,INDUSTRY,1,44,4
NCT00055913,PHASE1|PHASE2,58,ACTUAL,2003-03,2007-09,NIH,13,1,1
NCT02311413,PHASE2,39,ACTUAL,2015-03-09,2018-07-18,NIH,2,1,1
NCT01768013,PHASE1|PHASE2,13,ACTUAL,2012-07,2012-10,INDUSTRY,1,1,1
NCT01222884,PHASE3,351,ACTUAL,2011-06,2013-10,INDUSTRY,1,1,1
NCT00126984,PHASE2,508,ACTUAL,2005-07,2008-02,INDUSTRY,1,42,2
NCT01290484,PHASE1|PHASE2,7,ACTUAL,2010-12,2013-04,OTHER,1,1,1
NCT01153984,PHASE2,23,ACTUAL,2011-06,2015-07,INDUSTRY,1,9,1
NCT00482833,PHASE3,276,ACTUAL,2007-08,2012-09,OTHER,1,110,3
NCT00164333,PHASE2,300,,2004-09,2007-05,FED,1,1,1
NCT00044733,PHASE2,38,,2000-03,,INDUSTRY,1,13,1
NCT01730352,PHASE2|PHASE3,100,ACTUAL,2008-10,2011-05,OTHER,2,4,1
NCT00503152,PHASE3,612,ACTUAL,2007-05,2016-07,OTHER,1,9,1
NCT03280147,PHASE3,261,ACTUAL,2019-01-01,2023-01-30,OTHER_GOV,4,7,1
NCT00139347,PHASE3,6360,,2003-12,2007-03,INDUSTRY,1,17,6
NCT00672347,PHASE1|PHASE2,80,ACTUAL,2008-07,2008-09,OTHER,1,1,1
NCT05076838,PHASE1|PHASE2,35,ACTUAL,2021-11-08,2025-03-11,INDUSTRY,1,13,1
NCT02243358,PHASE2,24,ACTUAL,2014-02,2017-06-28,OTHER,1,1,1
NCT00752258,PHASE3,576,ACTUAL,2008-02,2011-05,INDUSTRY,1,1,1
NCT00059358,PHASE1|PHASE2,16,ESTIMATED,2001-09,2005-06,NIH,2,1,1
NCT00523848,PHASE2,46,ACTUAL,2006-06,2011-09,OTHER,1,1,1
NCT02806648,PHASE2,21,ACTUAL,2015-05,2017-07,OTHER,1,9,1
NCT00003026,PHASE3,966,ESTIMATED,1997-04,2001-09,NETWORK,1,17,7
NCT00263926,PHASE3,,,2001-03,2007-05,INDUSTRY,1,1,1
NCT00167635,PHASE2|PHASE3,188,ACTUAL,2003-01,2008-02,OTHER,1,2,1
NCT02641808,PHASE3,164,ACTUAL,2016-08-01,2020-07-17,OTHER,1,0,0
NCT01434108,PHASE2|PHASE3,48,ACTUAL,2011-10,2015-03,OTHER,2,1,1
NCT02350725,PHASE1|PHASE2,10,ACTUAL,2014-12,2015-06,INDUSTRY,1,1,1
NCT01935817,PHASE3,64,ACTUAL,2010-06,2012-12,OTHER,1,1,1
NCT03476317,PHASE2,10,ACTUAL,2018-07-12,2020-12-31,OTHER,1,1,1
NCT05564117,PHASE3,307,ACTUAL,2022-10-11,2024-04-18,INDUSTRY,2,23,4
NCT02828540,PHASE2,78,ACTUAL,2016-08-04,2018-08-03,OTHER,1,8,1
NCT00002389,PHASE3,210,,,,INDUSTRY,1,15,3
NCT00052468,PHASE3,1742,ACTUAL,2002-08,2009-07,OTHER,2,17,4
NCT03546868,PHASE2,20,ACTUAL,2018-08-14,2019-01-11,OTHER,3,2,1
NCT00001068,PHASE2,210,,,,NIH,1,41,3
NCT01481350,PHASE2,20,ACTUAL,2012-02,2013-06,OTHER,1,1,1
NCT00056550,PHASE3,14,ACTUAL,2002-12,2004-02,INDUSTRY,1,11,6
NCT01085591,PHASE2,210,ACTUAL,2010-04-01,2011-04-13,INDUSTRY,2,32,2
NCT00271791,PHASE2,17,ACTUAL,2005-09,,OTHER,2,4,1
NCT04486690,PHASE3,50,ACTUAL,2016-07-01,2017-06-30,OTHER,1,0,0
NCT03064490,PHASE2,35,ACTUAL,2017-10-17,2023-02-24,OTHER,1,1,1
NCT05648110,PHASE2|PHASE3,3882,ACTUAL,2022-12-16,2024-03-29,INDUSTRY,1,215,18
NCT01300013,PHASE2,614,ACTUAL,2011-04,2013-04,INDUSTRY,1,150,19
NCT02363452,PHASE2,11,ACTUAL,2015-09-10,2018-01,OTHER,1,1,1
NCT06723652,PHASE3,55,ACTUAL,2025-02-13,2025-08-25,INDUSTRY,1,1,1
NCT01143038,PHASE2,75,ACTUAL,2010-11-30,2013-09-20,INDUSTRY,1,48,9
NCT04058158,PHASE3,50,ACTUAL,2019-08-07,2021-09-21,INDUSTRY,1,27,8
NCT00701558,PHASE2,20,ACTUAL,2008-08,2010-10,INDUSTRY,1,1,1
NCT00755755,PHASE3,241,ACTUAL,2008-10,2010-03,INDUSTRY,1,38,6
NCT01704755,PHASE3,381,ACTUAL,2012-10,2014-01,INDUSTRY,2,0,0
NCT02064426,PHASE2,88,ACTUAL,2014-03-13,2016-10-19,INDUSTRY,2,26,2
NCT01287585,PHASE3,636,ACTUAL,2011-07,2015-07,INDUSTRY,1,73,6
NCT02611778,PHASE3,712,ACTUAL,2015-12-19,2017-12,INDUSTRY,1,58,12
NCT00149643,PHASE2,70,ACTUAL,2004-09,2009-08,OTHER,2,1,1
NCT02957643,PHASE1|PHASE2,50,ACTUAL,2016-11,2017-09,OTHER,1,0,0
NCT01684215,PHASE2,61,ACTUAL,2012-10-19,2016-03-04,INDUSTRY,2,16,1
NCT00064935,PHASE3,880,,1999-04,,NIH,1,8,1
NCT00499408,PHASE2,26,ACTUAL,2007-04,2012-12,OTHER,1,1,1
NCT00313235,PHASE1|PHASE2,41,ACTUAL,2006-03,2011-06,OTHER,1,1,1
NCT01419925,PHASE2,120,ACTUAL,2011-08,2012-01,INDUSTRY,2,1,1
NCT00014625,PHASE2,28,ACTUAL,2001-02,2001-11,NETWORK,1,12,9
NCT06104917,PHASE3,91,ACTUAL,2024-02-21,2025-07-23,INDUSTRY,1,1,1
NCT02736240,PHASE3,2760,ACTUAL,2016-04-08,2017-12-03,INDUSTRY,1,0,0
NCT00004340,PHASE2,109,,1995-06,,NIH,2,1,1
NCT02699489,PHASE3,224,ACTUAL,2013-01,2015-06,OTHER,1,0,0
NCT00648089,PHASE2,110,ACTUAL,2008-04,2010-12,OTHER_GOV,1,2,1
NCT00232050,PHASE3,327,ACTUAL,2002-10,2005-05,INDUSTRY,1,0,0
NCT00121550,PHASE3,4372,ACTUAL,1999-10,2000-04,OTHER,2,6,1
NCT02462850,PHASE3,178,ACTUAL,2014-10,2015-01,INDUSTRY,3,1,1
NCT03133091,PHASE3,200,ACTUAL,2015-09,2017-09,OTHER,2,1,1
NCT03308591,PHASE3,774,ACTUAL,2016-01-11,2022-02-01,OTHER,3,1,1
NCT03810391,PHASE2,126,ACTUAL,2017-12-01,2018-12-20,OTHER,2,1,1
NCT00106574,PHASE3,1220,ACTUAL,2005-04,2007-12,INDUSTRY,1,146,19
NCT01673191,PHASE2,40,ACTUAL,2012-11,2014-12,OTHER,2,1,1
NCT05098574,PHASE2,17,ACTUAL,2023-02-03,2024-04-11,OTHER,2,1,1
NCT00399074,PHASE3,220,ESTIMATED,2006-10,2007-02,OTHER,2,1,1
NCT00300274,PHASE3,721,ACTUAL,2006-01,2011-07,INDUSTRY,1,64,15
NCT03412474,PHASE2,80,ACTUAL,2018-01-14,2018-08-31,OTHER,1,1,1
NCT05065190,PHASE3,81,ACTUAL,2021-11-25,2024-04-30,INDUSTRY,1,16,1
NCT00901914,PHASE2,483,ACTUAL,2008-10,2009-06,INDUSTRY,2,8,8
NCT00218816,PHASE3,221,ACTUAL,2000-08,2005-12,NIH,1,1,1
NCT00506116,PHASE3,140,ACTUAL,1996-07,,OTHER,4,1,1
NCT00312806,PHASE3,2000,ESTIMATED,2006-05,2007-03,INDUSTRY,1,186,22
NCT01657604,PHASE3,717,ACTUAL,2012-08-24,2022-05-31,OTHER,1,112,3
NCT01070433,PHASE2,75,ACTUAL,2012-09,2013-09,INDUSTRY,1,9,1
NCT00235352,PHASE2|PHASE3,105,ACTUAL,2002-02,2005-04,OTHER,1,1,1
NCT00367952,PHASE2,42,ACTUAL,2006-08,2010-01,INDUSTRY,1,1,1
NCT01267552,PHASE2|PHASE3,240,ACTUAL,2000-07,2007-09,OTHER,3,2,1
NCT00234052,PHASE2,51,ACTUAL,2005-07-28,2011-03-01,OTHER,1,5,1
NCT00078949,PHASE3,849,ACTUAL,2003-08-27,2013-07-29,NETWORK,1,27,3
NCT03072238,PHASE3,1101,ACTUAL,2017-06-30,2020-03-16,INDUSTRY,1,176,26
NCT03503058,PHASE2,345,ACTUAL,2022-05-07,2024-02-27,INDUSTRY,1,2,1
NCT00044148,PHASE2,,,2002-07-16,2004-04-28,INDUSTRY,1,15,1
NCT02263326,PHASE3,89,ACTUAL,2014-12,2017-07,OTHER,1,7,1
NCT00299026,PHASE2,532,,2001-06,2003-05,INDUSTRY,1,1,1
NCT06643078,PHASE3,487,ACTUAL,2023-12-11,2025-05-12,INDUSTRY,1,2,1
NCT05184478,PHASE1|PHASE2,10,ACTUAL,2022-05-16,2023-12-05,OTHER,1,1,1
NCT00810615,PHASE1|PHASE2,50,ACTUAL,2009-02,2011-01,FED,1,0,0
NCT00231725,PHASE3,370,,2005-09,,INDUSTRY,1,4,3
NCT00003017,PHASE2,,,1997-07,,NETWORK,1,9,1
NCT01350440,PHASE2,5,ACTUAL,2011-08,2013-07,OTHER,1,1,1
NCT03292640,PHASE3,547,ACTUAL,2017-07-06,2018-05-14,INDUSTRY,1,1,1
NCT01390350,PHASE2,20,ACTUAL,2011-07,2017-12-21,OTHER,1,5,1
NCT02344550,PHASE2,137,ACTUAL,2014-01,2018-10,OTHER,1,1,1
NCT04109391,PHASE3,338,ACTUAL,2019-08-20,2021-12-25,INDUSTRY,6,86,10
NCT03055806,PHASE2,239,ACTUAL,2017-02-28,2017-11-17,INDUSTRY,1,29,1
NCT02431806,PHASE3,552,ACTUAL,2015-06-23,2019-08-19,INDUSTRY,1,49,2
NCT03417284,PHASE1|PHASE2,62,ACTUAL,2019-10-09,2024-07-18,OTHER,1,1,1
NCT03003884,PHASE2,153,ACTUAL,2016-11,2017-03,INDUSTRY,1,1,1
NCT04887649,PHASE3,114,ACTUAL,2009-03,2010-04,OTHER,1,1,1
NCT02397447,PHASE2,24,ACTUAL,2013-03,2015-11,OTHER,1,1,1
NCT00688558,PHASE2,92,ACTUAL,2004-02,2004-12,INDUSTRY,1,1,1
NCT01595958,PHASE3,796,ACTUAL,2010-06,2013-03,OTHER,1,1,1
NCT01208558,PHASE2|PHASE3,105,ACTUAL,2010-08,2014-11,OTHER,5,1,1
NCT01305655,PHASE3,47,ACTUAL,2008-07,2014-12,OTHER,1,5,5
NCT01628926,PHASE3,420,ACTUAL,2009-06,2011-05,INDUSTRY,1,8,1
NCT00004126,PHASE2,38,ACTUAL,1999-11,2001-01,OTHER,1,11,1
NCT04115878,PHASE2,22,ACTUAL,2020-10-21,2022-12-30,OTHER,2,1,1
NCT00467935,PHASE1|PHASE2,20,ESTIMATED,2007-03,2007-11,OTHER,1,1,1
NCT01392235,PHASE2,58,ACTUAL,2011-07,2015-04,INDUSTRY,2,1,1
NCT03074435,PHASE3,15776,ACTUAL,2016-07,2018-08,OTHER_GOV,1,2,2
NCT02844335,PHASE1|PHASE2,60,ACTUAL,2016-07-01,2017-07-01,OTHER,1,1,1
NCT03250325,PHASE1|PHASE2,8,ACTUAL,2017-09-20,2020-01-23,INDUSTRY,1,5,1
NCT02003625,PHASE2,31,ACTUAL,2013-10,2019-02,OTHER,4,1,1
NCT00289640,PHASE2,210,ESTIMATED,2006-04,2007-07,INDUSTRY,1,62,10
NCT00848640,PHASE2,75,ACTUAL,2008-10,2009-12,OTHER,1,1,1
NCT00732589,PHASE2,0,ESTIMATED,2008-08,2008-12,OTHER,2,1,1
NCT03276468,PHASE2,136,ACTUAL,2018-02-12,2019-09-19,OTHER,4,25,1
NCT03622450,PHASE2|PHASE3,40,ACTUAL,2016-01-02,2018-01-06,OTHER,1,0,0
NCT02172391,PHASE3,81,,2000-11,2001-08,INDUSTRY,1,0,0
NCT03083691,PHASE2,90,ACTUAL,2017-04-13,2022-08-31,OTHER,2,16,1
NCT00841191,PHASE1|PHASE2,84,ACTUAL,2009-03,2011-04,INDUSTRY,5,12,5
NCT00777374,PHASE2,97,ACTUAL,2008-10,2010-11,OTHER,1,1,1
NCT00995618,PHASE2,24,ACTUAL,2009-09,2010-04,INDUSTRY,2,3,1
NCT04100018,PHASE3,1030,ACTUAL,2020-02-06,2023-06-01,INDUSTRY,1,293,28
NCT01016418,PHASE1|PHASE2,30,ESTIMATED,2010-01,2010-06,OTHER,2,1,1
NCT01858090,PHASE3,93,ACTUAL,2009-01,2009-10,OTHER,1,1,1
NCT02108990,PHASE2,9,ACTUAL,2013-09,2014-06-30,OTHER,1,1,1
NCT02916433,PHASE2,5,ACTUAL,2016-09,2018-02,OTHER,2,1,1
NCT00073658,PHASE2,137,,2000-01,2005-06,OTHER,1,1,1
NCT03556358,PHASE3,809,ACTUAL,2018-06-28,2020-11-27,INDUSTRY,5,146,10
NCT01515748,PHASE3,530,ACTUAL,2011-12-30,2019-01-21,INDUSTRY,1,1,1
NCT02238626,PHASE2,70,ACTUAL,2014-09,2017-08,INDUSTRY,1,1,1
NCT00574678,PHASE1|PHASE2,150,ACTUAL,2006-12,2016-02,OTHER,4,1,1
NCT00262743,PHASE1|PHASE2,73,ACTUAL,2005-08,2010-05,OTHER,1,2,1
NCT01296815,PHASE2,14,ACTUAL,2010-09,2012-12,OTHER_GOV,1,1,1
NCT01359943,PHASE2,221,ACTUAL,2011-10,2013-12,INDUSTRY,1,39,8
NCT00816543,PHASE2,41,ACTUAL,2008-12,2012-05,INDUSTRY,1,1,1
NCT00702715,PHASE3,69,ACTUAL,2008-09-24,2010-03-15,INDUSTRY,1,0,0
NCT00002615,PHASE3,500,ESTIMATED,1994-06,,OTHER_GOV,1,1,1
NCT01283815,PHASE2,60,ACTUAL,2011-01,2014-08,OTHER,2,1,1
NCT02635035,PHASE2,38,ACTUAL,2015-11,2019-01-09,OTHER,2,2,1
NCT02766608,PHASE3,2389,ACTUAL,2016-05-31,2017-12-01,INDUSTRY,1,259,8
NCT02656017,PHASE2,97,ACTUAL,2016-06-27,2020-12-07,OTHER,1,2,1
NCT01148017,PHASE3,433,ACTUAL,2010-07,2013-04,INDUSTRY,1,19,1
NCT00218140,PHASE2,0,,,,NIH,2,1,1
NCT03104140,PHASE3,26,ACTUAL,2017-04-12,2018-04-01,OTHER,1,1,1
NCT00377689,PHASE2,34,ACTUAL,2006-09,2008-04,OTHER,2,1,1
NCT03401918,PHASE2,41,ACTUAL,2017-08-01,2021-07-01,OTHER,2,1,1
NCT00270491,PHASE2,130,ESTIMATED,2005-12,2009-10,OTHER,2,1,1
NCT00435474,PHASE3,70,ESTIMATED,2007-04,2009-05,OTHER,2,1,1
NCT00158574,PHASE2|PHASE3,2419,ACTUAL,2005-01,2008-04,OTHER,1,1,1
NCT00417274,PHASE2,31,ACTUAL,2006-12,2008-05,INDUSTRY,1,0,0
NCT00333918,PHASE3,522,ACTUAL,2006-06,2007-03,INDUSTRY,2,1,1
NCT04535791,PHASE3,321,ACTUAL,2020-07-15,2020-12-30,OTHER_GOV,2,1,1
NCT00725374,PHASE3,102,ACTUAL,2002-12-15,2005-04-15,INDUSTRY,1,0,0
NCT00888004,PHASE2,28,ACTUAL,2009-03,2009-08,INDUSTRY,2,5,1
NCT01610206,PHASE2,148,ACTUAL,2012-09,2018-06-01,OTHER,3,8,1
NCT00142584,PHASE3,336,ACTUAL,2005-08,2008-03,INDUSTRY,1,1,1
NCT00004252,PHASE3,,,1999-11,2007-09,INDUSTRY,1,26,1
NCT02687152,PHASE1|PHASE2,24,ACTUAL,2014-03,2015-11,OTHER,1,1,1
NCT00118352,PHASE2,12,ACTUAL,2005-03,2010-07,OTHER,64,2,2
NCT00745147,PHASE3,93,ACTUAL,2008-07,2009-10,OTHER,1,1,1
NCT00386958,PHASE2,172,,2002-11,2006-01,OTHER,4,1,1
NCT01443858,PHASE2,146,ACTUAL,2011-08,2012-12,OTHER,1,4,1
NCT01368848,PHASE2,7,ACTUAL,2010-04,2012-12,OTHER,1,3,1
NCT01410448,PHASE3,383,ACTUAL,2011-11,2015-12,INDUSTRY,1,22,1
NCT03040726,PHASE2|PHASE3,53,ACTUAL,2017-05-03,2022-02-14,OTHER,3,1,1
NCT05011526,PHASE3,1030,ACTUAL,2021-10-08,2021-12-28,INDUSTRY,1,2,1
NCT03195478,PHASE1|PHASE2,37,ACTUAL,2017-08-02,2024-01-05,INDUSTRY,1,12,1
NCT02129478,PHASE2,15,ACTUAL,2014-03,2016-01,OTHER,1,3,1
NCT00294385,PHASE3,430,ACTUAL,2002-06,,OTHER,1,18,7
NCT04163185,PHASE3,302,ACTUAL,2019-10-08,2020-03-16,INDUSTRY,1,41,1
NCT00508885,PHASE1|PHASE2,17,ACTUAL,2006-10,,OTHER,1,1,1
NCT00117143,PHASE1|PHASE2,16,ACTUAL,2002-12-02,2004-07-19,INDUSTRY,1,0,0
NCT03062943,PHASE2,30,ACTUAL,2016-12-06,2021-12,OTHER,1,1,1
NCT00044915,PHASE2,782,ACTUAL,2000-12,,INDUSTRY,2,119,15
NCT01782235,PHASE2|PHASE3,110,ACTUAL,2013-07-24,2018-07-16,OTHER,1,1,1
NCT00418535,PHASE2,,,2006-04,2009-03,OTHER,1,1,1
NCT03810976,PHASE2,37,ACTUAL,2018-03-27,2022-05-30,OTHER,1,1,1
NCT05936008,PHASE2,59,ACTUAL,2023-07-03,2025-12-08,OTHER,3,1,1
NCT00568776,PHASE2,353,ACTUAL,2007-12,2010-05,INDUSTRY,1,62,2
NCT02653976,PHASE2,67,ACTUAL,2016-03-25,2020-10-11,INDUSTRY,1,24,4
NCT04432376,PHASE2|PHASE3,382,ACTUAL,2020-07-08,2021-11-01,INDUSTRY,1,12,1
NCT02773576,PHASE3,140,ACTUAL,2016-04,2017-09,INDUSTRY,1,1,1
NCT03600376,PHASE3,17,ACTUAL,2018-08-19,2019-08-14,INDUSTRY,1,4,1
NCT01285817,PHASE2,79,ACTUAL,2011-01-12,2015-09-11,OTHER,1,1,1
NCT03523117,PHASE3,79,ACTUAL,2019-01-31,2020-12-22,INDUSTRY,1,16,1
NCT00889889,PHASE2,1270,ACTUAL,2009-05,2011-01,INDUSTRY,1,15,1
NCT01032889,PHASE2,129,ACTUAL,2009-12,2010-12,INDUSTRY,1,10,1
NCT01174368,PHASE2,1,ACTUAL,2010-06,2016-12,OTHER,1,1,1
NCT05567068,PHASE2,54,ACTUAL,2023-02-01,2025-06-01,OTHER,1,1,1
NCT00568750,PHASE2,47,ACTUAL,2008-01-22,2012-01-18,OTHER,1,18,4
NCT05433350,PHASE2|PHASE3,35,ACTUAL,2022-07-09,2026-03-31,OTHER,3,6,2
NCT00356291,PHASE2,53,ACTUAL,2007-04,2008-10,OTHER,1,1,1
NCT04509674,PHASE3,6522,ACTUAL,2020-12-16,2023-11-05,INDUSTRY,1,439,22
NCT01257074,PHASE3,76,ACTUAL,2012-02,2012-03,INDUSTRY,1,1,1
NCT01408563,PHASE2,33,ACTUAL,2011-12,2017-06,OTHER,5,3,1
NCT03285321,PHASE2,105,ACTUAL,2017-09-15,2023-10-13,OTHER,1,12,1
NCT01914393,PHASE3,702,ACTUAL,2013-09-30,2018-10-17,INDUSTRY,3,88,15
NCT00394121,PHASE3,400,ESTIMATED,2006-03,2007-07,INDUSTRY,1,28,5
NCT02979821,PHASE2,6,ACTUAL,2016-10,2017-12,OTHER,2,1,1
NCT00723021,PHASE2,15,ACTUAL,2008-07,2008-12,INDUSTRY,1,4,1
NCT00046722,PHASE1|PHASE2,50,,2003-01,,OTHER,2,1,1
NCT01514851,PHASE3,259,ACTUAL,2006-01,2006-05,INDUSTRY,1,31,1
NCT04321031,PHASE2,256,ACTUAL,2020-06-15,2024-01-23,INDUSTRY,2,291,12
NCT00006202,PHASE2,45,,2000-09,,NIH,1,1,1
NCT00663702,PHASE3,123,ACTUAL,2008-05,2009-12,INDUSTRY,1,30,3
NCT01025453,PHASE2,37,ACTUAL,2009-12-01,2018-01-16,OTHER,1,5,1
NCT02414737,PHASE3,20,ACTUAL,2016-02,2017-06,INDUSTRY,1,1,1
NCT00128245,PHASE2,440,,2004-09,2006-12,INDUSTRY,1,1,1
NCT01567072,PHASE3,192,ACTUAL,2012-04,2016-06,OTHER,1,1,1
NCT02053272,PHASE2,207,ACTUAL,2014-02,2016-02,INDUSTRY,1,25,2
NCT00757172,PHASE2,70,ACTUAL,2009-01,2011-11,OTHER,2,21,1
NCT04446572,PHASE2,58,ACTUAL,2018-10-16,2019-11-29,OTHER,3,1,1
NCT00005972,PHASE2,73,ACTUAL,2000-05,2006-10,OTHER,1,50,1
NCT00663039,PHASE2,27,ACTUAL,2009-10,2015-07,OTHER,1,1,1
NCT01969877,PHASE3,298,ACTUAL,2013-11,2018-04,OTHER,1,9,1
NCT02810275,PHASE3,69,ACTUAL,2012-10,2013-07,OTHER,2,0,0
NCT03780257,PHASE1|PHASE2,20,ACTUAL,2019-03-06,2021-10-14,INDUSTRY,8,7,3
NCT01905657,PHASE2|PHASE3,1034,ACTUAL,2013-08-09,2015-09-30,INDUSTRY,1,0,0
NCT01437501,PHASE2,291,ACTUAL,2011-10,2012-01,OTHER,1,1,1
NCT01003301,PHASE2,19,ACTUAL,2009-10,2012-12,OTHER,1,1,1
NCT00160212,PHASE2,,,2004-12,,INDUSTRY,1,130,11
NCT00992212,PHASE2,418,ACTUAL,2009-08,2009-10,INDUSTRY,1,5,1
NCT02889328,PHASE2,25,ACTUAL,2016-09,2017-08-09,OTHER,1,1,1
NCT00375128,PHASE1|PHASE2,26,,2006-09,,OTHER,2,2,1
NCT00063128,PHASE2,119,ACTUAL,2003-04,,INDUSTRY,1,25,1
NCT00100165,PHASE2,29,ACTUAL,2005-01,2007-07,OTHER,1,1,1
NCT00869765,PHASE2,5,ACTUAL,2009-04,2010-09,OTHER,2,1,1
NCT01532700,PHASE2,28,ACTUAL,2012-02,2017-06-30,OTHER,1,1,1
NCT04345900,PHASE2,55,ACTUAL,2017-04-05,2018-03-20,INDUSTRY,1,19,4
NCT02600507,PHASE3,529,ACTUAL,2016-03-07,2020-07-02,INDUSTRY,1,71,5
NCT03188692,PHASE3,33,ACTUAL,2017-06-23,2017-11-02,INDUSTRY,1,3,1
NCT00003392,PHASE2,61,ACTUAL,1997-09,2002-08,OTHER,1,14,1
NCT02021136,PHASE3,67,ACTUAL,2013-10,2016-07,INDUSTRY,1,1,1
NCT03761264,PHASE2,55,ACTUAL,2018-09-18,2020-02-13,OTHER,1,1,1
NCT03652064,PHASE3,395,ACTUAL,2018-11-06,2024-05-07,INDUSTRY,1,114,13
NCT01446263,PHASE3,128,ACTUAL,2011-10,2013-04,FED,1,1,1
NCT00236821,PHASE3,530,ACTUAL,2001-03,,INDUSTRY,1,0,0
NCT00061321,PHASE3,770,ACTUAL,2002-08,2007-04,NIH,1,1,1
NCT02420821,PHASE3,915,ACTUAL,2015-05-20,2020-02-14,INDUSTRY,1,154,21
NCT01331863,PHASE1|PHASE2,16,ACTUAL,2011-05-31,2018-08-31,OTHER,3,1,1
NCT02968563,PHASE2,35,ACTUAL,2016-12-13,2019-06-17,INDUSTRY,1,14,1
NCT01493687,PHASE3,683,ACTUAL,2011-12,2013-07,INDUSTRY,1,50,2
NCT01142193,PHASE3,249,ACTUAL,2010-05,2012-12,INDUSTRY,1,69,16
NCT00233363,PHASE2,104,ACTUAL,2005-04-15,2006-01-19,INDUSTRY,2,1,1
NCT00245063,PHASE2,25,ACTUAL,2006-03,2010-03,NIH,1,1,1
NCT03571087,PHASE3,374,ACTUAL,2014-09,2015-08,INDUSTRY,1,0,0
NCT03133221,PHASE2,17,ACTUAL,2017-10-23,2023-06-15,OTHER,9,3,1
NCT01682863,PHASE3,614,ACTUAL,2012-10,2014-06,INDUSTRY,1,86,7
NCT00076687,PHASE2,155,ACTUAL,2003-10,2009-08,INDUSTRY,3,4,4
NCT06213987,PHASE3,20,ACTUAL,2024-02-01,2024-06-01,OTHER,2,1,1
NCT00051987,PHASE2,175,,2002-12,2004-03,INDUSTRY,1,22,1
NCT00768287,PHASE2|PHASE3,77,ACTUAL,2009-01,2013-03,INDUSTRY,1,23,7
NCT04706793,PHASE3,42,ACTUAL,2020-12-25,2022-08-03,INDUSTRY,1,38,1
NCT04401293,PHASE3,257,ACTUAL,2020-04-26,2021-05-14,OTHER,2,6,1
NCT01175993,PHASE1|PHASE2,34,ACTUAL,2011-08-24,2014-02-04,NIH,3,1,1
NCT03098563,PHASE2,58,ACTUAL,2017-11-01,2023-11-17,OTHER,1,1,1
NCT00783263,PHASE3,440,ACTUAL,2008-11,2010-05,INDUSTRY,1,0,0
NCT00000587,PHASE2,,,1988-09,2005-01,OTHER,5,0,0
NCT03386487,PHASE2,228,ACTUAL,2019-01-14,2022-07-25,OTHER,1,4,1
NCT00333593,PHASE1|PHASE2,10,,2006-06,,OTHER_GOV,2,1,1
NCT00332163,PHASE2,95,ACTUAL,2006-04,2008-01,INDUSTRY,5,0,0
NCT04596293,PHASE2,38,ACTUAL,2021-06-11,2022-05-17,INDUSTRY,1,30,4
NCT01963793,PHASE2,20,ACTUAL,2013-10,2014-07,INDUSTRY,1,1,1
NCT00261287,PHASE3,102,,2005-11,2006-06,INDUSTRY,2,3,1
NCT00616187,PHASE2,41,ACTUAL,2003-10,2007-06,OTHER,1,0,0
NCT02019693,PHASE2,20,ACTUAL,2014-01-24,2021-12-17,NIH,1,1,1
NCT01224821,PHASE2,47,ACTUAL,1995-12,1997-11,INDUSTRY,1,0,0
NCT00821093,PHASE3,1123,ACTUAL,2009-01,2009-10,INDUSTRY,1,144,8
NCT00129363,PHASE3,75,ACTUAL,2002-01,2006-01,INDIV,1,17,1
NCT00464087,PHASE3,100,ACTUAL,2007-06,2010-11,OTHER,1,7,2
NCT00215293,PHASE3,240,ACTUAL,2000-08,2007-10,INDUSTRY,1,0,0
NCT02096705,PHASE3,477,ACTUAL,2014-03-31,2016-01-28,INDUSTRY,1,29,3
NCT04120194,PHASE3,2654,ACTUAL,2019-10-14,2020-10-29,INDUSTRY,1,19,1
NCT01903694,PHASE3,474,ESTIMATED,2010-03,2013-11,OTHER,1,1,1
NCT00242866,PHASE2,430,ACTUAL,2005-10,2007-09,INDUSTRY,1,62,9
NCT05279456,PHASE3,39,ACTUAL,2022-08-15,2023-12-31,INDUSTRY,1,1,1
NCT02698566,PHASE3,35,ACTUAL,2016-03-21,2016-04-05,INDUSTRY,1,4,1
NCT02449122,PHASE1|PHASE2,60,ACTUAL,2015-05,2016-02,OTHER,1,1,1
NCT00130351,PHASE3,155,ACTUAL,2005-07,2005-08,INDUSTRY,1,12,1
NCT02973451,PHASE2,80,ESTIMATED,2016-04,2017-07,OTHER_GOV,1,1,1
NCT02665351,PHASE2|PHASE3,16,ACTUAL,2011-02,2014-03,OTHER,1,1,1
NCT00087529,PHASE2|PHASE3,439,ACTUAL,2004-06,2007-10,INDUSTRY,1,0,0
NCT01102231,PHASE2,106,ACTUAL,2010-03,2014-01,OTHER,1,38,1
NCT01598831,PHASE3,816,ACTUAL,2012-10-29,2018-04-05,INDUSTRY,2,161,24
NCT00290602,PHASE2,40,,2004-02,,OTHER_GOV,3,1,1
NCT01906853,PHASE3,1272,ACTUAL,2013-07,2023-09,OTHER,3,2,1
NCT01701245,PHASE2,97,ACTUAL,2012-10,2014-03,INDUSTRY,1,10,4
NCT01606072,PHASE2,21,ACTUAL,2011-11,2015-02,INDUSTRY,1,1,1
NCT06588972,PHASE2,45,ACTUAL,2024-01-01,2024-10-10,OTHER,1,1,1
NCT00003695,PHASE3,1000,ESTIMATED,1998-05,,OTHER_GOV,1,1,1
NCT00054795,PHASE3,550,,,,INDUSTRY,3,92,8
NCT03759639,PHASE2,33,ACTUAL,2019-09-04,2022-11-07,INDUSTRY,1,9,5
NCT01934777,PHASE3,60,ACTUAL,2013-10,2014-10,OTHER,5,1,1
NCT03843775,PHASE1|PHASE2,17,ACTUAL,2019-02-14,2023-09-02,OTHER,1,4,1
NCT03533257,PHASE2,95,ACTUAL,2018-09-14,2020-10-22,INDUSTRY,1,11,1
NCT00003857,PHASE3,636,ACTUAL,1999-12,2004-02,NETWORK,1,369,2
NCT00570401,PHASE2,22,ACTUAL,2006-06,2011-09,OTHER,1,1,1
NCT03640507,PHASE2|PHASE3,30,ACTUAL,2018-10-01,2019-05-08,OTHER,2,1,1
NCT02916771,PHASE2,61,ACTUAL,2016-10,2025-01-08,OTHER,1,1,1
NCT01350271,PHASE3,214,ACTUAL,2011-05,2011-06,OTHER,1,2,1
NCT00835471,PHASE2,195,ACTUAL,2009-03,2014-06,OTHER,1,14,1
NCT04463771,PHASE2,206,ACTUAL,2021-01-26,2026-05-29,INDUSTRY,1,65,7
NCT00003644,PHASE3,571,ACTUAL,1998-10,2010-03,NETWORK,1,151,2
NCT00803244,PHASE3,381,ACTUAL,2009-01,2009-08,INDUSTRY,1,6,3
NCT00365144,PHASE2,36,ACTUAL,2006-02,2009-01,OTHER,1,1,1
NCT06534944,PHASE1|PHASE2,8,ACTUAL,2023-02-27,2024-07-30,OTHER,1,1,1
NCT00610844,PHASE2,9,ACTUAL,2004-04,2006-05,OTHER,2,1,1
NCT01340534,PHASE3,370,ACTUAL,2011-10,2011-12,OTHER,1,1,1
NCT01674634,PHASE3,715,ACTUAL,2012-09,2013-07,INDUSTRY,1,25,1
NCT05741034,PHASE3,159,ACTUAL,2023-04-07,2024-12-09,INDUSTRY,1,9,1
NCT04429334,PHASE2,220,ACTUAL,2020-09-23,2022-05-20,INDUSTRY,1,17,2
NCT00352534,PHASE3,808,ACTUAL,2006-11-06,2014-12-31,NETWORK,3,240,7
NCT01447602,PHASE3,10,ACTUAL,2011-09,2014-06,OTHER,2,2,1
NCT01086553,PHASE3,471,ACTUAL,2009-11,2012-05,INDUSTRY,1,1,1
NCT00987753,PHASE1|PHASE2,13,ACTUAL,1999-03,2000-09,OTHER,2,1,1
NCT00097045,PHASE2,90,,2004-11,,INDUSTRY,1,3,1
NCT00306072,PHASE1|PHASE2,82,,2005-06,,INDUSTRY,1,2,1
NCT03125395,PHASE3,57,ACTUAL,2017-05-12,2019-07-17,INDUSTRY,1,20,2
NCT01153139,PHASE2|PHASE3,32,ACTUAL,2010-04,2012-12,OTHER,1,1,1
NCT00914277,PHASE2,24,ACTUAL,2009-05,2009-09,INDUSTRY,1,1,1
NCT02032875,PHASE3,116,ACTUAL,2014-03,2014-11,INDUSTRY,1,5,1
NCT03694275,PHASE2,20,ACTUAL,2018-09-10,2020-07-13,INDUSTRY,2,8,1
NCT01050257,PHASE3,118,ACTUAL,2010-01,2012-09,INDUSTRY,1,96,9
NCT03538301,PHASE2,123,ACTUAL,2018-06-18,2022-08-24,INDUSTRY,1,33,4
NCT00922701,PHASE2,4,ACTUAL,2004-06,2004-10,INDUSTRY,1,1,1
NCT00565981,PHASE2,10,ACTUAL,2004-03,2008-02-13,OTHER,1,8,1
NCT00633581,PHASE2|PHASE3,150,ACTUAL,2008-03,2008-05,OTHER,1,1,1
NCT02005419,PHASE2,300,ACTUAL,2013-12,2017-02,OTHER,4,1,1
NCT00430430,PHASE2,24,ACTUAL,2007-04,2009-04,OTHER,3,1,1
NCT00193830,PHASE3,750,,1996-05,,OTHER_GOV,4,1,1
NCT02949128,PHASE3,58,ACTUAL,2017-01-11,2023-01-24,INDUSTRY,1,37,14
NCT01379365,PHASE2|PHASE3,88,ACTUAL,2011-06,2014-12,INDUSTRY,2,1,1
NCT02589067,PHASE2,67,ACTUAL,2015-10,2017-10,OTHER,1,1,1
NCT02182167,PHASE2|PHASE3,102,ACTUAL,2014-05,2019-02,OTHER,1,2,1
NCT00002700,PHASE3,392,ESTIMATED,1995-08,2004-03,NETWORK,2,44,10
NCT01917292,PHASE3,123,ACTUAL,2012-12,2013-12,OTHER,2,1,1
NCT02455336,PHASE2|PHASE3,23,ACTUAL,2015-05-18,2018-08-01,FED,2,2,1
NCT01862536,PHASE2,44,ACTUAL,2013-10-01,2019-08-31,FED,2,5,1
NCT03584711,PHASE2,118,ACTUAL,2018-04-26,2025-03-30,OTHER,1,124,2
NCT00259311,PHASE2,400,,2005-11,,INDUSTRY,1,22,1
NCT01415011,PHASE2,39,ACTUAL,2012-12,2015-08,OTHER,1,15,1
NCT01704534,PHASE2,20,ACTUAL,2012-05,2014-01,OTHER,1,1,1
NCT04608734,PHASE2,36,ACTUAL,2015-06-10,2016-06-13,OTHER,1,1,1
NCT01493934,PHASE1|PHASE2,12,ACTUAL,2010-04,2013-03,OTHER_GOV,1,1,1
NCT03849664,PHASE3,200,ACTUAL,2017-06-02,2019-04-11,INDUSTRY,1,13,1
NCT00294164,PHASE2|PHASE3,245,ACTUAL,2001-03,2002-05,INDUSTRY,2,0,0
NCT02562664,PHASE2,66,ACTUAL,2014-01,2014-06,OTHER,2,0,0
NCT02314364,PHASE2,27,ACTUAL,2014-12,2021-11-10,OTHER,2,1,1
NCT00002553,PHASE2,50,ESTIMATED,1990-08,,OTHER,2,1,1
NCT04077437,PHASE3,121,ACTUAL,2020-09-02,2022-10-30,INDUSTRY,1,14,2
NCT01647945,PHASE2,23,ACTUAL,2012-07,2014-05,OTHER,1,1,1
NCT03497845,PHASE2,720,ACTUAL,2018-03-15,2019-11-19,FED,1,6,1
NCT04176939,PHASE3,68,ACTUAL,2019-12-09,2022-08-12,INDUSTRY,1,15,7
NCT00000239,PHASE2,0,,,,NIH,1,1,1
NCT04570839,PHASE1|PHASE2,48,ACTUAL,2020-08-31,2024-05-15,INDUSTRY,4,9,1
NCT01826201,PHASE2,21,ACTUAL,2013-03,2013-08,INDUSTRY,1,3,1
NCT02367612,PHASE2,140,ACTUAL,2014-12,2015-04,OTHER,2,3,1
NCT02799212,PHASE3,179,ACTUAL,2018-01-10,2024-04-30,OTHER,1,7,1
NCT00974181,PHASE3,282,ACTUAL,2004-01,2005-05,INDUSTRY,1,1,1
NCT02522481,PHASE3,175,ACTUAL,2015-09-24,2017-11-07,INDUSTRY,1,17,4
NCT01413828,PHASE2|PHASE3,201,ACTUAL,2011-05,2016-08,OTHER,1,1,1
NCT01183065,PHASE2,13,ACTUAL,2010-08,2014-04,OTHER,1,5,1
NCT00430365,PHASE3,614,ACTUAL,2006-06,2017-09,OTHER,1,77,3
NCT06287567,PHASE2,17,ACTUAL,2024-04-17,2024-11-13,OTHER,2,1,1
NCT00191100,PHASE3,515,ACTUAL,2002-05,2008-04,INDUSTRY,1,7,7
NCT00512811,PHASE3,,,,,OTHER,1,1,1
NCT00374036,PHASE3,416,ESTIMATED,2005-06,2009-12,OTHER,2,1,1
NCT04424511,PHASE3,149201,ACTUAL,2020-10-15,2024-12-31,OTHER,1,1,1
NCT04743011,PHASE1|PHASE2,27,ACTUAL,2021-06-01,2021-11-30,OTHER,1,2,1
NCT05628311,PHASE3,319,ACTUAL,2023-01-06,2023-10-25,INDUSTRY,1,1,1
NCT02650271,PHASE3,240,ACTUAL,2021-02-02,2023-12-25,OTHER,1,1,1
NCT00056134,PHASE1|PHASE2,23,ACTUAL,2002-10,2011-10,OTHER,1,1,1
NCT00460434,PHASE2,337,ACTUAL,2007-05,2011-01,NETWORK,1,8,1
NCT04693234,PHASE2,178,ACTUAL,2021-02-15,2022-06-16,INDUSTRY,1,68,8
NCT00911664,PHASE2,54,ACTUAL,2009-02,2009-10,OTHER,1,1,1
NCT01755364,PHASE3,122,ACTUAL,2012-11-01,2013-01-28,INDUSTRY,1,1,1
NCT01284764,PHASE3,144,ESTIMATED,2011-01,2011-07,OTHER,1,1,1
NCT00214864,PHASE2,18,ACTUAL,2002-12,2006-01,OTHER,1,1,1
NCT00110864,PHASE2,90,ESTIMATED,2005-05,,INDUSTRY,1,18,1
NCT03170609,PHASE2,365,ACTUAL,2017-06-05,2018-06-25,INDUSTRY,1,4,1
NCT00240409,PHASE3,208,ACTUAL,2003-07,2004-08,INDUSTRY,1,7,1
NCT04310709,PHASE2,42,ACTUAL,2020-06-16,2022-05-30,OTHER,2,3,1
NCT00090909,PHASE2,1,ACTUAL,2003-06,2005-03,OTHER,1,1,1
NCT00226499,PHASE3,5803,ACTUAL,2005-09-01,2006-10-12,INDUSTRY,2,104,10
NCT04117932,PHASE2,18,ACTUAL,2020-03-11,2022-12-22,OTHER,1,1,1
NCT00095498,PHASE2,227,ACTUAL,2004-08-11,2007-04-01,INDUSTRY,1,0,0
NCT00332709,PHASE3,83,ACTUAL,2006-01,2010-08,INDUSTRY,2,23,1
NCT02023099,PHASE3,363,ACTUAL,2013-12,2014-10,INDUSTRY,1,0,0
NCT01848132,PHASE2,121,ACTUAL,2013-10-03,2018-01,OTHER,1,21,1
NCT01530698,PHASE1|PHASE2,28,ACTUAL,2010-04,2014-11,OTHER,1,1,1
NCT01426698,PHASE2,208,ACTUAL,2011-08,2014-03,OTHER,1,1,1
NCT01554709,PHASE2|PHASE3,71,ACTUAL,2012-03,2013-12,INDUSTRY,1,5,3
NCT05077709,PHASE2,63,ACTUAL,2022-04-11,2025-11-30,INDUSTRY,3,21,3
NCT00445432,PHASE2|PHASE3,82,ACTUAL,2007-03,2009-03,INDUSTRY,1,29,1
NCT00040209,PHASE2,30,,2002-06,,NIH,1,1,1
NCT00907309,PHASE1|PHASE2,121,ACTUAL,2010-09,2012-09,OTHER,3,1,1
NCT01839799,PHASE2,32,ACTUAL,2013-04,2017-04,OTHER,1,1,1
NCT03872232,PHASE3,180,ACTUAL,2019-02-26,2020-08-12,INDUSTRY,2,1,1
NCT00175032,PHASE3,1045,ACTUAL,2003-07,2004-07,INDUSTRY,2,0,0
NCT00013663,PHASE2,92,,,,NIH,1,1,1
NCT02062463,PHASE3,485,ACTUAL,2014-05-28,2015-03-13,INDUSTRY,1,74,1
NCT06403787,PHASE2|PHASE3,28,ACTUAL,2022-05-01,2023-04-01,OTHER,1,1,1
NCT05199493,PHASE3,64,ACTUAL,2021-12-27,2022-12-19,OTHER,3,1,1
NCT04650399,PHASE3,754,ACTUAL,2022-02-14,2023-03-14,OTHER_GOV,1,10,1
NCT01051999,PHASE2,17,ACTUAL,2010-02,2011-02,OTHER,2,1,1
NCT01272232,PHASE3,846,ACTUAL,2011-06-01,2013-01-01,INDUSTRY,2,161,13
NCT00428298,PHASE2,60,ACTUAL,2007-03,2012-08,OTHER,1,1,1
NCT03015532,PHASE2,285,ACTUAL,2017-01-13,2018-04-20,INDUSTRY,1,24,1
NCT00749632,PHASE2,45,ACTUAL,2007-07,2008-10,INDUSTRY,1,2,1
NCT05755932,PHASE3,35,ACTUAL,2023-06-14,2024-07-22,INDUSTRY,1,5,2
NCT01181609,PHASE2,54,ACTUAL,2005-06,2010-05,INDUSTRY,1,16,1
NCT01988909,PHASE2,18,ACTUAL,2013-09,2015-12,OTHER,1,2,1
NCT00792909,PHASE3,172,ACTUAL,2008-12-02,2009-07-02,INDUSTRY,1,5,2
NCT03635099,PHASE2,274,ACTUAL,2018-09-17,2021-05-06,INDUSTRY,1,34,3
NCT01696032,PHASE2,120,ACTUAL,2012-09,2016-08,INDUSTRY,1,24,3
NCT00000498,PHASE3,,,1980-04,,NIH,4,0,0
NCT00537498,PHASE2,77,ACTUAL,2002-02,,INDUSTRY,3,1,1
NCT00285298,PHASE3,39,ACTUAL,2006-01,2008-04,FED,1,0,0
NCT03429998,PHASE3,9,ACTUAL,2017-04-01,2018-01-28,OTHER,1,1,1
NCT02279498,PHASE3,128,ACTUAL,2015-06,2016-10,INDUSTRY,2,54,7
NCT03338998,PHASE2,32,ACTUAL,2017-12-24,2020-05-13,INDUSTRY,2,11,1
NCT00082498,PHASE2,119,ACTUAL,2004-05,2005-12,NIH,1,30,1
NCT05727098,PHASE2|PHASE3,75,ACTUAL,2023-01-01,2023-04-30,OTHER,1,1,1
NCT04457063,PHASE2|PHASE3,8,ACTUAL,2018-07-01,2020-06-01,OTHER,1,1,1
NCT03028363,PHASE3,759,ACTUAL,2016-12-27,2017-11-28,INDUSTRY,1,49,3
NCT04639193,PHASE2,20,ACTUAL,2020-12-01,2022-01-27,OTHER,2,2,1
NCT01621399,PHASE3,651,ACTUAL,2012-05,2012-10,INDUSTRY,1,37,1
NCT04569032,PHASE2,82,ACTUAL,2020-11-12,2024-05-09,INDUSTRY,1,63,5
NCT00753532,PHASE2,241,ACTUAL,2007-11,2012-03,OTHER,1,1,1
NCT00126009,PHASE2,120,,2004-05,,INDUSTRY,1,5,5
NCT01994109,PHASE3,187,ACTUAL,2013-11,2016-01,INDUSTRY,1,34,3
NCT02293499,PHASE2,371,ACTUAL,2015-05-14,2019-02-28,OTHER,1,4,1
NCT05872932,PHASE2|PHASE3,131,ACTUAL,2023-12-30,2024-06-30,OTHER,1,1,1
NCT02451098,PHASE3,385,ACTUAL,2015-03,2015-10,INDUSTRY,1,1,1
NCT02230098,PHASE3,50,ACTUAL,2013-08,2014-10,OTHER,1,1,1
NCT00464399,PHASE3,20,,2006-09,2012-12,INDUSTRY,1,1,1
NCT00077363,PHASE2,70,ACTUAL,2004-05,2007-02,NIH,2,1,1
NCT00527787,PHASE3,434,ACTUAL,2007-09,2008-10,INDUSTRY,1,1,1
NCT06391593,PHASE2,69,ACTUAL,2024-03-25,2025-04-14,INDUSTRY,2,15,1
NCT03848793,PHASE2,128,ACTUAL,2019-03-06,2020-06-04,INDUSTRY,1,1,1
NCT01219621,PHASE3,450,ACTUAL,2006-04,2009-04,INDUSTRY,1,10,1
NCT01807221,PHASE2,1066,ACTUAL,2013-06-17,2014-11-11,INDUSTRY,1,172,25
NCT06045221,PHASE3,1698,ACTUAL,2023-09-22,2025-08-22,INDUSTRY,1,131,6
NCT00841321,PHASE2,120,ACTUAL,2009-01,2010-11,FED,2,2,1
NCT00010621,PHASE2,,,1999-09,,NIH,1,1,1
NCT00105521,PHASE3,398,ACTUAL,2004-09-30,2006-03-31,INDUSTRY,2,32,1
NCT03065621,PHASE2,100,ACTUAL,2017-07-05,2019-03-28,OTHER,1,5,1
NCT00611221,PHASE3,77,ACTUAL,2008-01,2009-05,OTHER,1,1,1
NCT00577421,PHASE3,32,ACTUAL,2003-06,,INDUSTRY,1,5,5
NCT00868309,PHASE2,12,ACTUAL,2005-01,2006-08,INDUSTRY,2,1,1
NCT03557099,PHASE1|PHASE2,55,ACTUAL,2018-06-20,2019-10-31,INDUSTRY,1,1,1
NCT00971932,PHASE2,33,ACTUAL,2009-07,2011-03,INDUSTRY,1,10,1
NCT03806998,PHASE3,147,ACTUAL,2015-09,2018-10-01,OTHER,1,1,1
NCT05911009,PHASE2,119,ACTUAL,2023-06-16,2024-06-26,INDUSTRY,1,16,5
NCT02696499,PHASE2,70,ACTUAL,2016-02,2016-08,INDUSTRY,1,13,1
NCT03447132,PHASE3,354,ACTUAL,2017-12-20,2021-04-12,OTHER,1,14,8
NCT00063232,PHASE2,28,ACTUAL,2003-06,2008-03,NIH,1,1,1
NCT01562821,PHASE2,235,ACTUAL,2001-07,2002-12,INDUSTRY,2,7,3
NCT00103493,PHASE3,1021,ACTUAL,2004-10,,OTHER,4,1,1
NCT04060199,PHASE3,77,ACTUAL,2020-04-14,2023-10-19,INDUSTRY,1,40,19
NCT00369863,PHASE2,76,,2002-06,,OTHER,1,1,1
NCT00611663,PHASE2|PHASE3,47,ACTUAL,2008-05,2014-12,OTHER,1,1,1
NCT05420142,PHASE2,9,ACTUAL,2022-03-14,2022-05-12,OTHER,4,2,2
NCT02047461,PHASE2,8,ACTUAL,2014-04,2022-08,INDUSTRY,1,6,5
NCT00003203,PHASE2,168,ACTUAL,1998-03,2007-10,NETWORK,3,38,3
NCT00302003,PHASE3,287,ACTUAL,2006-02,2012-03,NETWORK,6,1,1
NCT02781727,PHASE3,162,ACTUAL,2016-12-13,2019-01-17,INDUSTRY,5,53,14
NCT03182686,PHASE3,168,ACTUAL,2017-06-19,2017-12-07,INDUSTRY,4,13,1
NCT00151086,PHASE1|PHASE2,33,ACTUAL,2001-12,2004-03,OTHER,1,1,1
NCT04053270,PHASE3,100,ACTUAL,2007-05,2009-12-09,INDUSTRY,1,0,0
NCT03304470,PHASE2,31,ACTUAL,2017-09-25,2018-03-05,INDUSTRY,1,1,1
NCT01686373,PHASE2,74,ACTUAL,2012-04,2017-05,OTHER,1,2,1
NCT03117569,PHASE3,380,ACTUAL,2017-08-21,2018-12-19,OTHER_GOV,1,33,8
NCT03075241,PHASE3,62,ACTUAL,2016-10,2020-04,OTHER,4,1,1
NCT00828854,PHASE2,27,ACTUAL,2008-10-01,2009-11-24,INDUSTRY,1,6,2
NCT04331405,PHASE1|PHASE2,20,ACTUAL,2013-03-18,2018-03-21,OTHER_GOV,1,1,1
NCT02558894,PHASE2,65,ACTUAL,2015-11-16,2017-06-15,INDUSTRY,1,21,6
NCT04057456,PHASE3,14,ACTUAL,2023-03-01,2024-05-01,OTHER,2,1,1
NCT00470522,PHASE3,86,ACTUAL,1995-06,,OTHER,1,1,1
NCT00411151,PHASE2,52,ACTUAL,2006-12,2009-07,OTHER,2,12,1
NCT01123551,PHASE3,200,ACTUAL,2010-06,2014-07,OTHER,1,1,1
NCT02706951,PHASE3,648,ACTUAL,2016-03-23,2017-10-02,INDUSTRY,1,153,25
NCT04524351,PHASE1|PHASE2,75,ACTUAL,2020-08-14,2021-08-16,INDUSTRY,2,13,1
NCT02437656,PHASE2,60,ACTUAL,2015-05,2017-03,OTHER,1,11,1
NCT00433056,PHASE3,320,ESTIMATED,2004-01,,OTHER,2,1,1
NCT01333956,PHASE1|PHASE2,120,ACTUAL,2011-05,2013-03,OTHER,1,1,1
NCT00098722,PHASE2|PHASE3,474,ACTUAL,2004-12,2007-04,INDUSTRY,1,172,13
NCT07035561,PHASE2,30,ACTUAL,2023-06-01,2025-01-31,OTHER,2,1,1
NCT03736161,PHASE3,61,ACTUAL,2017-09-15,2019-09-28,OTHER,1,1,1
NCT00117442,PHASE2,61,ACTUAL,2002-08,2004-08,INDUSTRY,3,0,0
NCT03156361,PHASE2,24,ACTUAL,2017-05-18,2018-01-15,INDUSTRY,1,1,1
NCT01593761,PHASE2,20,ACTUAL,2012-06,2012-09,INDUSTRY,1,1,1
NCT00049127,PHASE1|PHASE2,64,ACTUAL,2003-06,2011-08,OTHER,4,229,1
NCT03652870,PHASE3,52,ACTUAL,2021-03-05,2023-01-23,OTHER,2,1,1
NCT02215070,PHASE2,37,ACTUAL,2015-01-21,2019-02-28,OTHER,1,2,1
NCT00870883,PHASE2,81,ACTUAL,2009-03,2015-05,OTHER,2,1,1
NCT02924883,PHASE2,202,ACTUAL,2016-09-26,2017-12-11,INDUSTRY,1,68,9
NCT02137083,PHASE2,22,ACTUAL,2014-04,2017-07,OTHER,1,1,1
NCT02713841,PHASE1|PHASE2,12,ACTUAL,2013-05,2013-07,INDUSTRY,1,0,0
NCT01263041,PHASE2|PHASE3,75,ACTUAL,2011-05,2014-02,OTHER,2,1,1
NCT03772041,PHASE3,294,ACTUAL,2019-01-16,2020-07-21,INDUSTRY,1,1,1
NCT02380066,PHASE2,120,ACTUAL,2015-03,2016-03,OTHER,1,6,1
NCT01109056,PHASE2,115,ACTUAL,2010-06,2011-05,INDUSTRY,1,3,3
NCT00593151,PHASE1|PHASE2,32,ACTUAL,2008-01,2008-12,INDUSTRY,1,5,1
NCT01583322,PHASE2,188,ACTUAL,2012-06,2015-05,OTHER,1,36,1
NCT01994629,PHASE2,202,ACTUAL,2013-11,2014-04,INDUSTRY,1,4,1
NCT03575702,PHASE3,300,ACTUAL,2016-07-18,2017-08-01,INDUSTRY,1,11,1
NCT01535053,PHASE3,57,ACTUAL,2012-06-18,2018-05-31,NETWORK,5,289,5
NCT02395653,PHASE3,71,ACTUAL,2015-06-29,2016-09-12,INDUSTRY,1,10,1
NCT00249353,PHASE3,220,ACTUAL,2002-03,,INDUSTRY,1,0,0
NCT05586737,PHASE2,15,ACTUAL,2019-04-29,2024-12-15,OTHER,2,1,1
NCT03006445,PHASE3,330,ACTUAL,2016-12,2018-08-23,INDUSTRY,1,1,1
NCT00148772,PHASE2,29,ESTIMATED,2005-08,2008-08,OTHER,1,2,1
NCT00003461,PHASE1|PHASE2,,,1998-02,2005-02,OTHER,3,1,1
NCT05950061,PHASE3,744,ACTUAL,2022-06-01,2022-10-29,OTHER,1,1,1
NCT02445742,PHASE2,30,ACTUAL,2015-05,2018-12,OTHER,1,13,1
NCT05208242,PHASE2|PHASE3,47,ACTUAL,2023-11-10,2025-04-05,OTHER_GOV,3,2,1
NCT00664703,PHASE2,13,ACTUAL,2008-07,2010-01,INDUSTRY,1,1,1
NCT00000727,PHASE3,322,,,,NIH,2,9,1
NCT01386827,PHASE3,120,ACTUAL,2008-01,2011-04,OTHER,1,0,0
NCT02474927,PHASE2,22,ACTUAL,2015-11-01,2020-11-09,OTHER,1,1,1
NCT00787761,PHASE2,24,ACTUAL,2007-04,2010-07,OTHER,7,1,1
NCT02017561,PHASE2,54,ACTUAL,2014-01,2019-12,OTHER,3,1,1
NCT01704261,PHASE3,307,ACTUAL,2012-10-18,2014-12-23,INDUSTRY,1,0,0
NCT01516086,PHASE2,498,ACTUAL,2012-03,2013-11,INDUSTRY,1,1,1
NCT06173570,PHASE2,428,ACTUAL,2024-01-19,2024-09-30,INDUSTRY,1,55,8
NCT00484770,PHASE2,135,ACTUAL,2003-02,,OTHER,1,0,0
NCT06097273,PHASE3,8061,ACTUAL,2023-10-19,2024-05-28,INDUSTRY,2,146,1
NCT03178773,PHASE2,166,ACTUAL,2017-07-18,2019-12-02,OTHER,1,1,1
NCT00511069,PHASE2,3,ACTUAL,2006-07,2008-02,OTHER,1,1,1
NCT02437383,PHASE2,200,ACTUAL,2015-08-20,2018-04-04,OTHER,1,3,1
NCT00467441,PHASE2,60,ESTIMATED,,,INDUSTRY,1,1,1
NCT02946554,PHASE2,24,ACTUAL,2016-12,2019-07,INDUSTRY,1,10,2
NCT03830905,PHASE2,120,ACTUAL,2019-01-31,2019-07-03,INDUSTRY,2,16,1
NCT01244594,PHASE2|PHASE3,17,ACTUAL,2010-07,2013-10,OTHER,1,3,1
NCT01577394,PHASE3,65,ACTUAL,2011-06,2016-02,OTHER,2,1,1
NCT01559194,PHASE3,82,ACTUAL,2005-05,2007-12,OTHER,2,1,1
NCT03150966,PHASE2,41,ACTUAL,2016-06-08,2017-08-10,OTHER,1,1,1
NCT02721966,PHASE3,503,ACTUAL,2016-10-03,2019-06-26,INDUSTRY,1,94,18
NCT01121822,PHASE3,129,ACTUAL,2010-05,2010-06,INDUSTRY,1,3,1
NCT03181529,PHASE2,27,ACTUAL,2017-08-10,2020-12-02,OTHER,1,1,1
NCT04347031,PHASE2|PHASE3,320,ACTUAL,2020-04-08,2020-11-01,OTHER_GOV,2,1,1
NCT02465502,PHASE2,59,ACTUAL,2015-07-21,2017-05-02,INDUSTRY,1,1,1
NCT02776137,PHASE2,91,ACTUAL,2016-03,2017-12,OTHER,2,1,1
NCT01223937,PHASE3,268,ACTUAL,2010-11,2011-11,INDUSTRY,1,45,2
NCT01741545,PHASE3,71,ACTUAL,2013-03-31,2015-01-31,INDUSTRY,1,32,8
NCT00939445,PHASE3,10,ACTUAL,2009-06,2011-09,OTHER_GOV,1,1,1
NCT00972803,PHASE2,25,ACTUAL,2008-05,,OTHER,1,1,1
NCT00140803,PHASE2,106,ACTUAL,2003-10,,OTHER,1,2,2
NCT01597427,PHASE2,29,ACTUAL,2009-03,2011-04,OTHER,1,1,1
NCT01486927,PHASE2|PHASE3,175,ACTUAL,2012-02,2014-12,INDUSTRY,1,56,20
NCT00578227,PHASE3,814,ACTUAL,2007-12-15,2008-12-01,INDUSTRY,1,21,4
NCT00601627,PHASE2,52,ACTUAL,2009-06,2011-07,OTHER,1,281,1
NCT02676986,PHASE2,221,ACTUAL,2015-08-10,2016-12-31,OTHER,2,41,5
NCT00924573,PHASE3,189,ACTUAL,2009-05,2010-03,INDUSTRY,1,1,1
NCT01497873,PHASE2,164,ACTUAL,2010-09,2017-12,INDUSTRY,1,14,1
NCT01977573,PHASE2,252,ACTUAL,2013-10-31,2015-05-01,INDUSTRY,1,123,15
NCT01081769,PHASE3,769,ACTUAL,2010-02,2013-02,INDUSTRY,1,94,25
NCT03215069,PHASE3,91,ACTUAL,2018-07-01,2024-12-31,OTHER,1,1,1
NCT00685841,PHASE3,717,ACTUAL,2002-02,2003-06,INDUSTRY,1,52,1
NCT00607854,PHASE2,31,ACTUAL,2008-02,2011-02,OTHER,2,12,1
NCT01698554,PHASE3,464,ACTUAL,2012-11,2014-02,INDUSTRY,1,4,4
NCT03470805,PHASE2,9,ACTUAL,2018-06-21,2022-07-27,OTHER,1,16,1
NCT02159066,PHASE2,158,ACTUAL,2014-07-23,2023-01-10,INDUSTRY,1,32,9
NCT00309751,PHASE3,418,ACTUAL,2005-12,2007-06,INDUSTRY,2,35,6
NCT03498651,PHASE2,1748,ACTUAL,2019-01-20,2020-12-03,OTHER,1,1,1
NCT03067129,PHASE2|PHASE3,129,ACTUAL,2017-03-20,2020-05-21,INDUSTRY,1,38,9
NCT01253629,PHASE2,175,ACTUAL,2010-11,2013-08,INDUSTRY,1,31,10
NCT00757731,PHASE3,490,ACTUAL,2006-09,2008-10,INDUSTRY,1,10,10
NCT01260831,PHASE2,144539,ACTUAL,2011-01,2015-06,OTHER,1,22,7
NCT01623531,PHASE3,62,ACTUAL,2014-02,2019-03-31,OTHER,1,1,1
NCT01771731,PHASE1|PHASE2,27,ACTUAL,2014-08,2017-05-12,OTHER,1,1,1
NCT00511602,PHASE2,123,ACTUAL,2003-12,2004-11,INDUSTRY,1,0,0
NCT00191802,PHASE3,120,,2003-09,,INDUSTRY,1,13,1
NCT00403637,PHASE2|PHASE3,45,ACTUAL,2006-11,2007-02,INDUSTRY,1,5,1
NCT00202345,PHASE3,120,,2004-08,,OTHER,2,6,1
NCT00775645,PHASE3,437,ACTUAL,2009-09,2012-01,NETWORK,5,295,1
NCT05359861,PHASE2,30,ACTUAL,2022-04-12,2025-06-30,INDUSTRY,1,37,4
NCT02010242,PHASE2,136,ACTUAL,2013-10,2015-02,INDUSTRY,1,48,6
NCT03936270,PHASE2,43,ACTUAL,2020-03-05,2022-01-18,OTHER,1,5,1
NCT02737670,PHASE2,126,ACTUAL,2014-08,2017-03,OTHER,1,1,1
NCT01967069,PHASE3,277,ACTUAL,2013-11,2014-07,INDUSTRY,1,28,1
NCT05378269,PHASE1|PHASE2,17,ACTUAL,2021-11-22,2022-12-20,INDUSTRY,1,2,1
NCT00439556,PHASE2,40,ACTUAL,2007-02-13,2018-06-07,OTHER,4,1,1
NCT00987922,PHASE2,36,ACTUAL,2007-07,2011-09,OTHER,1,0,0
NCT02926222,PHASE2,119,ACTUAL,2015-11,2017-07,OTHER,1,10,1
NCT03462251,PHASE3,41,ACTUAL,2018-05-24,2021-11-30,INDUSTRY,3,27,1
NCT02177331,PHASE3,53,ACTUAL,1995-06,1998-01,INDUSTRY,1,0,0
NCT04361331,PHASE2,61,ACTUAL,2020-03-06,2023-09-01,OTHER,1,2,1
NCT04795531,PHASE3,588,ACTUAL,2021-03-24,2022-06-23,INDUSTRY,1,190,12
NCT02886702,PHASE3,855,ACTUAL,2016-09-19,2017-08-02,INDUSTRY,1,30,1
NCT00680953,PHASE3,1262,ACTUAL,2008-05,2012-06,INDUSTRY,1,4,1
NCT05216653,PHASE2,32,ACTUAL,2022-04-07,2023-03-31,OTHER,1,1,1
NCT01282437,PHASE3,315,ACTUAL,2009-01,2014-09,OTHER,3,9,1
NCT00982137,PHASE2,108,ACTUAL,2004-07,2005-04,INDUSTRY,2,1,1
NCT00177437,PHASE3,403,,1999-06,,OTHER,2,1,1
NCT01636037,PHASE2,13,ACTUAL,2012-09,2015-12,OTHER,1,1,1
NCT02915237,PHASE1|PHASE2,36,ACTUAL,2016-08,2019-01-17,OTHER,1,1,1
NCT01825837,PHASE2,104,ACTUAL,2006-03,2007-06,INDUSTRY,1,0,0
NCT00835861,PHASE2,31,ACTUAL,2008-08,2010-02,OTHER,2,1,1
NCT00919061,PHASE2,39,ACTUAL,2009-08,2014-03,OTHER,2,1,1
NCT05223361,PHASE3,120,ACTUAL,2016-04,2021-04-30,OTHER,1,1,1
NCT01424761,PHASE2|PHASE3,51,ACTUAL,2011-08,2013-03,OTHER,1,1,1
NCT02018042,PHASE2,15,ACTUAL,2013-09,2017-07-31,OTHER,1,1,1
NCT04121442,PHASE1|PHASE2,15,ACTUAL,2020-09-01,2023-12-31,INDUSTRY,1,1,1
NCT00221403,PHASE3,46,ACTUAL,2004-09,2011-05,OTHER,1,2,1
NCT04930003,PHASE1|PHASE2,244,ACTUAL,2021-06-15,2021-12-15,OTHER_GOV,3,1,1
NCT00264927,PHASE3,77,ACTUAL,2004-05,2007-09,INDUSTRY,2,11,11
NCT03455842,PHASE2,105,ACTUAL,2018-02-01,2018-12-31,INDUSTRY,1,4,2
NCT02254486,PHASE3,621,ACTUAL,2014-09,2015-06,INDUSTRY,3,12,1
NCT00070486,PHASE2,140,ACTUAL,2003-12,2006-12,OTHER,1,75,1
NCT00745069,PHASE2,670,ACTUAL,2004-07,,INDUSTRY,3,0,0
NCT00231569,PHASE2,74,ACTUAL,2005-09,2007-06,INDUSTRY,1,5,2
NCT00096083,PHASE2,56,ACTUAL,2004-09,2012-08,INDUSTRY,1,1,1
NCT06603883,PHASE2|PHASE3,19,ACTUAL,2024-10-19,2026-03-13,OTHER,1,2,1
NCT06812741,PHASE3,60,ACTUAL,2024-02-09,2024-07-28,OTHER,1,1,1
NCT01034254,PHASE3,3693,ACTUAL,2010-11,2014-05,OTHER,1,1,1
NCT00128505,PHASE3,104,ACTUAL,2005-08,2006-11,INDUSTRY,2,19,4
NCT00000494,PHASE3,,,1978-09,,NIH,4,0,0
NCT03728556,PHASE3,381,ACTUAL,2018-10-26,2023-04-03,INDUSTRY,1,1,1
NCT00054756,PHASE2,96,ACTUAL,2003-02-07,2014-09-26,NIH,3,1,1
NCT00313729,PHASE2,120,ACTUAL,1999-05,2014-09-25,OTHER,1,1,1
NCT00102453,PHASE1|PHASE2,17,ACTUAL,2002-03,2006-07,NETWORK,1,5,1
NCT04652102,PHASE2|PHASE3,39680,ACTUAL,2020-12-11,2022-06-10,INDUSTRY,2,46,10
NCT01399853,PHASE2,1200,ACTUAL,2011-07,2011-11,NETWORK,2,1,1
NCT00003853,PHASE2,45,ESTIMATED,1999-04,2000-08,NIH,1,3,2
NCT02420353,PHASE2,20,ACTUAL,2015-05,2018-10,OTHER,1,1,1
NCT02989753,PHASE1|PHASE2,40,ESTIMATED,2017-01,2018-06,INDUSTRY,2,1,1
NCT00334061,PHASE2,125,ACTUAL,2006-06,2007-06,INDUSTRY,1,1,1
NCT01537042,PHASE3,30,ACTUAL,2012-04,2013-10,INDUSTRY,2,15,6
NCT01404442,PHASE1|PHASE2,90,ACTUAL,2011-05,2011-11,OTHER,1,1,1
NCT06552442,PHASE2,10,ACTUAL,2020-09-05,2024-01-01,OTHER,2,1,1
NCT03282227,PHASE3,342,ACTUAL,2017-11-07,2019-05-17,INDUSTRY,1,31,1
NCT00864227,PHASE2,54,ACTUAL,2008-12,2011-04,OTHER,6,16,1
NCT02773927,PHASE3,40,ACTUAL,2013-01,2014-01,OTHER,1,1,1
NCT01773070,PHASE3,478,ACTUAL,2013-06,2016-10,INDUSTRY,1,0,0
NCT01170273,PHASE3,130,ACTUAL,2010-08,2014-06,FED,2,1,1
NCT00236873,PHASE2,47,ACTUAL,1989-10,,INDUSTRY,3,0,0
NCT00944073,PHASE2,583,ACTUAL,2009-08,2010-04,NIH,1,9,1
NCT00349141,PHASE1|PHASE2,270,,2006-06,,INDUSTRY,1,3,2
NCT02425241,PHASE1|PHASE2,41,ACTUAL,2013-10,2016-02,OTHER,1,1,1
NCT02304354,PHASE3,70,ACTUAL,2015-03-09,2019-04-09,OTHER,1,8,1
NCT02675205,PHASE3,100,ACTUAL,2015-12,2020-07,NETWORK,1,1,1
NCT05676294,PHASE2,384,ACTUAL,2023-06-26,2025-12-05,OTHER,1,1,1
NCT00690066,PHASE2,63,ACTUAL,2008-06-11,2010-12-12,INDUSTRY,4,20,1
NCT01764022,PHASE3,225,ACTUAL,2012-10,2015-03,INDUSTRY,1,36,4
NCT01890122,PHASE3,647,ACTUAL,2013-09,2015-09,INDUSTRY,1,45,4
NCT00257322,PHASE2,20,ACTUAL,2003-04,2007-01,OTHER,2,1,1
NCT02541929,PHASE2|PHASE3,31,ACTUAL,2016-06-30,2018-11-30,OTHER,1,1,1
NCT03667131,PHASE2,59,ACTUAL,2017-02-13,2017-12-08,OTHER,1,1,1
NCT00145002,PHASE3,130,,1998-08,,OTHER,2,1,1
NCT00821353,PHASE3,90,ESTIMATED,2009-01,2012-06,OTHER,2,1,1
NCT01731561,PHASE3,166,ACTUAL,2012-11-16,2016-04-05,OTHER,3,1,1
NCT00265642,PHASE3,166,ACTUAL,2006-10,2013-04,OTHER_GOV,1,1,1
NCT00165061,PHASE3,80,,2000-07,,OTHER,1,1,1
NCT02296242,PHASE1|PHASE2,53,ACTUAL,2014-11,2017-06-15,INDUSTRY,2,5,1
NCT02162303,PHASE2,106,ACTUAL,2014-05,2015-07,OTHER,1,1,1
NCT01078727,PHASE1|PHASE2,25,ACTUAL,2007-08,2009-07,OTHER,1,1,1
NCT00774527,PHASE3,82,ACTUAL,2003-03,2010-02,NETWORK,1,1,1
NCT00655486,PHASE3,97,ACTUAL,2008-04,2010-06,INDUSTRY,2,7,1
NCT00200473,PHASE3,800,,2001-09,,INDUSTRY,1,1,1
NCT03527173,PHASE2,71,ACTUAL,2018-08-29,2019-05-08,INDUSTRY,1,1,1
NCT01547169,PHASE2,60,ACTUAL,2011-03,2012-12,OTHER,2,1,1
NCT00159783,PHASE3,218,ACTUAL,2005-07,2007-04,INDUSTRY,1,0,0
NCT04600141,PHASE3,308,ACTUAL,2020-11-10,2021-10-20,OTHER,1,3,1
NCT00263354,PHASE2,20,,2003-10,2006-07,INDUSTRY,1,0,0
NCT02282254,PHASE2,35,ACTUAL,2014-10,2016-07,OTHER,1,1,1
NCT02049905,PHASE3,433,ACTUAL,2014-01,2017-05,INDUSTRY,1,74,13
NCT02086656,PHASE2,46,ACTUAL,2013-06,2017-03-30,OTHER,1,1,1
NCT00894556,PHASE3,109,ACTUAL,2009-06-10,2010-01-12,INDUSTRY,1,0,0
NCT00005622,PHASE2,72,ACTUAL,1996-05,2005-09,OTHER,5,1,1
NCT03426722,PHASE3,4,ACTUAL,2018-03-01,2019-12-24,OTHER,1,1,1
NCT01731951,PHASE2,80,ACTUAL,2012-10-29,2018-05-24,INDUSTRY,3,1,1
NCT02755922,PHASE3,20,ACTUAL,2010-04,2010-09,OTHER_GOV,1,0,0
NCT05876351,PHASE3,25,ACTUAL,2023-07-14,2025-05-07,INDUSTRY,1,6,1
NCT00503802,PHASE2,242,ACTUAL,2007-07,2011-06,OTHER,3,3,1
NCT06728553,PHASE2,78,ACTUAL,2025-02-24,2025-06-27,INDUSTRY,1,7,1
NCT02104661,PHASE2,30,ACTUAL,2014-10,2018-01-31,OTHER,1,1,1
NCT01890161,PHASE2,21,ACTUAL,2013-08,2014-04,INDUSTRY,1,3,1
NCT01901042,PHASE2|PHASE3,20,ACTUAL,2012-01,2012-11,OTHER,2,0,0
NCT05217303,PHASE2,100,ACTUAL,2020-11-02,2023-02-19,INDUSTRY,1,2,1
NCT03052127,PHASE1|PHASE2,57,ACTUAL,2017-02-27,2021-01-26,INDUSTRY,3,13,1
NCT00662727,PHASE2,28,ACTUAL,2007-01,2012-06,INDUSTRY,1,1,1
NCT01845727,PHASE1|PHASE2,80,ACTUAL,2014-02,2016-05,OTHER,1,1,1
NCT01125527,PHASE3,700,ACTUAL,2009-08,2009-10,INDUSTRY,1,1,1
NCT02174627,PHASE3,2781,ACTUAL,2014-06-26,2018-10-04,INDUSTRY,1,359,26
NCT00005070,PHASE2,,,2000-01,2001-05,OTHER,1,0,0
NCT00550173,PHASE2,247,ACTUAL,2007-11,2012-01,INDUSTRY,1,29,7
NCT00852683,PHASE3,70,ESTIMATED,2008-05,2013-04,OTHER,2,1,1
NCT01783041,PHASE2|PHASE3,144,ACTUAL,2013-01,2020-12,OTHER,3,2,1
NCT03625141,PHASE2,80,ACTUAL,2018-12-13,2021-06-07,INDUSTRY,1,22,8
NCT00857454,PHASE3,71,ACTUAL,2008-10,2009-08,INDUSTRY,1,11,1
NCT03131154,PHASE3,123,ACTUAL,2017-04-26,2019-04-19,INDUSTRY,1,27,1
NCT02617654,PHASE2,18,ACTUAL,2015-11,2020-09,OTHER,1,1,1
NCT05652205,PHASE3,123,ACTUAL,2022-12-29,2025-09-02,INDUSTRY,2,48,4
NCT03824405,PHASE2,200,ACTUAL,2019-02-04,2020-01-27,INDUSTRY,1,31,3
NCT06174766,PHASE3,356,ACTUAL,2024-05-10,2026-01-08,INDUSTRY,1,1,1
NCT00500656,PHASE3,85,ACTUAL,2005-03-01,2006-07-25,INDUSTRY,1,1,1
NCT04551222,PHASE2|PHASE3,99,ACTUAL,2021-06-09,2025-12-31,FED,1,5,1
NCT00353522,PHASE2,135,ACTUAL,2006-07,2008-10,INDUSTRY,1,17,2
NCT03256422,PHASE3,640,ACTUAL,2017-09-07,2019-08-06,OTHER_GOV,1,63,1
NCT00405522,PHASE3,34,ACTUAL,2006-11,2007-06,OTHER,1,1,1
NCT02068222,PHASE2,10,ACTUAL,2014-04,2015-03,INDUSTRY,2,0,0
NCT05037851,PHASE2,102,ACTUAL,2021-11-19,2023-10-19,INDUSTRY,1,19,2
NCT00989131,PHASE3,789,ACTUAL,2009-02,2013-10,INDUSTRY,3,84,16
NCT01653431,PHASE1|PHASE2,68,ACTUAL,2013-01,2018-11,OTHER,1,1,1
NCT00351910,PHASE3,494,ACTUAL,2006-05,,INDUSTRY,1,72,12
NCT02639910,PHASE2,24,ACTUAL,2016-11,2018-11,INDUSTRY,3,17,6
NCT00207610,PHASE3,959,ACTUAL,2003-06,2007-09,FED,1,1,1
NCT04145310,PHASE1|PHASE2,26,ACTUAL,2018-11-27,2022-07-07,INDUSTRY,2,1,1
NCT01027910,PHASE1|PHASE2,20,ACTUAL,2009-02,2015-03,OTHER,1,2,1
NCT00525213,PHASE2,224,ACTUAL,2007-10,2009-08,INDUSTRY,1,34,10
NCT03774082,PHASE2,46,ACTUAL,2020-05-20,2022-02-25,INDUSTRY,1,21,14
NCT02474082,PHASE3,202,ACTUAL,2015-04,2016-06,INDUSTRY,1,32,1
NCT02072824,PHASE3,175,ACTUAL,2014-09-16,2018-03-13,INDUSTRY,1,72,23
NCT00681824,PHASE2,95,ACTUAL,2008-05,2010-03,INDUSTRY,2,13,2
NCT03315923,PHASE2|PHASE3,84,ACTUAL,2017-12-01,2019-02-01,OTHER,1,1,1
NCT00808223,PHASE2,30,ACTUAL,2009-04,2012-02,INDUSTRY,1,5,3
NCT02558374,PHASE3,708,ACTUAL,2015-09,2016-12,INDUSTRY,2,1,1
NCT06867718,PHASE2,267,ACTUAL,2025-01-24,2025-11-06,INDUSTRY,1,35,1
NCT00543218,PHASE3,63,ACTUAL,2002-12,,INDUSTRY,1,4,1
NCT00623090,PHASE3,1893,ACTUAL,2007-10,2011-03,OTHER,1,2,1
NCT06002490,PHASE3,21,ACTUAL,2023-10-17,2024-07-26,INDUSTRY,1,6,1
NCT00785590,PHASE3,26,ACTUAL,2008-08,2008-09,INDUSTRY,1,1,1
NCT00019890,PHASE2,,,,,NIH,3,0,0
NCT04153513,PHASE2,206,ACTUAL,2019-01-01,2020-09-30,OTHER,1,1,1
NCT00005613,PHASE2,147,ACTUAL,1996-03,2006-10,OTHER,1,2,1
NCT01838460,PHASE1|PHASE2,16,ACTUAL,2012-05,2012-08,INDUSTRY,1,1,1
NCT03741660,PHASE2,11,ACTUAL,1991-01,1992-06,OTHER,2,0,0
NCT02153060,PHASE2,58,ACTUAL,2014-05,2015-01,OTHER,1,1,1
NCT03458260,PHASE2,74,ACTUAL,2018-12-26,2024-12-24,OTHER,1,22,2
NCT01877720,PHASE2|PHASE3,16,ACTUAL,2013-11,2014-04,OTHER,1,3,1
NCT00404820,PHASE3,604,ACTUAL,2006-10,2008-12,INDUSTRY,1,1,1
NCT00073320,PHASE3,88,ACTUAL,2003-08,,INDUSTRY,1,0,0
NCT00200824,PHASE2,,,2000-05,,NIH,2,1,1
NCT01298024,PHASE2,30,ACTUAL,2011-03,2013-04,OTHER,1,1,1
NCT00524680,PHASE2,148,ACTUAL,2007-06,2011-05,OTHER,1,1,1
NCT02147379,PHASE3,53,ACTUAL,2014-05,2015-10,OTHER,1,1,1
NCT01262196,PHASE2,348,ACTUAL,2011-05,2012-10,INDUSTRY,3,40,14
NCT03197662,PHASE2,32,ACTUAL,2018-04-11,2022-08-29,OTHER,2,1,1
NCT04696146,PHASE1|PHASE2,45,ACTUAL,2021-03-03,2022-07-31,OTHER,2,1,1
NCT01262027,PHASE2,22,ACTUAL,2012-01-27,2015-11-25,OTHER,1,1,1
NCT00969527,PHASE3,86,ACTUAL,2009-09,2011-03,INDUSTRY,1,1,1
NCT00504127,PHASE3,1020,ACTUAL,2007-04,2008-12,INDUSTRY,1,73,1
NCT00513461,PHASE2,110,ACTUAL,2007-10,2012-08,OTHER,2,5,1
NCT00000461,PHASE2,,,1986-12,,NIH,4,0,0
NCT01862003,PHASE2,24,ACTUAL,2014-05,2019-08-02,OTHER,2,4,1
NCT04031703,PHASE3,647,ACTUAL,2011-01-01,2016-04-20,OTHER,1,0,0
NCT01685827,PHASE2|PHASE3,394,ACTUAL,2012-10,2016-11-11,OTHER,2,10,3
NCT00094627,PHASE3,465,ACTUAL,2004-11,,INDUSTRY,1,0,0
NCT01062490,PHASE2,45,ACTUAL,2004-11,2008-07,INDUSTRY,1,1,1
NCT00883090,PHASE2,15,ACTUAL,2009-05,2010-04,INDUSTRY,1,6,2
NCT03825510,PHASE2,3,ACTUAL,2017-04-28,2022-03-08,OTHER,2,1,1
NCT03338790,PHASE2,292,ACTUAL,2017-12-19,2021-01-13,INDUSTRY,1,66,11
NCT01055197,PHASE2,97,ACTUAL,2010-03,2015-03,NETWORK,1,115,3
NCT02899910,PHASE2,67,ACTUAL,2013-06,2014-01,OTHER,3,0,0
NCT00176813,PHASE2,5,ACTUAL,2003-03,2003-11,OTHER,1,1,1
NCT01297413,PHASE1|PHASE2,38,ACTUAL,2011-02,2017-09,INDUSTRY,1,3,1
NCT01698320,PHASE3,364,ACTUAL,2012-10,2013-12,INDUSTRY,1,30,1
NCT01921582,PHASE2,51,ACTUAL,2013-08,2015-09,OTHER,1,1,1
NCT00149682,PHASE2,100,,2005-07,,NIH,1,1,1
NCT02336620,PHASE3,60,ACTUAL,2014-12,2017-01-30,OTHER,2,1,1
NCT03031782,PHASE3,86,ACTUAL,2017-05-23,2020-10-07,INDUSTRY,2,31,10
NCT01449682,PHASE3,10,ACTUAL,2011-10,2012-07,OTHER,2,1,1
NCT01974024,PHASE3,65,ACTUAL,2013-10-01,2016-06-30,OTHER,1,2,1
NCT00733824,PHASE1|PHASE2,61,ACTUAL,2008-11,2012-09,OTHER,2,1,1
NCT00003523,PHASE2,,,1999-01,,NETWORK,2,65,2
NCT06232759,PHASE2,56,ACTUAL,2022-04-01,2023-10-30,OTHER,1,1,1
NCT00742859,PHASE2,508,ACTUAL,2008-10,2009-08,INDUSTRY,1,21,2
NCT04020380,PHASE2,21,ACTUAL,2019-09-06,2020-06-20,OTHER_GOV,1,1,1
NCT02906579,PHASE2,11,ACTUAL,2016-09,2017-03-17,INDUSTRY,2,1,1
NCT01669096,PHASE2,20,ACTUAL,2012-08-21,2012-12-06,INDUSTRY,1,1,1
NCT00931346,PHASE1|PHASE2,72,ESTIMATED,2009-10,2010-10,NETWORK,1,1,1
NCT03015246,PHASE1|PHASE2,26,ACTUAL,2016-12,2020-06,OTHER,2,1,1
NCT00193388,PHASE2,100,,2002-09,2004-12,OTHER,1,0,0
NCT02961803,PHASE2|PHASE3,67,ACTUAL,2014-10,2016-06,INDUSTRY,3,4,3
NCT00654303,PHASE3,3500,ESTIMATED,1999-08,,INDUSTRY,1,0,0
NCT00043303,PHASE2,502,ACTUAL,2001-09,,INDUSTRY,2,0,0
NCT02257827,PHASE3,220,ACTUAL,2009-01,2013-01,OTHER,1,1,1
NCT01349803,PHASE2,237,ACTUAL,2011-05,2011-11,INDUSTRY,1,20,3
NCT02507427,PHASE1|PHASE2,30,ACTUAL,2015-07-26,2017-03-19,OTHER,1,1,1
NCT00247390,PHASE3,451,ACTUAL,2005-07,2006-12,INDUSTRY,1,48,9
NCT00590590,PHASE2,105,ACTUAL,2007-10,2009-06,INDUSTRY,1,48,2
NCT01609790,PHASE2,137,ACTUAL,2012-06-04,2015-10-02,NIH,6,244,2
NCT00125190,PHASE2|PHASE3,45,ACTUAL,2005-07,2009-01,INDUSTRY,2,1,1
NCT00766090,PHASE2,190,ACTUAL,2008-10,2009-03,INDUSTRY,1,16,1
NCT03230318,PHASE2,148,ACTUAL,2017-09-28,2022-10-25,INDUSTRY,2,41,11
NCT01294618,PHASE2,60,ACTUAL,2011-03,2011-03,OTHER,1,1,1
NCT04045613,PHASE1|PHASE2,95,ACTUAL,2019-08-02,2022-10-04,INDUSTRY,1,66,14
NCT00819520,PHASE3,812,ACTUAL,2004-02,2004-09,INDUSTRY,1,4,4
NCT00410020,PHASE2,130,,1999-06,,OTHER,2,3,1
NCT00135720,PHASE2,12,ESTIMATED,2004-06,,OTHER,1,1,1
NCT00719420,PHASE3,151,ACTUAL,2006-04,2007-02,OTHER,1,1,1
NCT02648724,PHASE1|PHASE2,57,ACTUAL,2016-03,2020-12,INDUSTRY,5,27,6
NCT00208923,PHASE2,55,ESTIMATED,1998-07,2007-10,OTHER,1,1,1
NCT00031759,PHASE2,57,ACTUAL,1999-06,2004-07,OTHER,2,8,1
NCT01832259,PHASE2,30,ACTUAL,2013-08,2017-02-07,OTHER,1,1,1
NCT03534180,PHASE2,12,ACTUAL,2018-08-21,2021-04-21,OTHER,3,2,1
NCT00283179,PHASE3,83,ACTUAL,2004-03,,INDUSTRY,2,1,1
NCT01378962,PHASE2,50,ACTUAL,2011-03-31,2013-06-30,INDUSTRY,1,10,1
NCT00076388,PHASE3,1440,,2004-02,2007-03,INDUSTRY,1,162,25
NCT00666588,PHASE2,52,ACTUAL,2008-04,2012-12,NIH,22,82,3
NCT01733927,PHASE3,497,ACTUAL,2010-05,2010-11,OTHER,1,1,1
NCT01249586,PHASE3,,,2010-02,2010-10,OTHER,1,1,1
NCT05135286,PHASE3,629,ACTUAL,2022-03-15,2025-03-13,OTHER,1,42,1
NCT04501874,PHASE2,82,ACTUAL,2020-07-29,2022-07-27,INDUSTRY,1,4,1
NCT00006390,PHASE2,,,2001-07-05,2004-12,NETWORK,1,14,1
NCT05269290,PHASE3,240,ACTUAL,2021-09-23,2022-04-29,INDUSTRY,3,8,1
NCT00311610,PHASE2,30,ACTUAL,2006-01,2007-01,OTHER,1,10,1
NCT02053610,PHASE3,787,ACTUAL,2009-12-31,2013-08-31,INDUSTRY,1,261,26
NCT03359213,PHASE2,18,ACTUAL,2018-07-26,2019-10-04,INDUSTRY,1,2,1
NCT00169260,PHASE2|PHASE3,536,ACTUAL,2005-02,2010-02,OTHER,1,1,1
NCT01547260,PHASE1|PHASE2,34,ACTUAL,2009-10,2014-01,OTHER,2,1,1
NCT00451282,PHASE3,290,ACTUAL,2007-04,2009-06,OTHER,1,1,1
NCT02028182,PHASE2,22,ACTUAL,2013-02,2013-06,INDUSTRY,1,1,1
NCT00329082,PHASE2,25,ACTUAL,2006-05,2008-05,INDUSTRY,1,6,1
NCT01815424,PHASE3,266,ACTUAL,2013-12,2015-07,INDUSTRY,1,24,3
NCT02718859,PHASE1|PHASE2,60,ACTUAL,2016-03-01,2017-03-01,OTHER,1,1,1
NCT00005859,PHASE1|PHASE2,136,ACTUAL,2000-05-16,2005-07-01,OTHER,1,11,1
NCT00070759,PHASE2,6,,2003-10-06,,NIH,1,1,1
NCT04350580,PHASE3,146,ACTUAL,2020-04-11,2020-11-20,OTHER,2,42,1
NCT00309179,PHASE2,41,ACTUAL,2007-09-24,2009-12-14,INDUSTRY,1,3,2
NCT00755079,PHASE2|PHASE3,40,ACTUAL,2007-04,2012-08,FED,1,1,1
NCT02267096,PHASE3,95,ACTUAL,2014-01,2016-06,OTHER,2,3,1
NCT00260962,PHASE2,34,ACTUAL,2000-09,2006-07,OTHER,1,1,1
NCT01591161,PHASE3,369,ACTUAL,2012-07,2013-06,INDUSTRY,3,1,1
NCT00773227,PHASE2,30,ACTUAL,2004-04,2015-07,OTHER,1,1,1
NCT00129727,PHASE2,62,ACTUAL,2005-06,2009-02,OTHER,1,0,0
NCT03283761,PHASE2,39,ACTUAL,2017-09-21,2022-12-27,OTHER,2,8,1
NCT00467961,PHASE2,61,ACTUAL,2007-04,2012-11,NIH,5,1,1
NCT00217061,PHASE3,98,,2005-04,2005-10,OTHER,4,1,1
NCT01782261,PHASE2,15,ACTUAL,2012-02,2015-02,OTHER,1,1,1
NCT01388361,PHASE3,413,ACTUAL,2011-09,2012-07,INDUSTRY,2,124,12
NCT05991661,PHASE1|PHASE2,24,ACTUAL,2023-05-12,2024-02-20,INDUSTRY,1,1,1
NCT01973218,PHASE3,264,ACTUAL,2013-11,2014-04,INDUSTRY,1,7,1
NCT01204918,PHASE2,104,ACTUAL,2011-06,2015-05,OTHER,1,3,1
NCT00000297,PHASE2,0,,1998-10,,NIH,1,1,1
NCT00183313,PHASE3,407,ACTUAL,2004-07,2009-07,OTHER,1,2,1
NCT04360720,PHASE3,3410,ACTUAL,2020-10-15,2024-11-30,OTHER,1,50,1
NCT01487720,PHASE2,33,ACTUAL,2008-10,2013-10,OTHER,1,1,1
NCT00237120,PHASE3,100,,2002-11,,INDUSTRY,1,0,0
NCT00000120,PHASE3,,,1985-01,,NIH,2,0,0
NCT02227420,PHASE3,76,ACTUAL,2014-10,2016-03,OTHER,2,1,1
NCT02035020,PHASE2,10,ACTUAL,2013-05,2014-07-30,OTHER,1,1,1
NCT03004924,PHASE3,753,ACTUAL,2017-03-29,2018-10-01,INDUSTRY,1,163,13
NCT05103423,PHASE1|PHASE2,50,ACTUAL,2021-06-24,2023-07-07,INDUSTRY,1,15,1
NCT00003923,PHASE2,4,ACTUAL,1999-03,2002-02,OTHER,4,1,1
NCT01802723,PHASE2,472,ACTUAL,2013-02,2013-06,INDUSTRY,1,22,1
NCT00698880,PHASE2|PHASE3,13,ACTUAL,2007-03,2008-02,OTHER,2,1,1
NCT02848079,PHASE1|PHASE2,41,ACTUAL,2016-10-31,2020-06-02,OTHER,1,1,1
NCT03526679,PHASE1|PHASE2,30,ACTUAL,2018-07-12,2021-06-30,OTHER,4,2,1
NCT01723696,PHASE2|PHASE3,252,ACTUAL,2012-12,2016-04,OTHER,4,2,1
NCT02268396,PHASE3,138,ACTUAL,2014-11,2015-01,INDUSTRY,1,10,1
NCT00839462,PHASE2,55,ACTUAL,2007-09,2007-09,INDUSTRY,1,1,1
NCT02940262,PHASE3,1138,ACTUAL,2016-09-15,2021-06-18,OTHER,2,1,1
NCT01720446,PHASE3,3297,ACTUAL,2013-02-21,2016-03-15,INDUSTRY,2,253,21
NCT00389896,PHASE3,150,,2001-07-26,2002-10-04,INDUSTRY,1,0,0
NCT00482196,PHASE2,173,ACTUAL,2005-07,2006-03,INDUSTRY,1,0,0
NCT05317546,PHASE2,36,ACTUAL,2022-10-01,2024-06-25,OTHER,1,1,1
NCT01513161,PHASE3,104,ACTUAL,2008-04,2009-10,INDUSTRY,1,1,1
NCT04399161,PHASE2|PHASE3,60,ACTUAL,2017-02-15,2017-12-20,OTHER,2,1,1
NCT05227703,PHASE2,391,ACTUAL,2022-07-05,2024-08-15,INDUSTRY,1,26,3
NCT00807027,PHASE3,180,ACTUAL,2008-12-05,2012-10,INDUSTRY,1,7,1
NCT00628160,PHASE2|PHASE3,72,ACTUAL,2006-10,2012-12,OTHER,2,1,1
NCT01365260,PHASE1|PHASE2,40,ACTUAL,2011-10,2012-11,INDUSTRY,1,1,1
NCT04892420,PHASE2,120,ACTUAL,2021-06-09,2021-08-20,OTHER,1,1,1
NCT00122460,PHASE3,442,ACTUAL,2004-12,2007-03,INDUSTRY,1,70,17
NCT02662582,PHASE2,46,ACTUAL,2016-06-30,2018-06-08,INDUSTRY,1,2,1
NCT04154982,PHASE2,181,ACTUAL,2020-09-02,2024-12-02,OTHER,1,1,1
NCT04654624,PHASE2|PHASE3,80,ACTUAL,2018-10-12,2019-10-01,OTHER,2,1,1
NCT02868580,PHASE2,43,ACTUAL,2016-10,2017-12,OTHER,1,4,1
NCT00414180,PHASE3,225,,2003-08,2005-05,OTHER,1,1,1
NCT03850080,PHASE2|PHASE3,15,ACTUAL,2017-10-06,2018-09-28,OTHER,3,1,1
NCT01005680,PHASE3,256,ACTUAL,2009-11,2012-11,INDUSTRY,1,8,1
NCT01208480,PHASE2,45,ACTUAL,2010-09,2012-02,OTHER,1,1,1
NCT02604680,PHASE2,509,ACTUAL,2015-10,2016-06,INDUSTRY,1,50,1
NCT00597779,PHASE3,200,ACTUAL,2007-02,2012-11,OTHER,1,1,1
NCT00012779,PHASE2,288,ESTIMATED,,,FED,1,3,1
NCT01857596,PHASE1|PHASE2,30,ACTUAL,2013-04,2014-10,INDUSTRY,2,2,1
NCT00089596,PHASE1|PHASE2,10,,2004-03,,INDUSTRY,5,4,1
NCT01449162,PHASE3,420,ACTUAL,2011-01,2019-11,INDUSTRY,1,8,6
NCT05018962,PHASE2,44,ACTUAL,2017-09-08,2019-04-15,OTHER,1,1,1
NCT03799562,PHASE2,96,ACTUAL,2019-05-01,2025-07-07,FED,1,1,1
NCT05527262,PHASE2,105,ACTUAL,2022-07-04,2025-12-31,OTHER,1,1,1
NCT00758446,PHASE2,36,ACTUAL,2008-09,2008-12,INDUSTRY,1,1,1
NCT01911546,PHASE2,20,ACTUAL,2013-06,2016-01,OTHER,1,1,1
NCT00567346,PHASE2|PHASE3,605,ACTUAL,2006-12,2007-10,INDUSTRY,1,40,7
NCT00165646,PHASE3,288,ACTUAL,2004-09,2005-10,INDUSTRY,1,35,1
NCT03067688,PHASE3,202,ACTUAL,2017-04-11,2018-03-27,INDUSTRY,2,1,1
NCT04170088,PHASE2|PHASE3,30,ACTUAL,2018-09-01,2019-05-01,OTHER_GOV,2,1,1
NCT03704688,PHASE1|PHASE2,12,ACTUAL,2018-10-09,2022-02-04,OTHER,2,7,1
NCT01972074,PHASE3,84,ACTUAL,2015-02-17,2018-05-07,OTHER,1,1,1
NCT01561690,PHASE2,184,ACTUAL,2012-04-02,2013-05-31,INDUSTRY,1,43,1
NCT00093990,PHASE3,457,ACTUAL,2004-01,,INDUSTRY,1,0,0
NCT00572897,PHASE2,66,ACTUAL,2007-08,2011-08,OTHER,1,12,4
NCT02898610,PHASE3,3154,ACTUAL,2016-12-12,2024-01-31,OTHER,2,145,14
NCT02473913,PHASE2,22,ACTUAL,2015-03,2018-06,OTHER,2,1,1
NCT01339260,PHASE3,1455,ACTUAL,2011-04,2012-11,INDUSTRY,1,172,15
NCT01993420,PHASE2,21,ACTUAL,2013-10,2014-02,INDUSTRY,1,2,1
NCT00790920,PHASE3,492,ACTUAL,2008-12,2014-07,INDUSTRY,1,102,17
NCT00161824,PHASE3,3800,,2001-10,,INDUSTRY,1,7,1
NCT00003424,PHASE3,300,ESTIMATED,1997-04,2000-06,OTHER_GOV,1,8,6
NCT02361424,PHASE2,47,ACTUAL,2013-02,2015-06,OTHER,1,1,1
NCT05203224,PHASE2,330,ACTUAL,2022-02-18,2025-11-24,OTHER,1,3,1
NCT06256523,PHASE1|PHASE2,72,ACTUAL,2022-06-29,2023-09-28,INDUSTRY,1,1,1
NCT04511923,PHASE1|PHASE2,40,ACTUAL,2020-12-23,2021-12-31,OTHER,4,1,1
NCT03150459,PHASE2,44,ACTUAL,2017-07-26,2018-03-12,OTHER,1,9,6
NCT02657980,PHASE3,96,ACTUAL,2015-04,2016-12,INDUSTRY,1,1,1
NCT00355680,PHASE3,24,ACTUAL,2005-12,2006-07,OTHER,1,1,1
NCT03995680,PHASE2,397,ACTUAL,2019-07-12,2019-10-09,OTHER,1,1,1
NCT05505279,PHASE3,20,ACTUAL,2022-10-05,2024-08-08,OTHER,3,1,1
NCT01861496,PHASE1|PHASE2,50,ACTUAL,2013-04,2021-10,INDUSTRY,2,4,1
NCT00208962,PHASE2,32,ACTUAL,1998-09,2007-09,OTHER,1,1,1
NCT01377662,PHASE2,30,ACTUAL,2011-08,2013-05,OTHER,2,3,1
NCT01935362,PHASE1|PHASE2,25,ACTUAL,2013-06,2014-02,OTHER,3,1,1
NCT02564146,PHASE2,325,ACTUAL,2016-12,2022-03,OTHER,2,1,1
NCT00098046,PHASE3,76,ESTIMATED,2005-07,,INDUSTRY,2,5,4
NCT03371888,PHASE2|PHASE3,58,ACTUAL,2017-12-07,2018-12-15,OTHER,4,1,1
NCT02543203,PHASE2,28,ACTUAL,2015-07,2018-03-16,OTHER,4,1,1
NCT03483103,PHASE2,74,ACTUAL,2018-07-27,2021-09-24,INDUSTRY,4,59,1
NCT03056690,PHASE2,186,ACTUAL,2017-03-20,2018-02-27,INDUSTRY,1,24,1
NCT00084097,PHASE2,30,,2004-06-02,,NIH,1,1,1
NCT03445897,PHASE2,50,ACTUAL,2016-01-31,2018-01-31,OTHER,1,0,0
NCT02819297,PHASE3,1020,ACTUAL,2016-06,2017-06,INDUSTRY,3,51,1
NCT01347710,PHASE3,795,ACTUAL,2011-06,2013-07,INDUSTRY,1,81,4
NCT02324413,PHASE3,45,ACTUAL,2013-10,2014-03,OTHER,1,1,1
NCT01259713,PHASE3,355,ACTUAL,2011-04,2013-12,INDUSTRY,1,1,1
NCT06188260,PHASE2,31,ACTUAL,2024-01-16,2024-11-04,OTHER,1,1,1
NCT00036660,PHASE2,10,ACTUAL,2002-01-10,2003-04-15,NETWORK,1,5,1
NCT03466320,PHASE1|PHASE2,21,ACTUAL,2018-09-18,2021-02-01,INDUSTRY,2,7,2
NCT01395524,PHASE3,302,ACTUAL,2011-07,2012-09,INDUSTRY,1,116,4
NCT01273259,PHASE2,51,ACTUAL,2008-05-06,2015-06-05,OTHER,2,4,1
NCT02431559,PHASE1|PHASE2,53,ACTUAL,2015-12-02,2018-12-11,OTHER,1,5,2
NCT03926780,PHASE3,79,ACTUAL,2018-12-01,2020-05-01,NETWORK,2,1,1
NCT04779879,PHASE2,354,ACTUAL,2021-02-18,2021-08-20,INDUSTRY,1,31,5
NCT05823896,PHASE2,219,ACTUAL,2023-05-01,2024-11-28,OTHER,10,1,1
NCT02598596,PHASE2,132,ACTUAL,2015-12,2020-04-13,INDUSTRY,1,11,1
NCT03206346,PHASE3,161,ACTUAL,2012-01,2012-11,INDUSTRY,4,5,1
NCT02753946,PHASE2|PHASE3,465,ACTUAL,2016-04,2017-01-12,INDUSTRY,3,68,16
NCT00545896,PHASE2,282,ACTUAL,2003-09,2010-06,OTHER,1,1,1
NCT01328496,PHASE2,14,ACTUAL,2011-06-15,2016-10-31,OTHER,3,1,1
NCT04287062,PHASE2,138,ACTUAL,2020-11-20,2025-08-15,OTHER,2,5,1
NCT01986088,PHASE3,1008,ACTUAL,1996-11,1998-01,INDUSTRY,1,0,0
NCT03206203,PHASE2,106,ACTUAL,2017-08-29,2022-11-30,OTHER,4,6,1
NCT03110003,PHASE3,45,ACTUAL,2016-06-27,2017-12-01,OTHER,2,1,1
NCT00315718,PHASE3,10,,2002-06,,INDUSTRY,1,1,1
NCT04492618,PHASE2,12,ACTUAL,2020-09-29,2022-03-16,OTHER,1,1,1
NCT01705574,PHASE3,583,ACTUAL,2012-10-24,2015-02-09,INDUSTRY,2,99,12
NCT00957918,PHASE1|PHASE2,65,ACTUAL,2009-10,2010-09,INDUSTRY,1,12,1
NCT03645018,PHASE3,1341,ACTUAL,2017-09-01,2018-08-31,OTHER,1,1,1
NCT01516918,PHASE2,103,ACTUAL,2012-02,2013-09,INDUSTRY,1,43,5
NCT00000610,PHASE3,,,1998-04,,NIH,5,0,0
NCT01923597,PHASE2,50,ACTUAL,2013-11,2015-03,OTHER,2,1,1
NCT00764010,PHASE3,563,ACTUAL,1997-05,2001-12,OTHER,1,1,1
NCT01198613,PHASE2,275,ESTIMATED,2010-09,2011-08,INDUSTRY,1,2,1
NCT05206513,PHASE3,86,ACTUAL,2022-04-15,2025-10-16,INDUSTRY,2,38,10
NCT05149560,PHASE2,200,ACTUAL,2021-12-14,2025-06-26,OTHER_GOV,1,1,1
NCT01016782,PHASE3,867,ACTUAL,2008-01,2009-07,INDUSTRY,1,0,0
NCT00012259,PHASE2,31,ACTUAL,2000-12-11,2002-03-27,INDUSTRY,1,20,2
NCT01792479,PHASE2,64,ACTUAL,2013-04,2016-04,INDUSTRY,1,17,2
NCT00107796,PHASE3,140,,2004-10,,INDUSTRY,1,73,2
NCT02371746,PHASE2,41,ACTUAL,2015-01-01,2019-02-13,INDUSTRY,1,14,1
NCT04008589,PHASE1|PHASE2,45,ACTUAL,2014-01-01,2016-03-31,OTHER,2,1,1
NCT04607850,PHASE1|PHASE2,108,ACTUAL,2021-03-16,2024-01-16,INDUSTRY,2,16,3
NCT06823791,PHASE1|PHASE2,493,ACTUAL,2022-08-01,2024-07-30,OTHER,2,1,1
NCT01621191,PHASE3,149,ACTUAL,2012-06,2014-02,INDUSTRY,1,1,1
NCT00057889,PHASE2,,,2003-02,2007-10,NIH,1,1,1
NCT00221650,PHASE2,17,ACTUAL,2002-04,,OTHER,3,1,1
NCT00845650,PHASE1|PHASE2,129,ACTUAL,2009-02,2010-10,INDUSTRY,1,1,1
NCT02322450,PHASE2,34,ACTUAL,2015-01,2016-04,INDUSTRY,1,4,1
NCT00719550,PHASE1|PHASE2,130,ACTUAL,2009-02,2010-11,INDUSTRY,3,0,0
NCT04494204,PHASE2|PHASE3,100,ACTUAL,2020-08-07,2020-12-01,NETWORK,1,3,1
NCT00002504,PHASE2,,,1992-08,1998-02,OTHER,7,5,1
NCT04435184,PHASE2,54,ACTUAL,2020-07-09,2020-11-28,OTHER,1,1,1
NCT00841204,PHASE2,50,ACTUAL,2009-02,2011-02,NIH,1,2,1
NCT01463033,PHASE2,126,ACTUAL,2005-04,2008-06,OTHER,2,2,1
NCT00115752,PHASE2,96,,2005-06-20,,NIH,1,1,1
NCT01206049,PHASE2,88,ACTUAL,2010-09,2016-03,OTHER,1,1,1
NCT00035438,PHASE2,60,,2002-05,,NIH,1,2,1
NCT00639938,PHASE3,722,ACTUAL,2004-07,2007-07,NIH,1,0,0
NCT00730158,PHASE2,33,ACTUAL,2008-12,2016-06,OTHER,1,2,1
NCT02386358,PHASE3,910,ACTUAL,1999-03,2012-12,OTHER_GOV,1,1,1
NCT00524758,PHASE3,20,ESTIMATED,2007-07,2011-10,INDUSTRY,6,1,1
NCT02707458,PHASE1|PHASE2,23,ACTUAL,2016-04,2017-03,OTHER,3,1,1
NCT00133848,PHASE3,210,,2005-04,,INDUSTRY,1,22,5
NCT03531255,PHASE3,137,ACTUAL,2018-08-27,2025-09-04,INDUSTRY,1,62,21
NCT00126048,PHASE2|PHASE3,54,ACTUAL,2005-07,2007-09,OTHER,1,1,1
NCT02628626,PHASE3,88,ACTUAL,2015-11,2022-04-14,OTHER,2,1,1
NCT01467115,PHASE2,1,ACTUAL,2010-03,2014-06,OTHER,1,1,1
NCT00613015,PHASE2,109,ACTUAL,2008-05,2012-07,OTHER,1,1,1
NCT01055015,PHASE3,141,ACTUAL,2010-02,2010-12,INDUSTRY,1,11,1
NCT00838435,PHASE3,95,ACTUAL,2009-02,2018-09-14,INDUSTRY,1,19,2
NCT00759135,PHASE2,85,ACTUAL,2007-05,2008-01,INDUSTRY,2,30,1
NCT03482635,PHASE2|PHASE3,98,ACTUAL,2018-03-27,2020-05-18,INDUSTRY,1,54,12
NCT02369835,PHASE3,132,ACTUAL,2015-05,2018-07-18,OTHER,2,2,1
NCT02237235,PHASE2,60,ACTUAL,2014-08,2017-08,OTHER,2,1,1
NCT03580408,PHASE2,64,ACTUAL,2018-08-31,2021-02-19,OTHER,2,51,2
NCT00520208,PHASE2,15,ACTUAL,2007-09,2012-12,INDUSTRY,1,2,1
NCT04775225,PHASE3,120,ACTUAL,2021-01-06,2021-04-06,OTHER,2,1,1
NCT03509025,PHASE2,11,ACTUAL,2017-02-08,2020-12-09,INDUSTRY,1,2,1
NCT00789425,PHASE2,64,ACTUAL,2008-09,2010-03,INDUSTRY,2,1,1
NCT02418676,PHASE1|PHASE2,15,ACTUAL,2013-03,2014-04,OTHER,2,0,0
NCT00002876,PHASE2,35,ESTIMATED,1991-10,1998-04,OTHER,1,3,1
NCT04388176,PHASE2,20,ACTUAL,2020-01-03,2020-12-14,INDUSTRY,2,1,1
NCT00893217,PHASE2,71,ACTUAL,2002-11,,INDUSTRY,2,14,1
NCT00740493,PHASE3,104,ACTUAL,2007-07,2017-01,OTHER,2,14,1
NCT00083421,PHASE2,647,ACTUAL,2004-06,,INDUSTRY,1,87,2
NCT00047216,PHASE2,,,2002-11,2006-03,OTHER,1,7,2
NCT03690206,PHASE3,106,ACTUAL,2018-10-04,2022-07-26,INDUSTRY,1,29,9
NCT04098406,PHASE2,45,ACTUAL,2019-12-19,2021-07-13,INDUSTRY,1,2,1
NCT00958204,PHASE3,134,ACTUAL,2009-10,2014-02,OTHER,1,1,1
NCT00931749,PHASE2,27,ACTUAL,2009-09,2010-02,OTHER,1,1,1
NCT01188148,PHASE2|PHASE3,219,ACTUAL,2009-08,2012-10,OTHER,1,1,1
NCT01877148,PHASE2,12,ACTUAL,2010-01,2012-09,OTHER,1,1,1
NCT04954326,PHASE2,89,ACTUAL,2021-05-07,2022-05-20,OTHER,1,6,1
NCT01282255,PHASE2,67,ACTUAL,2011-02,2012-01,INDUSTRY,2,29,8
NCT00425035,PHASE2,115,,2003-02,,INDUSTRY,1,0,0
NCT00236535,PHASE3,603,ACTUAL,2003-12,,INDUSTRY,2,0,0
NCT01906008,PHASE2,122,ACTUAL,2013-11,2019-02-14,OTHER,1,2,1
NCT01755676,PHASE3,638,ACTUAL,2016-09,2017-12,INDUSTRY,1,5,1
NCT00540176,PHASE2,40,ACTUAL,2007-10,2009-08,OTHER,1,1,1
NCT00315640,PHASE2,70,ACTUAL,2005-12,2009-07,INDUSTRY,1,12,8
NCT03271489,PHASE3,478,ACTUAL,2017-09-13,2024-06-28,INDUSTRY,2,157,2
NCT03264989,PHASE2,57,ACTUAL,2017-12-19,2023-06-26,INDUSTRY,1,12,1
NCT03069352,PHASE3,211,ACTUAL,2017-05-23,2019-02-15,INDUSTRY,1,109,24
NCT00006747,PHASE2,4,ACTUAL,2000-11,2003-02,OTHER,2,48,1
NCT01250249,PHASE3,120,ACTUAL,2008-11,2009-06,INDUSTRY,1,1,1
NCT01186549,PHASE1|PHASE2,165,ACTUAL,2010-08,2010-10,OTHER,2,1,1
NCT05076149,PHASE3,597,ACTUAL,2021-10-27,2023-05-18,INDUSTRY,1,170,20
NCT02096055,PHASE2,44,ACTUAL,2014-04-04,2020-11-24,OTHER,1,1,1
NCT03780426,PHASE2,30,ACTUAL,2018-10-01,2019-12-01,OTHER,1,1,1
NCT00503126,PHASE2,110,ACTUAL,2007-08,2008-07,INDUSTRY,1,0,0
NCT02158585,PHASE2,15,ACTUAL,2014-06,2017-03,OTHER,4,1,1
NCT01362543,PHASE3,143,ACTUAL,2011-06,2012-12,OTHER,1,1,1
NCT00824343,PHASE2,86,ACTUAL,2008-09,2011-04,INDUSTRY,1,9,1
NCT00315835,PHASE2,100,,1996-10,,INDUSTRY,1,1,1
NCT02315508,PHASE2,91,ACTUAL,2014-10,2015-12,INDUSTRY,1,18,1
NCT00795925,PHASE2,30,ACTUAL,2004-10,,INDUSTRY,1,0,0
NCT00138008,PHASE3,200,ACTUAL,2004-05,2016-05,OTHER,1,34,1
NCT01234025,PHASE1|PHASE2,113,ACTUAL,2010-11,2013-05,INDUSTRY,1,38,6
NCT00602225,PHASE1|PHASE2,50,ACTUAL,2007-12,2010-03,OTHER,8,1,1
NCT06717425,PHASE2,263,ACTUAL,2024-12-09,2025-10-23,INDUSTRY,1,38,3
NCT04333225,PHASE2,221,ACTUAL,2020-04-03,2020-06-30,OTHER,1,1,1
NCT05277376,PHASE3,162,ACTUAL,2022-03-15,2022-10-28,INDUSTRY,2,1,1
NCT00384176,PHASE2|PHASE3,1814,ACTUAL,2006-08-30,2009-11-15,INDUSTRY,1,280,28
NCT03958617,PHASE2|PHASE3,8,ACTUAL,2014-05-01,2019-02-28,OTHER,1,1,1
NCT02251717,PHASE2,114,ACTUAL,2014-10-14,2016-03-24,INDUSTRY,1,5,4
NCT00179140,PHASE2,26,ACTUAL,2002-11,2006-02,OTHER,1,1,1
NCT00743340,PHASE2,50,ACTUAL,2005-11-22,2017-02-13,INDUSTRY,1,2,1
NCT03282240,PHASE3,2670,ACTUAL,2017-09-08,2017-11-02,INDUSTRY,1,36,1
NCT00047840,PHASE2,129,,2002-10,,INDUSTRY,1,26,3
NCT03785340,PHASE3,252,ACTUAL,2018-12-03,2019-02-25,INDUSTRY,1,16,1
NCT01525589,PHASE2,111,ACTUAL,2012-06-13,2018-10,INDUSTRY,1,9,2
NCT00594152,PHASE3,71,ACTUAL,1993-01,,OTHER,2,1,1
NCT00866047,PHASE2,58,ACTUAL,2009-03,2010-08,INDUSTRY,2,22,5
NCT00981838,PHASE3,24,ACTUAL,2009-04,2011-04,OTHER,1,7,1
NCT00002738,PHASE2,25,ESTIMATED,1996-01,2006-06,OTHER,3,1,1
NCT01805258,PHASE3,135,ACTUAL,2007-06,2012-12,OTHER,1,1,1
NCT05388058,PHASE2,40,ACTUAL,2022-06-09,2023-07-14,OTHER,2,9,1
NCT00277355,PHASE2|PHASE3,114,ACTUAL,2006-04,2008-10,NETWORK,1,12,2
NCT01275755,PHASE2,81,ACTUAL,2011-01-19,2011-07-15,INDUSTRY,1,0,0
NCT00539578,PHASE2,270,ACTUAL,2002-09,2003-02,INDUSTRY,1,0,0
NCT01502215,PHASE3,198,ACTUAL,2012-01,2012-10,OTHER,2,1,1
NCT00083915,PHASE3,97,ACTUAL,2001-06,2010-06,OTHER,1,1,1
NCT06719115,PHASE2,30,ACTUAL,2023-05-03,2024-06-20,INDUSTRY,1,1,1
NCT01589835,PHASE2,59,ACTUAL,2012-07,2013-10,OTHER,1,1,1
NCT04988035,PHASE2,201,ACTUAL,2021-08-03,2022-04-23,NIH,1,39,1
NCT03242915,PHASE2,33,ACTUAL,2017-10-03,2025-02-20,OTHER,1,7,1
NCT01269515,PHASE2,60,ACTUAL,2010-10,2014-11,OTHER,1,2,1
NCT01526135,PHASE3,493,ACTUAL,2012-04-16,2018-03,OTHER,1,52,2
NCT00790335,PHASE3,692,ACTUAL,2009-11,2017-01,OTHER,5,56,1
NCT03978208,PHASE2,381,ACTUAL,2019-03-29,2019-12-29,INDUSTRY,1,35,1
NCT01457508,PHASE3,440,ACTUAL,1999-01,2000-03,INDUSTRY,6,0,0
NCT03124108,PHASE2,45,ACTUAL,2017-04-05,2018-10-31,INDUSTRY,1,24,5
NCT00421525,PHASE1|PHASE2,25,ACTUAL,2007-01,2009-06,INDUSTRY,3,6,1
NCT02631876,PHASE3,366,ACTUAL,2016-03-02,2019-01,INDUSTRY,4,131,13
NCT02572817,PHASE3,138,ACTUAL,2015-11,2018-04-26,NIH,1,30,1
NCT00702052,PHASE2,58,ACTUAL,2008-08-22,2012-04-20,INDUSTRY,1,31,1
NCT00049452,PHASE3,120,ESTIMATED,2001-12,,OTHER,2,3,1
NCT00004852,PHASE2,,,1999-09,,INDUSTRY,1,66,5
NCT02320149,PHASE3,968,ACTUAL,2014-12-18,2017-02-01,INDUSTRY,1,57,1
NCT00190658,PHASE3,75,,2000-02,2004-07,INDUSTRY,1,1,1
NCT00383448,PHASE2,38,ACTUAL,2006-09,2014-09,OTHER,9,1,1
NCT01390948,PHASE2,124,ACTUAL,2011-10-18,2016-02-05,INDUSTRY,1,53,14
NCT04264026,PHASE2,5,ACTUAL,2021-07-29,2025-05-01,FED,2,1,1
NCT05261126,PHASE2,381,ACTUAL,2022-03-10,2022-11-28,INDUSTRY,2,63,8
NCT01904578,PHASE2|PHASE3,120,ACTUAL,2010-02,2011-02,OTHER,1,0,0
NCT00527085,PHASE2,45,ESTIMATED,2001-10,2003-08,INDUSTRY,1,0,0
NCT00017043,PHASE2,,,2001-02,2003-01,INDUSTRY,2,1,1
NCT01027143,PHASE2|PHASE3,143,ACTUAL,2010-07,2016-10-22,OTHER,2,3,1
NCT00484315,PHASE3,1264,ACTUAL,2007-07,2009-09,INDUSTRY,1,90,4
NCT00554515,PHASE2,123,ACTUAL,2006-11,2013-10-31,OTHER,1,1,1
NCT00371215,PHASE2,72,ACTUAL,2006-08,2007-06,INDUSTRY,1,1,1
NCT04557735,PHASE3,41,ACTUAL,2020-12-07,2024-11-26,INDUSTRY,1,26,7
NCT02644408,PHASE3,184,ACTUAL,2014-10-01,2019-12-01,OTHER,2,1,1
NCT02920008,PHASE3,302,ACTUAL,2017-03-16,2020-01-20,INDUSTRY,1,95,15
NCT00894725,PHASE3,268,ACTUAL,2000-02,2004-12,OTHER,2,1,1
NCT01001325,PHASE3,468,ACTUAL,2009-10,2010-03,OTHER,1,2,1
NCT01079325,PHASE2,170,ACTUAL,2009-11,2015-05,INDUSTRY,3,31,1
NCT02144025,PHASE2,21,ACTUAL,2014-05,2016-02,OTHER,1,1,1
NCT03006276,PHASE3,622,ACTUAL,2016-12,2017-11,INDUSTRY,1,45,1
NCT01841606,PHASE2,57,ACTUAL,2013-03,2013-12,OTHER,1,1,1
NCT03725384,PHASE3,51,ACTUAL,2019-01-04,2022-01-26,OTHER,2,2,1
NCT00903552,PHASE2,221,ACTUAL,2009-05,2009-10,INDUSTRY,1,2,1
NCT01348152,PHASE2,50,ACTUAL,2011-09,2013-07,INDUSTRY,1,1,1
NCT01634347,PHASE2,17,ACTUAL,2012-01,2014-05,OTHER,1,2,1
NCT01382147,PHASE3,396,ACTUAL,2009-07-01,2012-08,OTHER,1,32,1
NCT00610649,PHASE2,54,ACTUAL,2007-09-20,2008-11-18,INDUSTRY,1,0,0
NCT02615249,PHASE2,122,ACTUAL,2016-12-05,2019-07-15,INDUSTRY,1,8,6
NCT00413049,PHASE3,698,ACTUAL,2007-01,2007-11,INDUSTRY,1,12,1
NCT00381238,PHASE2,33,ACTUAL,2006-06-20,2009-02-01,INDUSTRY,1,7,2
NCT04287049,PHASE2,10,ACTUAL,2020-02-24,2025-03-21,OTHER,1,1,1
NCT00156949,PHASE3,580,ACTUAL,2005-04,2007-02,INDUSTRY,1,0,0
NCT05585658,PHASE1|PHASE2,42,ACTUAL,2021-10-16,2021-11-14,INDUSTRY,1,2,1
NCT01683058,PHASE3,74,ACTUAL,2013-01,2014-02,INDUSTRY,1,38,3
NCT03147248,PHASE3,407,ACTUAL,2016-09-12,2018-05-21,INDUSTRY,1,1,1
NCT03408548,PHASE2,41,ACTUAL,2015-12-01,2016-05-01,OTHER,2,1,1
NCT02583048,PHASE2,84,ACTUAL,2016-08-15,2019-01-07,NIH,2,3,2
NCT02036255,PHASE3,68,ACTUAL,2015-05,2017-07,OTHER,2,9,1
NCT01551355,PHASE3,2279,ACTUAL,2009-07,2011-07,OTHER,1,1,1
NCT02270255,PHASE2,44,ACTUAL,2015-04,2017-11-01,OTHER,1,1,1
NCT06577155,PHASE2,60,ACTUAL,2024-08-29,2025-01-21,OTHER_GOV,2,1,1
NCT04113226,PHASE2,1,ACTUAL,2021-11-09,2024-06-04,OTHER,3,1,1
NCT06159725,PHASE1|PHASE2,43,ACTUAL,2024-06-24,2025-11-14,INDUSTRY,2,23,1
NCT02846025,PHASE2,30,ACTUAL,2015-10,2016-01,OTHER,1,0,0
NCT01025076,PHASE2,14,ACTUAL,2009-02,2012-04,OTHER,1,1,1
NCT01438476,PHASE3,178,ACTUAL,2012-01-26,2017-10-18,OTHER,2,1,1
NCT02248376,PHASE3,364,ACTUAL,2014-11-14,2018-09-14,OTHER,1,1,1
NCT01443676,PHASE2,75,ACTUAL,2011-10,2015-08,OTHER,1,1,1
NCT00446576,PHASE3,176,ACTUAL,1999-11,,INDUSTRY,1,0,0
NCT00069706,PHASE2,118,ACTUAL,2003-07,2003-10,INDUSTRY,2,0,0
NCT00519506,PHASE2,61,ACTUAL,2007-09,2008-06,INDUSTRY,1,6,2
NCT04602104,PHASE1|PHASE2,18,ACTUAL,2020-11-30,2022-11-10,OTHER,1,1,1
NCT01523184,PHASE2,57,ACTUAL,2012-03,2013-11,INDUSTRY,2,1,1
NCT01320384,PHASE2|PHASE3,313,ACTUAL,2011-03,2013-07,OTHER,2,1,1
NCT03178084,PHASE3,721,ACTUAL,2014-10-15,2016-11-05,OTHER,1,0,0
NCT00466752,PHASE2,5,ACTUAL,2006-12,2010-04,OTHER,3,1,1
NCT00391547,PHASE2,14,,2006-10,,INDUSTRY,1,1,1
NCT04755647,PHASE1|PHASE2,40,ACTUAL,2021-02-23,2023-05-20,INDUSTRY,1,1,1
NCT00600249,PHASE2,35,ESTIMATED,2008-01,2012-05,OTHER,1,6,1
NCT00071838,PHASE2,16,ACTUAL,2003-10-30,2007-10-04,NIH,1,1,1
NCT01092338,PHASE2,44,ACTUAL,2010-01,2011-01,OTHER,2,1,1
NCT01459458,PHASE3,3687,ACTUAL,2011-10,2014-02,OTHER,2,1,1
NCT04674358,PHASE2|PHASE3,329,ACTUAL,2020-11-21,2021-09-12,INDUSTRY,2,1,1
NCT03205358,PHASE2,188,ACTUAL,2015-03-31,2015-08-19,INDUSTRY,3,8,1
NCT00468858,PHASE2,636,ACTUAL,2007-07,2010-04,FED,3,11,1
NCT00647348,PHASE2,140,ACTUAL,2008-01,2011-11,OTHER,1,3,1
NCT00367926,PHASE3,12,,2005-06,,OTHER,1,1,1
NCT03386578,PHASE2,780,ACTUAL,2018-07-03,2023-10-25,NIH,1,7,4
NCT01490125,PHASE3,247,ACTUAL,2011-10,2012-08,INDUSTRY,1,43,5
NCT02347176,PHASE2,204,ACTUAL,2015-01-23,2015-11-27,INDUSTRY,1,57,6
NCT00104676,PHASE3,263,ACTUAL,2003-11-26,2012-03-29,OTHER,3,24,3
NCT00432276,PHASE3,803,ACTUAL,2007-01,2009-05,INDUSTRY,1,86,1
NCT02212717,PHASE2|PHASE3,60,ESTIMATED,2014-08,2018-02,OTHER,1,4,3
NCT01302847,PHASE1|PHASE2,181,ACTUAL,2011-04-20,2021-01-20,NIH,1,33,8
NCT00432458,PHASE3,68,ACTUAL,2003-07,2011-06,OTHER,1,4,1
NCT00043758,PHASE2,170,,2002-07,,INDUSTRY,1,40,2
NCT02862548,PHASE2,51,ACTUAL,2016-09-16,2018-02-08,INDUSTRY,1,1,1
NCT01270048,PHASE3,144,ACTUAL,2008-05,2009-03,OTHER_GOV,1,1,1
NCT01808755,PHASE3,60,ACTUAL,2012-01,2012-10,OTHER,1,1,1
NCT01435655,PHASE3,10,ACTUAL,2011-11,2014-02,INDUSTRY,1,2,1
NCT00895726,PHASE2,13,ACTUAL,2009-03,2011-11,INDUSTRY,1,1,1
NCT00380926,PHASE2|PHASE3,23,,2004-04,,OTHER,3,0,0
NCT04937543,PHASE2,50,ACTUAL,2021-06-28,2021-10-30,OTHER,1,1,1
NCT00085943,PHASE3,866,,2004-05,,INDUSTRY,2,119,14
NCT01272635,PHASE3,607,ACTUAL,2011-03,2015-01,OTHER,2,16,1
NCT00048035,PHASE2,91,ACTUAL,2002-03,2005-06,INDUSTRY,1,14,1
NCT07450508,PHASE3,88,ACTUAL,2024-04-30,2024-10-30,OTHER,1,1,1
NCT00135408,PHASE2,115,ACTUAL,2005-12,2007-07,INDUSTRY,1,10,6
NCT00534508,PHASE2,14,ACTUAL,2000-12,2001-07,INDUSTRY,1,1,1
NCT01115517,PHASE2,51,ACTUAL,2010-10,2015-07,OTHER,1,2,1
NCT02182440,PHASE2,301,ACTUAL,2014-12-18,2017-05-25,INDUSTRY,1,58,11
NCT00544440,PHASE2,57,ACTUAL,2007-10,2012-08,INDUSTRY,1,1,1
NCT01858389,PHASE2,41,ACTUAL,2013-07,2015-09,INDUSTRY,1,14,2
NCT01895855,PHASE3,197,ACTUAL,2013-09,2014-11,INDUSTRY,1,3,1
NCT00819585,PHASE2,432,ACTUAL,2008-12,2010-08,INDUSTRY,1,89,18
NCT02496585,PHASE2,34,ACTUAL,2015-07-08,2024-04-12,OTHER,2,12,1
NCT00454285,PHASE2,290,ACTUAL,2003-01,2005-11,OTHER,1,1,1
NCT05630885,PHASE2,110,ACTUAL,2023-05-30,2024-06-19,NIH,2,19,1
NCT01764243,PHASE2,450,ACTUAL,2012-11,2015-06,INDUSTRY,1,1,1
NCT02736617,PHASE2,10,ACTUAL,2016-07-05,2021-06-02,OTHER,2,1,1
NCT00636740,PHASE2,30,ACTUAL,2008-02,2009-02,INDUSTRY,1,13,3
NCT04504240,PHASE3,208,ACTUAL,2020-08-01,2021-04-15,OTHER_GOV,1,2,1
NCT00409240,PHASE3,103,ACTUAL,2006-10,2008-06,FED,3,1,1
NCT00941252,PHASE2|PHASE3,60,ESTIMATED,2009-07,2011-01,OTHER,1,1,1
NCT04444752,PHASE2,226,ACTUAL,2020-07-17,2021-07-28,INDUSTRY,1,59,4
NCT02483052,PHASE1|PHASE2,6,ACTUAL,2015-08,2016-02,INDUSTRY,2,1,1
NCT01072149,PHASE3,54,ACTUAL,2010-01-01,2010-07-01,INDUSTRY,1,8,1
NCT03223649,PHASE2,129,ACTUAL,2017-07-26,2020-06-26,NIH,3,1,1
NCT01242449,PHASE2,10,ACTUAL,2010-11,2012-10,OTHER,1,3,1
NCT00857948,PHASE2,78,ACTUAL,2009-03,2009-04,INDUSTRY,1,1,1
NCT00564148,PHASE2,100,ESTIMATED,2007-07,2009-11,OTHER,1,1,1
NCT02100748,PHASE2,333,ACTUAL,2014-04,2014-10,INDUSTRY,1,4,1
NCT01081678,PHASE2,332,ACTUAL,2010-06-20,2012-06-30,INDUSTRY,1,99,24
NCT00718315,PHASE3,201,ACTUAL,2009-04,2012-06,INDUSTRY,1,26,1
NCT00427115,PHASE3,42,ACTUAL,2005-08,2007-12,OTHER,2,1,1
NCT01639625,PHASE2,18,ACTUAL,2011-05,2015-09,INDUSTRY,2,1,1
NCT02106325,PHASE2,21,ACTUAL,2013-12,2016-02,OTHER,1,2,1
NCT02985125,PHASE1|PHASE2,12,ACTUAL,2017-05-04,2019-07-24,OTHER,1,1,1
NCT00165776,PHASE2,133,ACTUAL,2004-06,2006-05,INDUSTRY,2,21,1
NCT00837876,PHASE2,37,ACTUAL,2008-10,2011-04,OTHER,1,6,1
NCT04126317,PHASE2,106,ACTUAL,2019-11-04,2021-05-14,INDUSTRY,1,46,2
NCT05282004,PHASE3,36,ACTUAL,2022-05-16,2022-09-07,INDUSTRY,1,5,1
NCT00286104,PHASE3,184,ACTUAL,2004-04,2008-12,OTHER,2,1,1
NCT00505284,PHASE2|PHASE3,352,ACTUAL,2007-06,2008-07,INDUSTRY,1,1,1
NCT01845584,PHASE2,7,ACTUAL,2013-05,2015-08,INDUSTRY,1,1,1
NCT01459484,PHASE2,225,ACTUAL,2011-06-23,2024-04-30,NETWORK,1,11,1
NCT03536884,PHASE3,743,ACTUAL,2018-06-13,2019-09-12,INDUSTRY,2,77,11
NCT06429384,PHASE2,240,ACTUAL,2023-06-04,2023-11-18,OTHER,1,30,1
NCT00022152,PHASE2,25,ACTUAL,2001-11,2006-03,OTHER,1,18,1
NCT00709449,PHASE2|PHASE3,60,ESTIMATED,2008-05,2009-03,OTHER,3,1,1
NCT02797249,PHASE3,1000,ACTUAL,2016-12-07,2019-01-19,OTHER,1,1,1
NCT03359538,PHASE2,63,ACTUAL,2017-09-19,2020-12-15,OTHER,1,7,1
NCT02210858,PHASE1|PHASE2,31,ACTUAL,2000-05,2004-11-12,NIH,7,2,1
NCT01772758,PHASE2,64,ACTUAL,2011-08,2016-06-21,OTHER,1,1,1
NCT00313248,PHASE2,65,ACTUAL,2006-04,2008-10,INDUSTRY,1,25,2
NCT05637255,PHASE2,99,ACTUAL,2022-11-22,2024-12-19,INDUSTRY,3,16,3
NCT00015626,PHASE2,300,,,,NIH,2,1,1
NCT00206726,PHASE2,60,ACTUAL,2005-05,2008-04,INDUSTRY,1,27,1
NCT04267926,PHASE1|PHASE2,45,ACTUAL,2020-04-01,2024-10-15,FED,2,1,1
NCT01203826,PHASE2,12,ACTUAL,2010-04,2016-06,INDUSTRY,1,2,2
NCT04792385,PHASE3,145,ACTUAL,2020-12-28,2023-11-24,INDUSTRY,1,23,6
NCT03468985,PHASE2,3,ACTUAL,2018-05-07,2022-05-09,NIH,3,468,1
NCT02868385,PHASE3,167,ACTUAL,2018-10-01,2019-01-14,OTHER,1,1,1
NCT03738215,PHASE3,759,ACTUAL,2018-11-09,2021-09-30,INDUSTRY,1,125,7
NCT01171014,PHASE2|PHASE3,100,ACTUAL,2009-06,2009-12,INDUSTRY,1,0,0
NCT01867606,PHASE2,58,ACTUAL,2013-10-04,2015-11-21,OTHER,1,1,1
NCT06415214,PHASE2,281,ACTUAL,2024-06-21,2025-07-15,INDUSTRY,1,1,1
NCT03242616,PHASE2,17,ACTUAL,2017-02-17,2023-12-05,OTHER,1,1,1
NCT03181516,PHASE2,255,ACTUAL,2017-09-30,2023-10-11,OTHER,1,1,1
NCT02141516,PHASE3,239,ACTUAL,2014-05,2015-03,INDUSTRY,1,20,5
NCT05089084,PHASE3,75,ACTUAL,2021-12-14,2024-04-29,INDUSTRY,1,58,21
NCT01864252,PHASE3,192,ACTUAL,2014-01,2018-10,OTHER,1,1,1
NCT04420247,PHASE3,142,ACTUAL,2020-04-16,2020-08-20,OTHER,5,1,1
NCT04080947,PHASE1|PHASE2,56,ACTUAL,2019-08-01,2021-08-31,OTHER,1,1,1
NCT03444038,PHASE2,85,ACTUAL,2018-02-08,2019-07-12,INDUSTRY,1,37,2
NCT01105338,PHASE2|PHASE3,126,ACTUAL,2009-08,2010-08,OTHER,1,1,1
NCT02562755,PHASE3,459,ACTUAL,2015-10,2020-07,INDUSTRY,1,142,16
NCT02475655,PHASE2,60,ACTUAL,2016-05-16,2018-02-18,NIH,1,14,1
NCT05082285,PHASE2,726,ACTUAL,2021-11-29,2025-03-31,INDUSTRY,1,33,8
NCT02094443,PHASE2,52,ACTUAL,2014-03,2015-04,INDUSTRY,2,16,2
NCT00152243,PHASE3,500,ESTIMATED,1997-06,2006-03,INDUSTRY,1,1,1
NCT00260143,PHASE2,61,ACTUAL,2003-05,2006-06,NIH,1,1,1
NCT01007435,PHASE3,1162,ACTUAL,2009-10-31,2012-05-31,INDUSTRY,1,236,36
NCT02775435,PHASE3,559,ACTUAL,2016-06-09,2018-04-03,INDUSTRY,1,0,0
NCT03818308,PHASE2,20,ACTUAL,2019-05-28,2021-06-08,OTHER,2,14,1
NCT03427814,PHASE2,136,ACTUAL,2018-07-03,2020-06-18,INDUSTRY,1,65,16
NCT04778904,PHASE1|PHASE2,55,ACTUAL,2020-12-22,2023-02-24,INDUSTRY,1,12,3
NCT03639714,PHASE1|PHASE2,29,ACTUAL,2019-02-13,2022-11-10,INDUSTRY,4,11,2
NCT05372016,PHASE3,1200,ACTUAL,2020-09-19,2022-06-17,INDUSTRY,15,1,1
NCT04313504,PHASE2,10,ACTUAL,2020-11-04,2025-06-01,OTHER,1,1,1
NCT02545504,PHASE3,432,ACTUAL,2015-10-13,2019-05-15,INDUSTRY,1,134,16
NCT03752333,PHASE2,35,ACTUAL,2019-02-22,2025-03-31,OTHER,1,3,1
NCT00800033,PHASE3,87,ACTUAL,2008-11,2010-01,OTHER,1,1,1
NCT05991349,PHASE1|PHASE2,36,ACTUAL,2024-03-12,2024-11-30,INDUSTRY,1,7,2
NCT02043548,PHASE2,36,ACTUAL,2014-10-01,2019-07-30,OTHER,2,7,1
NCT00482248,PHASE3,132,ACTUAL,2003-06,2006-06,INDUSTRY,1,0,0
NCT05322148,PHASE3,59,ACTUAL,2022-06-03,2022-11-17,INDUSTRY,1,3,1
NCT01402648,PHASE1|PHASE2,60,ACTUAL,2009-10,2011-03,INDUSTRY,1,1,1
NCT01634555,PHASE2,29,ACTUAL,2012-10,2013-08,INDUSTRY,1,5,1
NCT04686955,PHASE3,19,ACTUAL,2021-01-25,2022-12-31,OTHER_GOV,1,2,1
NCT04372355,PHASE2,40,ACTUAL,2019-06-19,2020-04-30,OTHER,2,1,1
NCT04003155,PHASE3,527,ACTUAL,2019-07-11,2020-10-29,INDUSTRY,1,96,7
NCT02332655,PHASE1|PHASE2,5,ACTUAL,2014-12,2019-04,OTHER,1,1,1
NCT04975555,PHASE2,24,ACTUAL,2021-11-15,2026-01-20,OTHER,5,1,1
NCT01949155,PHASE3,266,ACTUAL,2013-11,2014-05,INDUSTRY,1,1,1
NCT01048255,PHASE2,60,ACTUAL,2010-01,2010-11,INDUSTRY,1,12,1
NCT01214226,PHASE3,278,ACTUAL,2007-12,2010-12,OTHER,2,28,2
NCT01642914,PHASE3,487,ACTUAL,2012-08,2013-05,INDUSTRY,2,151,2
NCT00142506,PHASE3,290,ACTUAL,2005-02,2014-04,OTHER,2,5,1
NCT01017614,PHASE3,350,ESTIMATED,2009-10,2012-07,INDUSTRY,1,10,3
NCT04989816,PHASE2,95,ACTUAL,2021-08-20,2023-06-16,INDUSTRY,1,24,1
NCT00019916,PHASE1|PHASE2,,,2000-06,,NIH,2,2,1
NCT03830606,PHASE2,54,ACTUAL,2016-03-23,2018-09-02,UNKNOWN,1,1,1
NCT02555306,PHASE1|PHASE2,12,ACTUAL,2015-09-16,2017-08,INDUSTRY,1,5,1
NCT04797104,PHASE3,478,ACTUAL,2021-04-22,2023-07-30,INDUSTRY,1,7,5
NCT00161304,PHASE2|PHASE3,44,ACTUAL,2003-04,2004-08,OTHER,1,1,1
NCT01888484,PHASE3,75,ACTUAL,2014-03,2020-06-09,INDUSTRY,1,24,7
NCT00376584,PHASE3,825,ACTUAL,2006-07,2007-01,INDUSTRY,2,0,0
NCT00362752,PHASE2,9,ACTUAL,2006-10,2009-01,OTHER,1,1,1
NCT00209352,PHASE3,120,,1985-06,,OTHER,1,1,1
NCT04072952,PHASE1|PHASE2,217,ACTUAL,2019-08-05,2024-09-13,INDUSTRY,1,16,1
NCT00231647,PHASE2,113,ACTUAL,2004-02,,INDUSTRY,3,0,0
NCT05164549,PHASE3,342,ACTUAL,2019-08-06,2022-04-29,OTHER,1,5,1
NCT01045538,PHASE1|PHASE2,45,ACTUAL,2010-02,2016-02,OTHER,2,1,1
NCT03661138,PHASE3,272,ACTUAL,2018-10-27,2022-08-19,INDUSTRY,1,43,1
NCT00024258,PHASE2,22,ACTUAL,2001-03,2009-05,OTHER,9,1,1
NCT00317148,PHASE2|PHASE3,50,ACTUAL,2005-08,2006-09,OTHER,1,1,1
NCT02458248,PHASE2,105,ACTUAL,2016-03,2020-08,OTHER,3,1,1
NCT06052748,PHASE3,502,ACTUAL,2024-02-15,2025-03-27,INDUSTRY,1,1,1
NCT00293826,PHASE2,813,ACTUAL,2006-03,2007-11,INDUSTRY,1,0,0
NCT00673426,PHASE3,60,ACTUAL,2008-01,2008-03,INDUSTRY,1,1,1
NCT01342926,PHASE2,191,ACTUAL,2011-06-01,2016-04-01,INDUSTRY,1,41,2
NCT03766685,PHASE3,172,ACTUAL,2018-12-20,2020-07-14,INDUSTRY,2,39,2
NCT03896685,PHASE3,323,ACTUAL,2020-04-06,2024-10-04,OTHER,6,10,6
NCT01222715,PHASE2,87,ACTUAL,2010-10,2015-06,NIH,7,184,4
NCT01303835,PHASE2,110,ACTUAL,2011-05,2014-06,OTHER,1,1,1
NCT02808104,PHASE2,84,ACTUAL,2016-08,2017-03-28,INDUSTRY,1,7,1
NCT04699604,PHASE3,55,ACTUAL,2021-04-28,2026-04-15,OTHER,1,1,1
NCT02151604,PHASE2,22,ACTUAL,2014-04-23,2020-12-31,OTHER,1,1,1
NCT00003304,PHASE2,29,ESTIMATED,1998-04,2000-03,NETWORK,1,37,12
NCT04486716,PHASE3,111,ACTUAL,2020-10-19,2023-11-20,INDUSTRY,1,20,2
NCT00939406,PHASE2|PHASE3,45,ACTUAL,2009-11,2012-11,OTHER,2,3,3
NCT00625404,PHASE3,2120,ACTUAL,2009-05,2012-08,OTHER,1,4,3
NCT01516684,PHASE2,33,ACTUAL,2012-05-14,2018-06-26,OTHER,1,1,1
NCT02135133,PHASE2,27,ACTUAL,2014-06,2020-10-06,OTHER,2,3,1
NCT00274352,PHASE2,16,ACTUAL,2006-09,2012-02,OTHER,1,1,1
NCT00898352,PHASE3,,,,1990-11,NETWORK,1,0,0
NCT02171247,PHASE3,35,ACTUAL,2008-04,2010-12,OTHER,1,0,0
NCT03776058,PHASE2,10,ACTUAL,2000-06-15,2000-12-26,INDUSTRY,1,0,0
NCT05819658,PHASE2,78,ACTUAL,2023-06-14,2024-10-11,INDUSTRY,1,5,1
NCT01933555,PHASE2,76,ACTUAL,2013-01,2013-06,INDUSTRY,1,1,1
NCT00486278,PHASE2,51,ACTUAL,2007-06,2010-06,INDUSTRY,3,45,18
NCT03297385,PHASE2,50,ACTUAL,2014-08-28,2017-04-01,OTHER,3,0,0
NCT00000985,PHASE3,26,,,,NIH,2,4,1
NCT04082143,PHASE3,39,ACTUAL,2019-08-25,2022-07-01,OTHER,1,1,1
NCT02301143,PHASE2,107,ACTUAL,2015-04-21,2017-11-21,INDUSTRY,1,42,5
NCT05505916,PHASE3,145,ACTUAL,2022-10-24,2026-05-27,INDUSTRY,1,71,23
NCT01014806,PHASE2,467,ACTUAL,2009-11,2010-05,INDUSTRY,1,6,1
NCT01343004,PHASE3,2463,ACTUAL,2011-04,2014-10,INDUSTRY,2,28,10
NCT00799604,PHASE2,30,ACTUAL,2008-11,2009-10,INDUSTRY,1,2,1
NCT04151706,PHASE2,7,ACTUAL,2020-02-27,2023-09-08,OTHER,5,1,1
NCT00364104,PHASE3,125,ACTUAL,2007-03,2008-12,OTHER,1,1,1
NCT00405704,PHASE3,607,ACTUAL,2007-05,2013-06,NIH,2,19,1
NCT04353284,PHASE2,70,ACTUAL,2020-06-09,2021-03-03,OTHER,1,1,1
NCT00279552,PHASE2,37,,2004-04,,OTHER,1,1,1
NCT04212052,PHASE2,104,ACTUAL,2020-07-01,2023-01-01,OTHER,1,1,1
NCT01015547,PHASE3,60,ACTUAL,2003-05,2007-11,OTHER,1,6,1
NCT04650347,PHASE2|PHASE3,80,ACTUAL,2017-03-01,2018-03-01,OTHER,1,1,1
NCT03315949,PHASE3,352,ACTUAL,2017-05-01,2018-02-28,OTHER,1,1,1
NCT03062358,PHASE3,453,ACTUAL,2017-04-27,2021-06-30,INDUSTRY,1,41,5
NCT00072358,PHASE2,291,ACTUAL,2003-07,2021-01-15,OTHER,1,1,1
NCT00185185,PHASE3,165,ACTUAL,2001-11,,INDUSTRY,2,1,1
NCT04358614,PHASE2|PHASE3,12,ACTUAL,2020-03-16,2020-04-05,OTHER,2,1,1
NCT04240314,PHASE1|PHASE2,3,ACTUAL,2020-01-15,2023-11-13,OTHER,1,1,1
NCT04039204,PHASE2,10,ACTUAL,2022-01-15,2023-08-09,OTHER,2,1,1
NCT06020014,PHASE2,339,ACTUAL,2023-11-16,2025-10-28,INDUSTRY,1,124,18
NCT00306384,PHASE3,3323,ACTUAL,2006-03,2011-11,INDUSTRY,1,114,12
NCT05025033,PHASE2,30,ACTUAL,2019-05-30,2022-01-30,OTHER,1,1,1
NCT01468233,PHASE3,326,ACTUAL,2011-11,2014-04,INDUSTRY,1,0,0
NCT04784533,PHASE2,317,ACTUAL,2021-02-26,2023-05-16,INDUSTRY,1,39,1
NCT03118947,PHASE2,79,ACTUAL,2017-02-23,2019-02-25,INDUSTRY,1,28,5
NCT03693547,PHASE2,26,ACTUAL,2019-04-22,2021-06-25,INDUSTRY,1,4,1
NCT05130047,PHASE2,30,ACTUAL,2021-12-01,2022-11-08,OTHER,6,1,1
NCT01933347,PHASE2,46,ACTUAL,2014-04-07,2017-04-10,OTHER,1,1,1
NCT00990249,PHASE2,120,ACTUAL,2009-10,2016-05,OTHER,4,1,1
NCT00749749,PHASE2,27,ACTUAL,2008-09-10,2008-12-22,INDUSTRY,1,1,1
NCT04883749,PHASE2,53,ACTUAL,2021-06-01,2025-05-08,OTHER,1,20,2
NCT00108849,PHASE3,309,ACTUAL,2005-03,2007-05,INDUSTRY,2,57,2
NCT01011049,PHASE2,1250,ACTUAL,2009-09,2010-05,INDUSTRY,1,45,2
NCT00553449,PHASE3,48,ACTUAL,2004-07,,INDUSTRY,2,0,0
NCT00130949,PHASE2,45,,2004-11,,INDUSTRY,1,1,1
NCT01923649,PHASE2,24,ACTUAL,2008-04,2013-12-02,OTHER,1,3,1
NCT01051349,PHASE2,410,ACTUAL,2010-03-31,2016-08-25,INDUSTRY,1,65,8
NCT03875638,PHASE2,58,ACTUAL,2019-08-22,2026-02-16,OTHER,4,1,1
NCT00751738,PHASE3,330,ACTUAL,2002-10,2005-10,INDUSTRY,1,86,7
NCT00655538,PHASE2,476,ACTUAL,2008-02,2010-05,INDUSTRY,1,23,7
NCT04218058,PHASE1|PHASE2,20,ACTUAL,2018-05-15,2019-09-25,OTHER,1,1,1
NCT03749148,PHASE2,48,ACTUAL,2018-12-10,2023-02-28,OTHER,1,8,1
NCT06091748,PHASE3,69,ACTUAL,2024-02-22,2025-11-27,INDUSTRY,1,1,1
NCT02524626,PHASE3,130,ACTUAL,2017-07-01,2019-12-31,OTHER,1,1,1
NCT04591626,PHASE3,291,ACTUAL,2020-12-07,2022-04-28,INDUSTRY,1,27,1
NCT00266526,PHASE2,,,2003-07,2004-07,INDUSTRY,1,1,1
NCT00083278,PHASE2,33,ACTUAL,2003-05,,INDUSTRY,2,14,1
NCT05827185,PHASE2,96,ACTUAL,2020-05-01,2023-02-28,OTHER,1,1,1
NCT00669916,PHASE1|PHASE2,36,ACTUAL,2007-02,2007-11,INDUSTRY,1,0,0
NCT06975514,PHASE3,61,ACTUAL,2025-03-25,2025-07-21,INDUSTRY,1,16,1
NCT01558414,PHASE3,60,ACTUAL,2011-04,2011-10,OTHER,3,1,1
NCT00604214,PHASE3,1696,ACTUAL,2008-03,2011-09,INDUSTRY,1,150,18
NCT04878016,PHASE3,498,ACTUAL,2021-07-15,2023-10-13,INDUSTRY,1,1,1
NCT04979806,PHASE3,530,ACTUAL,2022-08-28,2024-11-25,INDUSTRY,2,48,9
NCT02047604,PHASE2,41,ACTUAL,2013-12,2017-02-23,INDUSTRY,1,12,1
NCT06492304,PHASE1|PHASE2,12,ACTUAL,2024-08-13,2026-03-11,INDUSTRY,3,7,2
NCT01473004,PHASE2,48,ACTUAL,2011-10-31,2022-07-07,OTHER,1,1,1
NCT01399684,PHASE2,127,ACTUAL,2011-11,2014-02,INDUSTRY,1,40,5
NCT00432484,PHASE2,70,ACTUAL,2005-05,2006-12,OTHER,1,1,1
NCT01722604,PHASE3,258,ACTUAL,2012-01,2012-09,INDUSTRY,2,1,1
NCT04662684,PHASE3,320,ACTUAL,2020-10-16,2021-07-10,OTHER,2,1,1
NCT03809884,PHASE3,7,ACTUAL,2019-12-01,2024-07-22,OTHER,1,1,1
NCT02745184,PHASE1|PHASE2,10,ACTUAL,2017-03-30,2020-08-31,OTHER,1,1,1
NCT00008333,PHASE2,59,ACTUAL,2001-04,2004-03,OTHER,1,13,1
NCT01576952,PHASE3,268,ACTUAL,2012-07,2013-01,INDUSTRY,1,0,0
NCT03545347,PHASE2,29,ACTUAL,2018-09-03,2020-05-20,OTHER,1,1,1
NCT01172938,PHASE3,504,ACTUAL,2010-06-02,2012-04-27,INDUSTRY,1,92,13
NCT03685448,PHASE2,35,ACTUAL,2019-04-11,2024-12-30,OTHER,6,11,1
NCT02596126,PHASE3,2499,ACTUAL,2016-07,2021-10-31,OTHER,2,113,7
NCT04867785,PHASE2,281,ACTUAL,2021-05-13,2022-07-08,INDUSTRY,1,43,2
NCT01433614,PHASE3,304,ACTUAL,2002-12,2006-06,OTHER,1,9,1
NCT00410514,PHASE2,200,ACTUAL,2006-12,2008-08,INDUSTRY,2,27,2
NCT01572116,PHASE2,60,ACTUAL,2010-01,2011-06,OTHER,1,1,1
NCT00299416,PHASE1|PHASE2,30,ACTUAL,2003-02,2009-01,OTHER,1,1,1
NCT04825704,PHASE3,84,ACTUAL,2021-10-27,2023-06-27,OTHER,1,1,1
NCT01512706,PHASE2,660,ACTUAL,2011-07,2012-01,OTHER,1,1,1
NCT04043806,PHASE3,458,ACTUAL,2019-08-09,2022-12-14,INDUSTRY,1,97,11
NCT00609804,PHASE2,53,ACTUAL,2008-03,2012-05,OTHER,1,16,1
NCT02273804,PHASE3,18,ACTUAL,2016-06-01,2017-12-21,OTHER,1,1,1
NCT02249884,PHASE2,30,ACTUAL,2014-02,2015-03,OTHER,1,1,1
NCT00240084,PHASE2,20,ACTUAL,2003-07,2005-11,OTHER,1,1,1
NCT01818284,PHASE2,22,ACTUAL,2013-10,2016-06,OTHER,1,1,1
NCT04953884,PHASE3,12,ACTUAL,2021-09-22,2024-12-16,INDUSTRY,1,9,7
NCT02900352,PHASE3,156,ACTUAL,2016-10,2021-04-22,OTHER,1,4,1
NCT00424047,PHASE3,351,ACTUAL,2003-01-01,2005-11-01,INDUSTRY,1,69,15
NCT00141349,PHASE2,300,,2005-02,,INDUSTRY,1,39,1
NCT00583349,PHASE1|PHASE2,46,ACTUAL,2008-12,2013-03,OTHER,1,1,1
NCT01442649,PHASE2,133,ACTUAL,2010-12,2015-10,OTHER,1,1,1
NCT00780338,PHASE2,376,ACTUAL,2008-06,2013-01,OTHER,1,1,1
NCT02877238,PHASE2,91,ACTUAL,2016-08,2017-05,OTHER,1,1,1
NCT01718938,PHASE2,34,ACTUAL,2012-12,2013-12,INDUSTRY,1,9,1
NCT01068158,PHASE3,371,ACTUAL,2010-03,2010-06,INDUSTRY,1,7,1
NCT02147548,PHASE3,31,ACTUAL,2013-12,2015-10,INDUSTRY,1,1,1
NCT01635348,PHASE2,22,ACTUAL,2011-01,2013-05,OTHER,2,1,1
NCT00150748,PHASE3,217,ACTUAL,2001-11,2007-07,INDUSTRY,1,0,0
NCT02493855,PHASE2,46,ACTUAL,2015-06,2016-04,INDUSTRY,3,0,0
NCT01414855,PHASE2,100,ACTUAL,2011-08-31,2013-12-31,INDUSTRY,1,38,1
NCT01832363,PHASE2|PHASE3,30,ACTUAL,2013-03,2018-12,INDUSTRY,1,1,1
NCT01222663,PHASE3,243,ACTUAL,2010-10,2013-04,INDUSTRY,2,18,1
NCT01866163,PHASE3,426,ACTUAL,2013-06,2013-10,INDUSTRY,1,1,1
NCT04249687,PHASE3,303,ACTUAL,2020-02-10,2020-09-25,INDUSTRY,1,10,2
NCT00000487,PHASE3,,,1972-06,,OTHER,4,0,0
NCT00849121,PHASE2,17,ACTUAL,2009-03-16,2014-02-17,OTHER,1,1,1
NCT02973321,PHASE2,296,ACTUAL,2016-12-02,2017-12-27,INDUSTRY,1,59,8
NCT02152761,PHASE2,251,ACTUAL,2014-09-16,2018-05-14,INDUSTRY,1,53,19
NCT01960842,PHASE3,31,ACTUAL,2013-10,2015-03,INDUSTRY,1,0,0
NCT03427086,PHASE2,12,ACTUAL,2018-01-29,2021-05-10,OTHER,1,1,1
NCT05175742,PHASE2,565,ACTUAL,2021-08-17,2023-03-29,INDUSTRY,1,11,2
NCT01625286,PHASE1|PHASE2,148,ACTUAL,2012-10-03,2017-01-28,INDUSTRY,2,41,11
NCT01004003,PHASE2,125,ACTUAL,2009-10-22,2014-07-14,INDUSTRY,1,28,8
NCT02192827,PHASE3,318,ACTUAL,2015-04,2018-03,OTHER,1,1,1
NCT00261027,PHASE2,30,ESTIMATED,2003-01,2007-07,OTHER,1,1,1
NCT01529827,PHASE2,94,ACTUAL,2012-02-28,2015-05-28,OTHER,78,1,1
NCT01445886,PHASE2|PHASE3,33,ACTUAL,2011-01,2012-06,OTHER,1,1,1
NCT06235086,PHASE3,632,ACTUAL,2024-04-08,2026-02-03,INDUSTRY,1,1,1
NCT00821886,PHASE2,60,ACTUAL,2009-02,2011-07,OTHER,1,12,1
NCT05033886,PHASE3,453,ACTUAL,2021-11-08,2023-03-27,INDUSTRY,1,69,16
NCT01242670,PHASE3,1968,ACTUAL,2011-04,2012-10,INDUSTRY,1,17,1
NCT01005069,PHASE2,72,ACTUAL,2009-10,2010-07,INDUSTRY,1,2,1
NCT01205269,PHASE2,28,ACTUAL,2010-10,2010-12,INDUSTRY,1,4,1
NCT00180869,PHASE3,150,,1997-09,,OTHER,2,1,1
NCT01905683,PHASE3,370,ACTUAL,2013-08,2017-01,INDUSTRY,1,43,12
NCT06013241,PHASE2,288,ACTUAL,2023-10-30,2025-09-30,INDUSTRY,1,100,15
NCT02721641,PHASE3,69,ACTUAL,1999-06,2015-02,INDUSTRY,1,41,17
NCT06756854,PHASE3,7,ACTUAL,2023-09-12,2024-05-14,OTHER_GOV,1,1,1
NCT04797494,PHASE2,49,ACTUAL,2010-01,2016-02-14,OTHER,4,1,1
NCT01954394,PHASE3,986,ACTUAL,2013-12-17,2017-06-30,INDUSTRY,1,177,24
NCT00970827,PHASE2,360,ACTUAL,2009-05,2014-06,OTHER,1,1,1
NCT02629627,PHASE2,104,ACTUAL,2016-03,2017-03,OTHER,1,0,0
NCT05035927,PHASE2,5,ACTUAL,2022-03-16,2024-03-07,INDUSTRY,1,1,1
NCT00345761,PHASE1|PHASE2,64,ACTUAL,2006-02,2008-10,INDUSTRY,1,4,1
NCT00116961,PHASE2,40,ACTUAL,2005-06,2007-01,OTHER,1,1,1
NCT03717961,PHASE3,91,ACTUAL,2018-10-15,2020-07-31,OTHER,1,1,1
NCT00422903,PHASE2,92,ACTUAL,2007-04,2011-04,INDUSTRY,1,14,2
NCT04740827,PHASE3,315,ACTUAL,2021-03-05,2022-08-04,INDUSTRY,1,114,15
NCT01764386,PHASE3,242,ACTUAL,2013-02,2014-09,INDUSTRY,2,15,1
NCT00474370,PHASE3,400,ACTUAL,2007-05-15,2009-08-24,INDUSTRY,2,0,0
NCT01076673,PHASE2,50,ACTUAL,2009-10,2012-05,OTHER,1,1,1
NCT02667054,PHASE3,648,ACTUAL,2014-09,2015-12,INDUSTRY,1,2,1
NCT05621005,PHASE2,104,ACTUAL,2019-03-01,2022-07-01,OTHER,1,1,1
NCT00479505,PHASE2,275,ESTIMATED,2007-06,2008-06,INDUSTRY,1,52,16
NCT01277705,PHASE3,806,ACTUAL,2002-01,2002-04,INDUSTRY,3,0,0
NCT00458705,PHASE2,45,ACTUAL,2006-11,2011-04,OTHER,1,1,1
NCT04681651,PHASE2,282,ACTUAL,2021-04-22,2023-05-05,OTHER,2,1,1
NCT00716651,PHASE2,10,ACTUAL,2008-07,2010-07,OTHER,1,1,1
NCT00000851,PHASE2,198,,,,NIH,1,35,2
NCT00681551,PHASE3,45,ACTUAL,2003-02,,INDUSTRY,1,9,1
NCT00051051,PHASE2,168,,2002-12,,INDUSTRY,1,66,9
NCT02544451,PHASE3,246,ACTUAL,2015-08,2018-08,INDUSTRY,1,60,9
NCT00238251,PHASE2,59,ACTUAL,2005-05,2009-04,OTHER,2,3,1
NCT03745651,PHASE3,618,ACTUAL,2018-12-20,2019-11-18,INDUSTRY,1,66,7
NCT00001561,PHASE3,30,,1996-11,,NIH,2,1,1
NCT01576861,PHASE2,28,ACTUAL,2007-01,2011-03,OTHER,2,1,1
NCT00739661,PHASE2,104,ACTUAL,2008-12,2010-11,INDUSTRY,1,0,0
NCT01673542,PHASE2,32,ACTUAL,2012-08,2013-05,OTHER,1,1,1
NCT02616042,PHASE3,33,ACTUAL,2009-03,2009-07,INDUSTRY,1,0,0
NCT00792142,PHASE2,45,ACTUAL,2008-01-16,2014-04-21,OTHER,2,1,1
NCT00501527,PHASE2,80,ACTUAL,2007-09,2009-10,INDUSTRY,3,1,1
NCT02866383,PHASE2,160,ESTIMATED,2016-11,2022-01-05,OTHER,2,1,1
NCT00736983,PHASE3,76,ACTUAL,2008-09,2011-09,OTHER,1,13,1
NCT00918983,PHASE3,500,ACTUAL,2009-04,2013-11,INDUSTRY,1,41,1
NCT00295269,PHASE3,200,,1997-03,,NIH,2,0,0
NCT06221969,PHASE3,1024,ACTUAL,2024-01-16,2026-03-04,INDUSTRY,1,196,8
NCT00217841,PHASE3,180,,2004-01,,INDUSTRY,1,1,1
NCT00814294,PHASE2|PHASE3,239,ACTUAL,2008-12,2009-09,INDUSTRY,1,40,1
NCT04162522,PHASE3,1,ACTUAL,2019-12-23,2022-12-31,OTHER,1,6,1
NCT01648322,PHASE2,232,ACTUAL,2012-06,2014-12,INDUSTRY,2,1,1
NCT03453151,PHASE1|PHASE2,19,ACTUAL,2018-05-01,2019-06-27,OTHER,1,1,1
NCT00961051,PHASE3,270,ACTUAL,2009-02,2009-08,INDUSTRY,1,9,1
NCT00764361,PHASE2,15,ACTUAL,2009-01,2010-08,INDUSTRY,1,1,1
NCT00968227,PHASE1|PHASE2,56,ACTUAL,2007-11,2015-08,OTHER,2,1,1
NCT03204227,PHASE2,220,ACTUAL,2017-06-02,2017-08-12,OTHER,1,4,1
NCT05752461,PHASE2,353,ACTUAL,2023-04-12,2024-04-12,INDUSTRY,1,1,1
NCT04784442,PHASE2,188,ACTUAL,2021-03-24,2022-04-18,INDUSTRY,1,1,1
NCT06436703,PHASE1|PHASE2,1202,ACTUAL,2024-05-23,2025-02-05,INDUSTRY,1,32,1
NCT02672527,PHASE3,103,ACTUAL,2015-01-22,2018-07-14,OTHER,1,1,1
NCT04603027,PHASE2,249,ACTUAL,2020-09-21,2021-07-02,INDUSTRY,2,29,4
NCT01447927,PHASE2,93,ACTUAL,2012-06,2013-05,NIH,2,7,3
NCT03237286,PHASE1|PHASE2,154,ACTUAL,2017-12-01,2022-10-18,OTHER,1,1,1
NCT00116870,PHASE2|PHASE3,270,,1985-06,1992-02,INDUSTRY,2,1,1
NCT04270669,PHASE1|PHASE2,37,ACTUAL,2020-04-15,2021-10-29,INDUSTRY,1,1,1
NCT04179669,PHASE3,149,ACTUAL,2019-12-20,2021-06-30,INDUSTRY,1,1,1
NCT02579369,PHASE1|PHASE2,2,ACTUAL,2015-12-08,2016-04-01,INDUSTRY,1,1,1
NCT00041769,PHASE3,360,,2002-06,2007-04,NIH,1,47,2
NCT00179569,PHASE2,40,ESTIMATED,2005-08,,OTHER,1,1,1
NCT00856583,PHASE3,9809,ACTUAL,2002-07,2008-02,INDUSTRY,1,0,0
NCT01960283,PHASE3,83,ACTUAL,2011-11,2016-03,OTHER,1,11,1
NCT07194694,PHASE3,60,ACTUAL,2025-10-22,2026-01-15,OTHER,1,1,1
NCT01565694,PHASE3,76,ACTUAL,2012-08-14,2016-04-28,INDUSTRY,1,21,10
NCT01896856,PHASE1|PHASE2,118,ACTUAL,2013-10-23,2019-08-26,OTHER,1,4,2
NCT00083356,PHASE2,90,,2004-05,,NIH,1,1,1
NCT03483961,PHASE2,445,ACTUAL,2018-04-18,2020-09-14,INDUSTRY,1,3,1
NCT00829842,PHASE3,160,ACTUAL,2006-02,,OTHER,3,0,0
NCT02002442,PHASE2,30,ACTUAL,2013-11,2016-06,OTHER,1,1,1
NCT00390442,PHASE3,,,,,OTHER,1,1,1
NCT00010803,PHASE3,3069,ACTUAL,2000-10,2008-04,NIH,2,5,1
NCT00894803,PHASE2,126,ACTUAL,2009-07,2012-10,OTHER,3,20,1
NCT02346227,PHASE3,327,ACTUAL,2015-01,2018-08,OTHER,2,1,1
NCT02523027,PHASE2|PHASE3,321,ACTUAL,2016-06-21,2017-02-17,INDUSTRY,1,11,1
NCT00000227,PHASE2,0,,1994-08,,OTHER,1,1,1
NCT00044486,PHASE3,602,ACTUAL,2002-07,2004-12,INDUSTRY,3,0,0
NCT00144586,PHASE3,42,ACTUAL,2005-03,2008-08,INDUSTRY,1,0,0
NCT02290873,PHASE3,461,ACTUAL,2015-03-30,2016-04,INDUSTRY,1,13,1
NCT00474383,PHASE2,47,ACTUAL,2006-11,2011-08,INDUSTRY,1,3,2
NCT01896583,PHASE2,64,ACTUAL,2013-11,2014-03,INDUSTRY,1,13,1
NCT00420641,PHASE2,492,ACTUAL,2006-12-19,2008-06-01,INDUSTRY,1,33,10
NCT04351594,PHASE2|PHASE3,70,ACTUAL,2020-11-01,2024-01-01,OTHER,1,1,1
NCT02140554,PHASE1|PHASE2,54,ACTUAL,2015-02-02,2023-07-31,INDUSTRY,1,11,1
NCT00113594,PHASE3,100,,2005-06,,INDUSTRY,2,17,3
NCT03546166,PHASE2,24,ACTUAL,2018-07-26,2021-03-11,OTHER,1,1,1
NCT01977456,PHASE2,27,ACTUAL,2013-09,2015-01,OTHER,2,8,1
NCT00796822,PHASE2,26,ACTUAL,2009-01,2011-10,OTHER,3,1,1
NCT00167622,PHASE2,50,ACTUAL,2005-04,2009-01,OTHER,2,1,1
NCT01271361,PHASE1|PHASE2,140,ACTUAL,2010-11,2011-09,INDUSTRY,3,5,4
NCT03662542,PHASE2,214,ACTUAL,2018-11-20,2020-12-01,INDUSTRY,1,82,9
NCT00045942,PHASE1|PHASE2,144,ACTUAL,2002-01-30,2008-03-27,INDUSTRY,2,4,1
NCT02692742,PHASE2,137,ACTUAL,2016-03,2017-11,INDUSTRY,3,23,1
NCT00015886,PHASE2,25,ACTUAL,1997-01,2002-05,OTHER,1,6,1
NCT00757003,PHASE3,100,ACTUAL,2001-10,2013-07,OTHER,2,1,1
NCT00598403,PHASE3,611,ACTUAL,2007-11,2009-12,INDUSTRY,1,30,2
NCT00274027,PHASE3,19,ACTUAL,2001-01,2003-03,INDUSTRY,1,1,1
NCT01397786,PHASE3,1044,ACTUAL,2011-09,2016-01,INDUSTRY,1,148,19
NCT02832570,PHASE3,14,ACTUAL,2016-11-07,2017-10,OTHER_GOV,1,0,0
NCT05896670,PHASE2,122,ACTUAL,2023-11-29,2024-03-27,INDUSTRY,1,5,1
NCT04775173,PHASE2,79,ACTUAL,2021-02-17,2023-08-10,OTHER,1,1,1
NCT00877383,PHASE3,1142,ACTUAL,2009-04,2010-02,INDUSTRY,1,176,9
NCT05359783,PHASE1|PHASE2,50,ACTUAL,2021-11-01,2023-02-15,OTHER_GOV,2,1,1
NCT06616441,PHASE3,80,ACTUAL,2023-06-01,2024-09-15,OTHER,1,1,1
NCT01448954,PHASE2,36,ESTIMATED,2011-09,2012-02,INDUSTRY,1,2,1
NCT00142805,PHASE2,152,ACTUAL,2004-11-04,2006-06-29,INDUSTRY,1,25,1
NCT00233454,PHASE2,26,ACTUAL,2005-03,2010-06-18,OTHER,3,3,1
NCT00644605,PHASE3,275,ESTIMATED,2002-10,,INDUSTRY,1,68,23
NCT00002822,PHASE3,400,ESTIMATED,1996-03,,OTHER_GOV,1,1,1
NCT01009580,PHASE3,447,ACTUAL,2009-11-05,2010-08-23,INDUSTRY,2,53,10
NCT04727580,PHASE2,99,ACTUAL,2021-03-29,2022-06-12,INDUSTRY,1,1,1
NCT05324059,PHASE3,110,ACTUAL,2022-07-11,2023-04-18,INDUSTRY,1,1,1
NCT01557959,PHASE2,45,ACTUAL,2007-07,2011-02,OTHER,9,1,1
NCT02976259,PHASE3,20,ACTUAL,2017-01,2018-12,OTHER,1,0,0
NCT01855880,PHASE2,54,ACTUAL,2013-05,2014-02,INDUSTRY,1,15,1
NCT00098280,PHASE3,75,,2004-12,,NIH,1,1,1
NCT01356680,PHASE3,1100,ACTUAL,2012-01-13,2020-03-21,OTHER,1,1,1
NCT01484080,PHASE1|PHASE2,140,ACTUAL,2011-10,2013-11,OTHER,1,3,1
NCT01478880,PHASE2,16,ESTIMATED,2011-05,2013-07,OTHER,1,1,1
NCT00592488,PHASE1|PHASE2,13,ACTUAL,2006-08,2009-08,OTHER,1,1,1
NCT00943488,PHASE2,408,ACTUAL,2009-08,2010-03,NIH,1,4,1
NCT07461103,PHASE2,20,ACTUAL,2024-06-22,2025-08-10,OTHER,3,1,1
NCT00701259,PHASE3,852,ACTUAL,2007-01,,INDUSTRY,1,1,1
NCT02243579,PHASE2,24,ACTUAL,2014-10-15,2018-01-04,NIH,9,8,1
NCT00398996,PHASE3,642,ACTUAL,2005-06,2010-07,NETWORK,2,1,1
NCT01077479,PHASE2,28,ACTUAL,2010-02,2013-06,OTHER,2,1,1
NCT00402480,PHASE2,50,,2003-04,,OTHER,1,1,1
NCT02175680,PHASE2,43,ACTUAL,2014-04-16,2015-02-02,INDUSTRY,2,1,1
NCT00210080,PHASE3,700,,2001-04,2003-12,INDUSTRY,1,0,0
NCT00576979,PHASE1|PHASE2,51,ACTUAL,2008-03-04,2016-05-30,OTHER,1,1,1
NCT01057797,PHASE2,208,ACTUAL,2003-09,2009-01,OTHER,1,1,1
NCT07469410,PHASE3,60,ACTUAL,2025-06-01,2025-11-15,OTHER,1,1,1
NCT02382510,PHASE2,59,ACTUAL,2015-04,2016-03,INDUSTRY,1,7,1
NCT00098813,PHASE2,20,ACTUAL,2004-10,2009-08,NIH,3,1,1
NCT00248313,PHASE3,470,,2000-07,,INDUSTRY,1,0,0
NCT02223260,PHASE2,8,ACTUAL,2014-09,2016-01,INDUSTRY,1,4,3
NCT00605020,PHASE3,719,ACTUAL,2003-12-02,2005-03-03,INDUSTRY,2,127,3
NCT05513924,PHASE2|PHASE3,40,ACTUAL,2022-03-15,2022-11-01,OTHER,1,1,1
NCT01256424,PHASE2,262,ACTUAL,2011-04,2012-09,INDUSTRY,1,2,2
NCT06382220,PHASE1|PHASE2,100,ACTUAL,2024-04-23,2024-07-25,OTHER,1,1,1
NCT05468320,PHASE3,51,ACTUAL,2022-11-21,2024-12-26,INDUSTRY,1,27,11
NCT00790582,PHASE2,109,ACTUAL,2008-05,2010-03,OTHER,1,10,1
NCT02187224,PHASE2|PHASE3,13,ACTUAL,2016-09-01,2021-09-08,OTHER,2,1,1
NCT00791024,PHASE1|PHASE2,126,ACTUAL,2008-11,2009-11,OTHER,1,1,1
NCT01701024,PHASE3,498,ACTUAL,2012-10,2013-05,INDUSTRY,1,24,1
NCT02364167,PHASE2|PHASE3,180,ACTUAL,2015-01-13,2018-06-27,OTHER,1,1,1
NCT03539900,PHASE2|PHASE3,89,ACTUAL,2018-04-17,2022-04-19,OTHER,1,1,1
NCT00694707,PHASE2,732,ACTUAL,2008-06-30,2009-08-31,INDUSTRY,1,65,5
NCT00522236,PHASE2,56,ACTUAL,2007-06,2007-07,INDUSTRY,1,2,1
NCT01047436,PHASE2,31,ACTUAL,2009-12,2010-01,INDUSTRY,1,0,0
NCT00689611,PHASE3,392,ACTUAL,2005-12,2010-06,OTHER,3,38,7
NCT00558311,PHASE3,1157,ACTUAL,2007-12-14,2010-06-15,INDUSTRY,1,117,29
NCT00002844,PHASE2,49,ACTUAL,1991-03-05,2002-06-05,OTHER,1,1,1
NCT00700544,PHASE3,330,ACTUAL,2002-06,2005-04,OTHER,2,1,1
NCT01710644,PHASE1|PHASE2,35,ACTUAL,2013-05,2014-07,INDUSTRY,5,9,1
NCT02182544,PHASE3,151,ACTUAL,2001-06,2001-12,INDUSTRY,1,0,0
NCT07634744,PHASE2,25,ACTUAL,2024-12-31,2026-04-23,INDUSTRY,1,1,1
NCT01163864,PHASE1|PHASE2,77,ACTUAL,2007-09,2011-11,OTHER,1,1,1
NCT00462709,PHASE3,146,ACTUAL,2006-06-27,2009-03-31,INDUSTRY,1,48,1
NCT00134199,PHASE2|PHASE3,282,ACTUAL,2005-03,,INDUSTRY,1,15,1
NCT05605964,PHASE3,387,ACTUAL,2023-01-28,2024-12-31,INDUSTRY,1,108,1
NCT02084732,PHASE2,35,ACTUAL,2013-10-01,2019-11-01,OTHER_GOV,1,1,1
NCT02145832,PHASE2|PHASE3,100,ESTIMATED,2014-10,2015-11,OTHER_GOV,1,5,5
NCT04107987,PHASE3,148,ACTUAL,2018-10-01,2019-08-31,OTHER,1,1,1
NCT01189487,PHASE3,47,ACTUAL,2010-10,2011-04,INDUSTRY,1,22,1
NCT03516487,PHASE1|PHASE2,70,ACTUAL,2018-04-17,2019-06-21,INDUSTRY,2,4,1
NCT02278887,PHASE3,168,ACTUAL,2014-09-23,2022-09,OTHER,1,2,2
NCT01731821,PHASE3,308,ACTUAL,2012-10,2014-06,OTHER,4,1,1
NCT01754714,PHASE3,108,ACTUAL,2012-12,2014-09,INDUSTRY,1,32,4
NCT00402714,PHASE2,14,ACTUAL,2006-07,2009-07,OTHER,1,3,1
NCT00357006,PHASE2,180,ACTUAL,2006-07,2011-10,OTHER,3,1,1
NCT00921804,PHASE2,296,ACTUAL,2009-06,2010-05,INDUSTRY,1,3,1
NCT00016952,PHASE2,19,ACTUAL,2001-04,2004-04,OTHER,1,15,2
NCT01305447,PHASE2,413,ACTUAL,2009-10,2014-04,OTHER,1,1,1
NCT01635647,PHASE1|PHASE2,730,ACTUAL,2012-11,2014-08,OTHER,1,1,1
NCT01367249,PHASE3,440,ACTUAL,2011-05,2011-07,INDUSTRY,3,1,1
NCT01655849,PHASE2,141,ACTUAL,2012-08,2013-10,INDUSTRY,1,23,1
NCT02851849,PHASE2,148,ACTUAL,2016-09,2017-06,INDUSTRY,1,29,1
NCT00299338,PHASE1|PHASE2,24,,1997-09,,INDUSTRY,1,1,1
NCT01713738,PHASE1|PHASE2,36,ACTUAL,2003-05,2005-12,INDIV,2,9,1
NCT02193958,PHASE1|PHASE2,55,ACTUAL,2014-07,2019-08-09,INDUSTRY,3,2,1
NCT00000458,PHASE2,100,,,,NIH,2,1,1
NCT02758548,PHASE2,193,ACTUAL,2016-03,2016-05,INDUSTRY,1,12,5
NCT00384748,PHASE2,48,ACTUAL,2008-11,2010-12,FED,1,3,1
NCT01238055,PHASE2,116,ACTUAL,2008-11,2012-04,OTHER,1,1,1
NCT01550055,PHASE2|PHASE3,512,ACTUAL,2009-05-31,2012-12-23,INDUSTRY,1,0,0
NCT00639678,PHASE3,322,ACTUAL,2008-03,2008-07,INDUSTRY,1,0,0
NCT00190515,PHASE3,1101,ACTUAL,2003-02,2011-11,OTHER,1,48,1
NCT00519285,PHASE3,1224,ACTUAL,2007-08,2012-04,INDUSTRY,2,31,31
NCT04213807,PHASE2,28,ACTUAL,2019-12-11,2020-12-29,INDUSTRY,1,6,1
NCT03274167,PHASE3,112,ACTUAL,2012-01,2014-12,OTHER,2,1,1
NCT01568567,PHASE1|PHASE2,32,ACTUAL,2012-03,2012-06,INDUSTRY,1,1,1
NCT04199767,PHASE2,13,ACTUAL,2020-07-16,2020-11-03,OTHER,2,1,1
NCT00154336,PHASE2,50,ACTUAL,2004-07,2005-08,INDUSTRY,1,15,4
NCT03516071,PHASE2,90,ACTUAL,2017-05-17,2018-11-09,INDUSTRY,1,15,1
NCT00615511,PHASE2,100,ACTUAL,2007-06,2014-12,OTHER,2,3,1
NCT00003464,PHASE2,50,ESTIMATED,1997-09,,OTHER,1,1,1
NCT00338598,PHASE2,20,ACTUAL,2003-06,2015-12,OTHER,2,1,1
NCT01962298,PHASE3,75,ACTUAL,2013-10,2014-12,OTHER,3,1,1
NCT02336698,PHASE3,18,ACTUAL,2015-07-13,2016-09-15,INDUSTRY,2,32,4
NCT01028963,PHASE2,159,ACTUAL,2010-01,2010-10,INDUSTRY,1,28,5
NCT01689363,PHASE2,253,ACTUAL,2012-09,2012-11,INDUSTRY,1,5,1
NCT00466193,PHASE3,295,ACTUAL,2007-05,2007-11,INDUSTRY,1,1,1
NCT02028221,PHASE2,151,ACTUAL,2014-03-07,2018-11-30,OTHER,1,1,1
NCT01966614,PHASE3,479,ACTUAL,2013-10,2015-12,INDUSTRY,1,76,6
NCT03187314,PHASE2,25,ACTUAL,2017-06-14,2019-06-30,OTHER,3,1,1
NCT02101606,PHASE2,20,ACTUAL,2009-10,2017-11,OTHER,3,1,1
NCT01183806,PHASE3,40,ACTUAL,2010-07,2012-01,OTHER,1,2,1
NCT00941304,PHASE2,153,ACTUAL,2009-08,2009-11,INDUSTRY,1,3,1
NCT00130533,PHASE3,876,ACTUAL,2006-01,2017-02-17,OTHER,1,48,1
NCT00055133,PHASE2,50,,2002-09,,INDUSTRY,1,9,1
NCT04518852,PHASE2,27,ACTUAL,2020-09-14,2022-07-31,OTHER,8,1,1
NCT05508152,PHASE3,260,ACTUAL,2021-02-01,2023-01-30,OTHER,1,1,1
NCT00046852,PHASE1|PHASE2,,,2001-12,2004-11,OTHER,2,2,1
NCT03264547,PHASE3,446,ACTUAL,2017-08-28,2024-12-31,OTHER,1,2,1
NCT01099449,PHASE3,362,ACTUAL,2010-06,2012-12,OTHER,4,405,2
NCT01646138,PHASE1|PHASE2,49,ACTUAL,2012-02,2013-12,NIH,1,1,1
NCT05964738,PHASE2,98,ACTUAL,2022-12-19,2024-10-31,OTHER,5,1,1
NCT03197558,PHASE2,30,ACTUAL,2017-06-27,2017-09-14,INDUSTRY,4,8,1
NCT00003658,PHASE2,60,ESTIMATED,1998-09,2005-10,OTHER,2,1,1
NCT00001848,PHASE2,612,,1998-11,,NIH,2,1,1
NCT00127855,PHASE2,409,ACTUAL,2003-03-01,2004-02-01,INDUSTRY,2,3,1
NCT04377126,PHASE2,25,ACTUAL,2020-07-08,2025-01-23,OTHER,1,2,1
NCT03877926,PHASE3,3689,ACTUAL,2019-03-11,2020-08-06,INDUSTRY,1,35,1
NCT00136955,PHASE2,41,ACTUAL,2004-06,2008-05,INDUSTRY,1,5,1
NCT02937285,PHASE3,35,ACTUAL,2010-12-06,2020-05-28,OTHER,1,1,1
NCT00412100,PHASE3,,,2006-04,2008-07,INDUSTRY,1,0,0
NCT03137992,PHASE3,377,ACTUAL,2017-11-21,2018-01-31,INDUSTRY,1,34,1
NCT02162667,PHASE3,562,ACTUAL,2014-06,2016-05-26,INDUSTRY,1,98,22
NCT01998100,PHASE3,28,ACTUAL,2010-09,2013-07,OTHER,1,2,1
NCT02307500,PHASE2,82,ACTUAL,2014-12,2017-12,OTHER,7,1,1
NCT04532736,PHASE2,41,ACTUAL,2017-09-02,2019-03-12,OTHER,1,1,1
NCT05234736,PHASE2,10,ACTUAL,2022-02-11,2022-06-09,INDUSTRY,1,1,1
NCT01107171,PHASE2,210,ACTUAL,2008-05,2008-12,OTHER,1,6,1
NCT00333164,PHASE3,200,ESTIMATED,2006-05,2012-03,OTHER,1,1,1
NCT00482599,PHASE3,30,ACTUAL,2005-06-01,2006-04-13,INDUSTRY,1,0,0
NCT01445899,PHASE2,258,ACTUAL,2012-02,2013-11,INDUSTRY,3,51,7
NCT02102698,PHASE2,40,ACTUAL,2014-06-19,2019-12,INDUSTRY,1,11,1
NCT00420498,PHASE2,12,ACTUAL,2005-08,,OTHER,3,1,1
NCT00144287,PHASE3,255,ACTUAL,2004-05,2006-04,INDUSTRY,1,53,1
NCT01000987,PHASE2,44,ACTUAL,2009-10,2016-11,OTHER,1,1,1
NCT01937663,PHASE2,,,,2014-01,INDUSTRY,1,1,1
NCT02464163,PHASE1|PHASE2,407,ACTUAL,2015-07,2016-08,INDUSTRY,1,9,1
NCT04185363,PHASE3,84,ACTUAL,2020-01-08,2025-04-23,INDUSTRY,1,28,16
NCT06030193,PHASE2,37,ACTUAL,2025-08-13,2026-02-23,INDUSTRY,4,1,1
NCT03941093,PHASE3,284,ACTUAL,2019-05-10,2024-06-11,INDUSTRY,1,90,12
NCT04345614,PHASE2,314,ACTUAL,2020-04-08,2021-06-28,INDUSTRY,1,17,1
NCT01561521,PHASE3,90,ACTUAL,2012-03,2012-04,INDUSTRY,1,1,1
NCT00842816,PHASE2,210,ACTUAL,2009-02,2011-05,INDUSTRY,1,30,2
NCT00009204,PHASE3,,,1995-09,2000-04,OTHER,3,1,1
NCT04591184,PHASE1|PHASE2,268,ACTUAL,2021-04-07,2023-12-06,INDUSTRY,1,4,4
NCT00147784,PHASE3,10,ESTIMATED,2006-03,2007-06,OTHER_GOV,2,2,1
NCT00670033,PHASE2,158,ACTUAL,2008-04,2008-09,INDUSTRY,2,0,0
NCT04722133,PHASE2,36,ACTUAL,2020-06-23,2023-06-14,OTHER,1,1,1
NCT01969149,PHASE2|PHASE3,110,ACTUAL,2015-01,2015-12,OTHER,1,1,1
NCT00013338,PHASE2,40,,2000-01,,FED,1,1,1
NCT00925938,PHASE2,51,ACTUAL,2010-01,2010-11,INDUSTRY,1,2,1
NCT01719549,PHASE2,19,ACTUAL,2012-09,2016-02,OTHER,1,1,1
NCT03066258,PHASE1|PHASE2,42,ACTUAL,2017-03-29,2019-11-24,INDUSTRY,2,8,1
NCT00506155,PHASE2,60,ACTUAL,2007-06,2014-08,OTHER,1,1,1
NCT00625755,PHASE1|PHASE2,40,ACTUAL,2002-12,2005-06,OTHER,1,1,1
NCT01084655,PHASE1|PHASE2,38,ACTUAL,2010-07,2013-01,INDUSTRY,1,1,1
NCT04374526,PHASE2|PHASE3,29,ACTUAL,2020-05-27,2021-05-26,OTHER,1,3,1
NCT00810667,PHASE2,124,ACTUAL,2008-11,2010-01,INDUSTRY,2,25,8
NCT00182767,PHASE1|PHASE2,45,ACTUAL,2006-01,2012-04,NIH,7,5,1
NCT03723967,PHASE2,104,ACTUAL,2019-05-16,2020-05-16,OTHER,1,17,1
NCT03091400,PHASE2,11,ACTUAL,2017-03-16,2018-06-11,OTHER,2,1,1
NCT01390207,PHASE2|PHASE3,100,ACTUAL,2010-01,2011-04,OTHER,1,0,0
NCT00432744,PHASE3,24,ACTUAL,2007-01,2013-05,OTHER,1,3,2
NCT01222364,PHASE1|PHASE2,54,ACTUAL,2000-06,2000-12,NETWORK,4,4,1
NCT03172598,PHASE2,61,ACTUAL,2017-07-25,2018-08-08,INDUSTRY,1,3,3
NCT02720198,PHASE3,60,ACTUAL,2017-01-23,2018-06-12,OTHER,1,1,1
NCT01483963,PHASE2,50,ACTUAL,2011-11,2013-02,INDUSTRY,2,15,1
NCT00759187,PHASE3,25,ACTUAL,2008-01,2008-04,INDUSTRY,1,1,1
NCT03836287,PHASE3,350,ACTUAL,2020-10-09,2021-06-25,INDUSTRY,1,39,1
NCT01112293,PHASE2,14,ACTUAL,2010-04,2012-10,OTHER,1,1,1
NCT01830621,PHASE3,282,ACTUAL,2013-05-10,2016-05-07,NETWORK,1,63,3
NCT01591421,PHASE1|PHASE2,22,ACTUAL,2012-09-06,2015-09-30,NETWORK,1,3,1
NCT01982916,PHASE3,324,ACTUAL,2013-12,2015-01,INDUSTRY,3,9,1
NCT01616316,PHASE2|PHASE3,86,ACTUAL,2010-03,2012-01,OTHER,1,1,1
NCT06831916,PHASE2,104,ACTUAL,2025-03-03,2025-10-30,OTHER,2,1,1
NCT00003616,PHASE1|PHASE2,,,1998-10-22,2002-05-17,OTHER,1,10,1
NCT00002804,PHASE2,43,ACTUAL,1996-09,2000-06,NETWORK,1,9,3
NCT03324984,PHASE2,110,ACTUAL,2019-09-11,2023-02-01,OTHER,3,1,1
NCT06554184,PHASE3,706,ACTUAL,2024-09-03,2025-07-28,INDUSTRY,1,1,1
NCT07020884,PHASE2,303,ACTUAL,2024-08-14,2025-05-07,INDUSTRY,1,16,1
NCT02471833,PHASE1|PHASE2,61,ACTUAL,2015-04,2022-04-15,OTHER,1,1,1
NCT01268033,PHASE2|PHASE3,26,ACTUAL,2010-12,2014-05,OTHER,1,24,2
NCT01812252,PHASE2,50,ACTUAL,2013-08-19,2022-10-26,OTHER,4,4,1
NCT01448252,PHASE1|PHASE2,30,ESTIMATED,2002-05,2008-09,OTHER,1,1,1
NCT02400047,PHASE3,580,ACTUAL,2015-06-03,2019-07-18,OTHER,1,1,1
NCT01809847,PHASE2,20,ACTUAL,2013-03,2015-01,OTHER,1,11,1
NCT00138749,PHASE2,402,,2004-11,2006-08,INDUSTRY,1,95,2
NCT02181738,PHASE2,294,ACTUAL,2014-08-12,2017-08-31,INDUSTRY,1,38,10
NCT00483938,PHASE3,236,ACTUAL,2007-06,2010-05,INDUSTRY,1,23,2
NCT02559648,PHASE2,63,ACTUAL,2014-09,2016-12,OTHER,2,1,1
NCT00208026,PHASE1|PHASE2,3,ACTUAL,2005-09,2008-03,OTHER,1,1,1
NCT00013455,PHASE2,48,ESTIMATED,2000-08,,FED,1,1,1
NCT02509078,PHASE3,1008,ACTUAL,2016-01-04,2018-07-03,OTHER,1,44,1
NCT00022867,PHASE1|PHASE2,100,,2001-05,2005-01,OTHER,2,1,1
NCT03426267,PHASE3,325,ACTUAL,2018-09-28,2020-03-05,INDUSTRY,1,19,1
NCT01362400,PHASE2,226,ACTUAL,2011-05,2014-03,INDUSTRY,1,65,6
NCT01973907,PHASE3,53,ACTUAL,2014-01,2016-06,OTHER,1,1,1
NCT00037492,PHASE3,291,,,,NIH,1,6,1
NCT00445692,PHASE2,32,ACTUAL,2007-01-10,2017-04-24,OTHER,4,1,1
NCT00050011,PHASE3,602,ACTUAL,2002-09,2009-01,INDUSTRY,2,44,2
NCT02360371,PHASE2,100,ACTUAL,2015-04,2020-05,OTHER,3,1,1
NCT02801071,PHASE3,30,ACTUAL,2016-06-14,2017-08-15,OTHER,1,1,1
NCT02034071,PHASE1|PHASE2,13,ACTUAL,2014-04,2015-05,INDUSTRY,1,1,1
NCT00739934,PHASE2,40,ACTUAL,2008-12,2009-10,INDUSTRY,2,14,1
NCT00755664,PHASE3,390,ACTUAL,2007-07,2012-09,OTHER,1,1,1
NCT00920764,PHASE2,92,ACTUAL,2009-06,2010-04,INDUSTRY,2,28,2
NCT02859909,PHASE3,34,ACTUAL,2016-11,2018-12,INDUSTRY,1,22,6
NCT00100009,PHASE3,30,,2004-12-09,,NIH,1,23,1
NCT03224299,PHASE2,131,ACTUAL,2017-06-21,2017-08-24,INDUSTRY,1,2,1
NCT00269932,PHASE3,485,ACTUAL,1993-08,,INDUSTRY,1,0,0
NCT00706732,PHASE1|PHASE2,28,ACTUAL,2008-06,2008-09,INDUSTRY,1,1,1
NCT00972998,PHASE1|PHASE2,8,ACTUAL,2009-09,2009-12,INDUSTRY,1,1,1
NCT00606398,PHASE2,56,ESTIMATED,2007-06,2007-12,OTHER,1,1,1
NCT01194063,PHASE3,36,ACTUAL,2010-10-20,2018-11-30,OTHER,1,1,1
NCT03009487,PHASE3,265,ACTUAL,2017-01,2018-04,INDUSTRY,2,1,1
NCT01898221,PHASE3,343,ACTUAL,2013-10,2019-12,OTHER,2,12,1
NCT00061906,PHASE2,25,ACTUAL,2003-01,2006-06,OTHER,1,2,1
NCT05814406,PHASE3,196,ACTUAL,2023-01-12,2024-03-21,INDUSTRY,1,1,1
NCT00527306,PHASE3,160,ACTUAL,2005-12,2009-07,OTHER,1,1,1
NCT00033904,PHASE3,650,,2000-06,2007-04,INDUSTRY,1,76,11
NCT06454604,PHASE3,60,ACTUAL,2024-09-20,2025-04-30,OTHER,1,2,1
NCT02330133,PHASE2,333,ACTUAL,2008-05,2009-09,INDUSTRY,1,1,1
NCT03117933,PHASE2,139,ACTUAL,2017-03-09,2021-03-12,OTHER,1,14,1
NCT00303849,PHASE1|PHASE2,33,ACTUAL,2005-09-15,2021-03-12,OTHER,4,2,1
NCT01219647,PHASE1|PHASE2,35,ACTUAL,2010-07,2014-08,OTHER,1,2,1
NCT00448149,PHASE1|PHASE2,55,ACTUAL,2006-12,2009-06,OTHER,1,1,1
NCT00308438,PHASE2,67,ACTUAL,2004-03-01,2005-11-01,INDUSTRY,1,24,2
NCT02292238,PHASE2,71,ACTUAL,2015-02-15,2020-07-20,OTHER,1,1,1
NCT00871338,PHASE2,284,ACTUAL,2009-06-24,2010-03-31,INDUSTRY,2,5,1
NCT00065858,PHASE2|PHASE3,975,,2001-09,,OTHER,1,9,1
NCT04886258,PHASE2,115,ACTUAL,2021-09-20,2024-12-14,INDUSTRY,1,31,8
NCT01399567,PHASE2,396,ACTUAL,2006-09,2009-11,OTHER,1,1,1
NCT00499265,PHASE2,95,ACTUAL,2007-04,2010-05,INDUSTRY,1,39,6
NCT00000567,PHASE3,,,1984-08,,NIH,3,0,0
NCT03046836,PHASE2,200,ACTUAL,2017-07-01,2021-04-11,OTHER,1,1,1
NCT00950911,PHASE3,35,ACTUAL,2009-07,2012-02,INDUSTRY,3,17,2
NCT04994444,PHASE2|PHASE3,49,ACTUAL,2021-09-01,2024-04-30,OTHER,1,1,1
NCT01599234,PHASE3,337,ACTUAL,2005-03,2005-12,INDUSTRY,1,1,1
NCT03306264,PHASE3,227,ACTUAL,2018-02-15,2021-09-10,INDUSTRY,3,84,10
NCT00146432,PHASE2|PHASE3,,,,,OTHER,1,1,1
NCT00023998,PHASE2,80,ACTUAL,2001-07,2005-11,NIH,1,1,1
NCT07550387,PHASE2,363,ACTUAL,2024-05-23,2026-01-02,INDUSTRY,1,1,1
NCT01284387,PHASE2,126,ACTUAL,2011-01,2014-01,INDUSTRY,1,25,1
NCT02033993,PHASE2,199,ACTUAL,2014-03-11,2018-05-03,NETWORK,1,37,2
NCT05188521,PHASE2,12,ACTUAL,2022-01-11,2023-05-17,OTHER,1,1,1
NCT04834206,PHASE2,32,ACTUAL,2021-05-01,2021-10-29,OTHER,1,1,1
NCT00846833,PHASE1|PHASE2,12,ESTIMATED,2009-02,2011-02,OTHER,1,1,1
NCT00599833,PHASE2,44,ESTIMATED,2007-05,2010-09,OTHER,1,2,1
NCT00660504,PHASE3,300,ACTUAL,2008-04,2012-02,INDUSTRY,1,15,1
NCT01873404,PHASE2,183,ACTUAL,2013-06,2015-03,INDUSTRY,3,25,1
NCT04124484,PHASE2,276,ACTUAL,2017-10-17,2019-02-27,INDUSTRY,1,1,1
NCT00771433,PHASE2,120,ESTIMATED,2007-10,2011-05,OTHER,3,1,1
NCT01106833,PHASE2|PHASE3,151,ACTUAL,2010-04,2017-02-14,OTHER,1,31,1
NCT03860038,PHASE2,113,ACTUAL,2019-01-28,2023-01-28,INDUSTRY,2,18,2
NCT02818738,PHASE3,86,ACTUAL,2017-09-06,2021-02-07,OTHER,1,1,1
NCT02674438,PHASE3,5452,ACTUAL,2016-09,2021-12-01,OTHER,1,1,1
NCT02370238,PHASE2,194,ACTUAL,2015-07-29,2019-02-20,INDUSTRY,1,77,7
NCT01442038,PHASE3,2651,ACTUAL,2011-10,2015-02,INDUSTRY,2,218,15
NCT00197249,PHASE3,1034,ACTUAL,2002-05,2003-06,INDUSTRY,1,0,0
NCT00865358,PHASE2,30,ACTUAL,2007-02,2007-07,OTHER,1,2,1
NCT05913258,PHASE3,40,ACTUAL,2020-01-01,2022-03-01,OTHER,1,1,1
NCT06145048,PHASE2,89,ACTUAL,2023-10-05,2024-10-31,INDUSTRY,2,6,2
NCT00100555,PHASE3,120,,2004-06,2005-06,INDUSTRY,1,18,1
NCT00059865,PHASE1|PHASE2,68,ACTUAL,2004-01,2007-02,OTHER,3,41,1
NCT01136967,PHASE2,182,ACTUAL,2010-08,2013-04,INDUSTRY,2,95,4
NCT01575600,PHASE3,100,ACTUAL,2010-07,2012-03,OTHER,1,1,1
NCT00455936,PHASE3,315,ACTUAL,2005-10,2009-11,OTHER_GOV,1,3,1
NCT00927836,PHASE2,328,ACTUAL,2009-05,2011-11,INDUSTRY,1,58,7
NCT00609336,PHASE2,35,ACTUAL,2008-01,2014-11,OTHER,5,1,1
NCT00129311,PHASE2,101,ACTUAL,2004-07,2012-12,OTHER,1,1,1
NCT01027871,PHASE2,289,ACTUAL,2010-01,2010-12,INDUSTRY,1,25,8
NCT00000334,PHASE2,0,,2002-12-01,2004-11-01,NIH,1,1,1
NCT01772134,PHASE3,617,ACTUAL,2013-01-01,2013-07-01,INDUSTRY,1,73,4
NCT00358709,PHASE3,129,ESTIMATED,2002-06,2006-12,OTHER,1,1,1
NCT02513199,PHASE2,32,ACTUAL,2014-11,2022-01-01,OTHER,1,1,1
NCT04855799,PHASE2,35,ACTUAL,2021-11-02,2024-03-11,OTHER,3,1,1
NCT00867698,PHASE2,148,ACTUAL,2009-03,2010-04,INDUSTRY,1,38,1
NCT03812263,PHASE1|PHASE2,9,ACTUAL,2019-08-30,2023-09-12,INDUSTRY,1,3,3
NCT00147121,PHASE2|PHASE3,300,ACTUAL,2002-09,2010-02,OTHER,1,45,1
NCT01122121,PHASE3,273,ACTUAL,2000-03,2008-12,INDUSTRY,1,1,1
NCT02118714,PHASE2,20,ACTUAL,2015-04-06,2018-04-18,INDUSTRY,2,13,4
NCT00639106,PHASE3,70,ACTUAL,2008-03,2018-10,OTHER,1,3,1
NCT06429306,PHASE3,285,ACTUAL,2022-08-22,2023-11-24,INDUSTRY,2,1,1
NCT06153004,PHASE3,76,ACTUAL,2023-08-01,2024-03-10,OTHER,2,1,1
NCT04329104,PHASE2,348,ACTUAL,2021-02-15,2022-01-26,NIH,2,2,1
NCT01712984,PHASE3,3360,ACTUAL,2012-10,2013-06,INDUSTRY,1,38,1
NCT03111433,PHASE2,49,ACTUAL,2017-03-19,2018-01-20,OTHER,1,1,1
NCT01496547,PHASE2,47,ACTUAL,2011-01,2018-02-28,OTHER,1,1,1
NCT03289338,PHASE2|PHASE3,36,ACTUAL,2016-06-01,2018-12-31,OTHER,2,1,1
NCT03215758,PHASE3,675,ACTUAL,2017-11-01,2019-07-02,INDUSTRY,1,110,10
NCT00075946,PHASE3,545,ACTUAL,2004-01-23,2013-09,NETWORK,1,483,1
NCT00065988,PHASE3,534,,1997-09,,OTHER,1,1,1
NCT04142242,PHASE3,471,ACTUAL,2019-10-04,2020-04-01,INDUSTRY,1,34,2
NCT02699086,PHASE2,6,ACTUAL,2019-12-01,2020-07-15,INDUSTRY,1,1,1
NCT00185770,PHASE2|PHASE3,900,,1999-04,,OTHER,2,1,1
NCT00911586,PHASE2,15,ACTUAL,2009-07,2009-09,INDUSTRY,3,1,1
NCT00565370,PHASE1|PHASE2,22,ACTUAL,2007-11,2009-12,OTHER,1,1,1
NCT00209573,PHASE3,270,,2004-09,,INDUSTRY,2,0,0
NCT01902173,PHASE1|PHASE2,27,ACTUAL,2013-10-08,2018-05-16,NIH,9,16,1
NCT03770273,PHASE2,21,ACTUAL,2019-06-19,2023-07-31,NIH,1,1,1
NCT00578669,PHASE3,206,ACTUAL,2008-04,2013-07,OTHER,3,1,1
NCT05077683,PHASE3,560,ACTUAL,2021-10-10,2023-03-10,OTHER,2,1,1
NCT02491983,PHASE2,486,ACTUAL,2015-08,2020-01,OTHER,1,48,7
NCT02906683,PHASE2,337,ACTUAL,2016-10-20,2018-04-30,INDUSTRY,1,1,1
NCT02520141,PHASE2,61,ACTUAL,2015-12-29,2022-06-29,OTHER,12,1,1
NCT00185354,PHASE3,422,ACTUAL,2004-11,2006-04,INDUSTRY,1,28,4
NCT02080754,PHASE3,3472,ACTUAL,2014-02-04,2017-02,OTHER,5,1,1
NCT00791505,PHASE3,170,ACTUAL,2002-07,2005-06,OTHER,3,0,0
NCT01128894,PHASE3,841,ACTUAL,2010-05,2011-09,INDUSTRY,1,173,8
NCT04179266,PHASE1|PHASE2,23,ACTUAL,2019-11-20,2020-05-12,INDUSTRY,1,1,1
NCT02744222,PHASE2|PHASE3,399,ACTUAL,2017-08-10,2018-11-23,INDUSTRY,1,1,1
NCT00305929,PHASE2,8,ESTIMATED,2006-03,,INDUSTRY,1,1,1
NCT00630851,PHASE3,249,ACTUAL,2002-10,,INDUSTRY,1,53,1
NCT00477451,PHASE2,49,ACTUAL,2007-05,2008-04,UNKNOWN,1,3,1
NCT02404831,PHASE1|PHASE2,20,ACTUAL,2014-04,2015-05,OTHER,1,1,1
NCT02127645,PHASE3,25,ACTUAL,2011-06,2014-05,OTHER,1,1,1
NCT01551745,PHASE2,5,ACTUAL,2012-03,2016-04,INDUSTRY,2,1,1
NCT00003945,PHASE3,400,ESTIMATED,1999-06,2007-01,NETWORK,1,11,4
NCT00251745,PHASE3,908,ACTUAL,2005-12,2006-05,INDUSTRY,1,95,1
NCT02279745,PHASE2,45,ACTUAL,2015-07-08,2021-03-29,INDUSTRY,1,46,10
NCT05393895,PHASE3,178,ACTUAL,2022-04-22,2022-12-01,INDUSTRY,1,12,1
NCT01318395,PHASE3,56,ACTUAL,2010-05,2013-06,OTHER,1,2,1
NCT00360295,PHASE3,153,ACTUAL,2006-09,2007-05,INDUSTRY,1,54,1
NCT00388895,PHASE2,35,,2002-06,2006-10,OTHER,2,28,1
NCT00080275,PHASE3,600,,2004-03,,INDUSTRY,1,0,0
NCT02716675,PHASE2,2699,ACTUAL,2016-04-06,2020-12-01,NIH,1,26,4
NCT00965367,PHASE2|PHASE3,154,ACTUAL,2008-05,2008-11,OTHER,2,1,1
NCT00322192,PHASE2,300,ESTIMATED,2004-01,,OTHER,1,4,1
NCT00843336,PHASE3,358,ACTUAL,2009-02,2012-12,OTHER,1,2,1
NCT04477811,PHASE2|PHASE3,40,ACTUAL,2020-07-25,2020-11-01,OTHER,1,1,1
NCT03231371,PHASE3,22,ACTUAL,2008-11,2011-01,OTHER,1,1,1
NCT04526899,PHASE2,184,ACTUAL,2021-05-19,2024-01-25,INDUSTRY,3,49,7
NCT00541099,PHASE2,11,ACTUAL,2008-01,2013-01,OTHER,1,3,1
NCT06199999,PHASE2,29,ACTUAL,2024-05-15,2025-04-29,OTHER,3,1,1
NCT01694498,PHASE2,183,ACTUAL,2012-09,2013-06,INDUSTRY,1,35,1
NCT02926898,PHASE3,87,ACTUAL,2017-01-27,2018-06-05,INDUSTRY,1,28,7
NCT00402363,PHASE3,663,ACTUAL,2006-11,2010-01,INDUSTRY,1,178,1
NCT02467387,PHASE2,23,ACTUAL,2014-06-01,2017-05-11,INDUSTRY,1,5,1
NCT00409721,PHASE2,42,ESTIMATED,2007-03,2010-12,OTHER,1,2,1
NCT04327206,PHASE3,6828,ACTUAL,2020-03-30,2021-11-10,OTHER,4,36,5
NCT04871204,PHASE2,20,ACTUAL,2021-06-16,2024-02-21,OTHER,2,1,1
NCT00839306,PHASE3,240,ACTUAL,2008-08,2009-08,INDUSTRY,1,4,1
NCT00004184,PHASE1|PHASE2,50,ESTIMATED,1998-08,2001-06,OTHER,1,0,0
NCT01015404,PHASE3,25,ACTUAL,2009-11,2010-03,INDUSTRY,1,6,1
NCT00805233,PHASE2,30,ESTIMATED,2008-12,2010-09,OTHER,1,1,1
NCT00004052,PHASE2,24,ESTIMATED,1999-03,2005-08,OTHER,1,2,1
NCT03541252,PHASE1|PHASE2,20,ACTUAL,2018-03-09,2019-09-02,OTHER,1,1,1
NCT01766752,PHASE3,30,ACTUAL,2012-11,2013-03,OTHER,1,1,1
NCT01189747,PHASE3,446,ACTUAL,2010-10-01,2011-04-01,INDUSTRY,2,4,4
NCT01777165,PHASE2,240,ACTUAL,2013-02,2014-03,INDUSTRY,1,41,2
NCT00218465,PHASE2,264,ACTUAL,2006-08,2009-06,OTHER,1,2,1
NCT00065065,PHASE2,105,ACTUAL,2002-09,2008-01,OTHER,2,13,1
NCT04085367,PHASE3,557,ACTUAL,2019-09-30,2021-03-03,INDUSTRY,1,60,2
NCT02852967,PHASE2,110,ACTUAL,2016-09-14,2019-02-13,INDUSTRY,1,14,1
NCT03338907,PHASE2,30,ACTUAL,2018-01-25,2018-10-26,OTHER,1,1,1
NCT03620136,PHASE3,98,ACTUAL,2018-02-07,2019-11-27,OTHER,1,1,1
NCT00343811,PHASE3,120,,2006-06,,INDUSTRY,1,23,1
NCT02204436,PHASE3,22,ACTUAL,2013-11,2014-01,OTHER,1,1,1
NCT00151411,PHASE2,114,ACTUAL,2004-10,2008-03,OTHER,1,1,1
NCT00022334,PHASE1|PHASE2,33,ACTUAL,2001-01,2004-12,OTHER,1,1,1
NCT07392034,PHASE2,60,ACTUAL,2025-01-01,2025-06-30,OTHER,3,1,1
NCT01049334,PHASE3,204,ACTUAL,2009-11,2011-03,INDUSTRY,1,1,1
NCT01021709,PHASE2,29,ACTUAL,2009-11,2015-11,OTHER,1,1,1
NCT01784809,PHASE2,306,ACTUAL,2009-11,2013-03,OTHER,2,1,1
NCT00238264,PHASE2,92,ACTUAL,2006-11,2013-12-30,NETWORK,2,145,6
NCT01936532,PHASE2,42,ACTUAL,2014-11-12,2019-03,OTHER,1,10,1
NCT00670787,PHASE3,207,ACTUAL,2008-06,2010-11,OTHER,1,1,1
NCT00091832,PHASE2,255,ACTUAL,2004-09,2005-11,INDUSTRY,3,0,0
NCT02154763,PHASE3,120,ACTUAL,2014-07,2015-01,OTHER,1,1,1
NCT06153693,PHASE3,1083,ACTUAL,2023-11-22,2024-12-10,INDUSTRY,1,184,13
NCT04276493,PHASE1|PHASE2,71,ACTUAL,2020-03-26,2023-12-07,INDUSTRY,3,21,3
NCT01252693,PHASE2,203,ACTUAL,2010-11,2014-09,INDUSTRY,1,3,1
NCT00988221,PHASE3,188,ACTUAL,2009-11-30,2011-11-30,INDUSTRY,1,69,15
NCT00193414,PHASE2,72,ACTUAL,2005-05,2008-12,OTHER,1,1,1
NCT00499616,PHASE3,464,ACTUAL,2007-10-08,2014-06-30,NETWORK,1,189,6
NCT01949116,PHASE2,176,ACTUAL,2014-01-31,2016-12-08,NIH,1,22,1
NCT02788006,PHASE2,43,ACTUAL,2016-01,2017-08,OTHER,1,16,1
NCT00346333,PHASE3,240,ACTUAL,2003-07,2008-12,NIH,1,1,1
NCT00483184,PHASE2,84,ACTUAL,2006-04,2008-04,INDUSTRY,3,4,1
NCT07131033,PHASE1|PHASE2,120,ACTUAL,2025-09-01,2026-06-01,OTHER,2,1,1
NCT04005352,PHASE3,734,ACTUAL,2019-09-25,2022-09-09,INDUSTRY,1,118,20
NCT00249249,PHASE3,830,ACTUAL,2005-10,,INDUSTRY,2,192,13
NCT00004313,PHASE3,40,,1995-08,,NIH,1,0,0
NCT00037713,PHASE3,515,ACTUAL,1998-09,2002-10,INDUSTRY,1,0,0
NCT05851313,PHASE3,500,ACTUAL,2022-12-05,2023-02-10,OTHER,1,1,1
NCT05080660,PHASE2,160,ACTUAL,2021-10-12,2022-06-06,INDUSTRY,2,30,2
NCT03349060,PHASE3,387,ACTUAL,2017-12-07,2019-03-26,INDUSTRY,1,88,8
NCT01852682,PHASE3,,,,2014-03,INDUSTRY,2,1,1
NCT04671082,PHASE3,1004,ACTUAL,2020-12-15,2021-12-13,INDUSTRY,6,56,1
NCT00115479,PHASE2,1200,,2002-03,,OTHER,1,1,1
NCT03146962,PHASE2,61,ACTUAL,2017-03-29,2023-04-21,OTHER,3,2,1
NCT00506246,PHASE3,220,ESTIMATED,2007-06,2007-10,INDUSTRY,2,3,1
NCT01217788,PHASE2,90,ESTIMATED,2008-02,2011-02,INDUSTRY,2,1,1
NCT01141127,PHASE2,18,ACTUAL,2010-06,2011-12,OTHER,1,1,1
NCT00370227,PHASE3,390,,2006-10,,INDUSTRY,1,8,1
NCT02021461,PHASE2,38,ACTUAL,2012-12,2012-12,INDUSTRY,1,3,2
NCT04077970,PHASE3,140,ACTUAL,2018-11-01,2022-12-01,OTHER_GOV,3,1,1
NCT00010686,PHASE2,,,,,NIH,1,1,1
NCT05145686,PHASE1|PHASE2,57,ACTUAL,2018-01-01,2019-07-01,OTHER,1,1,1
NCT00054873,PHASE2,,,2003-11,,INDUSTRY,3,29,1
NCT00287469,PHASE2,2000,ACTUAL,2001-07-09,2004-01-19,FED,1,1,1
NCT02319941,PHASE2,65,ACTUAL,2015-05-20,2017-02-14,OTHER,1,1,1
NCT03496805,PHASE2,106,ACTUAL,2019-01-29,2025-02-20,OTHER,1,2,1
NCT01813305,PHASE2,124,ACTUAL,2014-07-09,2020-01-07,INDUSTRY,3,1,1
NCT00156156,PHASE3,149,ACTUAL,2004-11,2007-02,INDUSTRY,5,0,0
NCT01945866,PHASE2,129,ACTUAL,2014-02,2017-06-05,OTHER,1,56,1
NCT04858022,PHASE2,40,ACTUAL,2022-01-15,2024-04-15,OTHER,1,1,1
NCT02609022,PHASE1|PHASE2,24,ACTUAL,2016-03,2018-09-30,INDUSTRY,1,1,1
NCT01064622,PHASE2,118,ACTUAL,2009-09-03,2012-12-09,NIH,3,25,1
NCT00833690,PHASE2,75,ACTUAL,2009-06,2012-12,NETWORK,1,16,1
NCT00058890,PHASE3,15,ACTUAL,2000-11,2004-01,NIH,5,1,1
NCT03722290,PHASE2,15,ACTUAL,2018-09-01,2019-10-24,OTHER,1,1,1
NCT02448290,PHASE2,25,ACTUAL,2014-11-12,2018-05-17,OTHER,1,1,1
NCT00790790,PHASE2,147,ACTUAL,2008-11,2010-01,INDUSTRY,1,10,3
NCT03447990,PHASE1|PHASE2,52,ACTUAL,2018-02-06,2019-10-24,INDUSTRY,2,17,7
NCT00891618,PHASE2,27,ACTUAL,2009-04,2013-04,OTHER,3,1,1
NCT00470418,PHASE2,15,ACTUAL,2007-01,2008-08,FED,2,1,1
NCT01290913,PHASE1|PHASE2,13,ACTUAL,2011-02,2013-09,OTHER,1,1,1
NCT02035813,PHASE2,116,ACTUAL,2014-01,2024-01-10,OTHER,3,1,1
NCT04797013,PHASE3,1430,ACTUAL,2021-06-12,2022-05-29,OTHER,1,61,1
NCT00165620,PHASE2,,,2004-11,2005-04,INDUSTRY,1,2,1
NCT04393220,PHASE2,60,ACTUAL,2020-05-11,2021-07-30,OTHER,1,1,1
NCT00396682,PHASE3,12,ESTIMATED,2007-02,2008-12,OTHER,1,1,1
NCT00036582,PHASE3,116,,2002-05,,NIH,1,1,1
NCT04327024,PHASE2,159,ACTUAL,2020-05-19,2022-04-29,INDUSTRY,1,58,12
NCT00346359,PHASE2,40,ESTIMATED,2006-03,,OTHER,5,1,1
NCT03660059,PHASE3,385,ACTUAL,2018-09-27,2021-04-01,INDUSTRY,1,43,3
NCT03421379,PHASE3,75,ACTUAL,2018-02-21,2018-08-20,INDUSTRY,1,4,1
NCT00527488,PHASE2,52,ACTUAL,2007-10,2009-03,INDUSTRY,1,1,1
NCT05988203,PHASE1|PHASE2,96,ACTUAL,2023-09-21,2025-08-25,INDUSTRY,1,9,2
NCT00093327,PHASE2,287,,2003-09,,NIH,1,1,1
NCT00084227,PHASE2|PHASE3,244,ACTUAL,2004-07,,INDUSTRY,1,0,0
NCT03236727,PHASE3,25,ACTUAL,2014-03,2016-05,OTHER,1,0,0
NCT02614742,PHASE2,90,ACTUAL,2016-04,2019-09,INDUSTRY,1,3,1
NCT00131742,PHASE3,,,2004-07,2007-01,INDUSTRY,1,1,1
NCT01492686,PHASE3,137,ACTUAL,2011-12,2014-09,INDUSTRY,1,1,1
NCT00492583,PHASE3,182,ACTUAL,2007-07,2008-08,OTHER,1,1,1
NCT05322941,PHASE2,333,ACTUAL,2022-05-06,2024-04-11,INDUSTRY,1,11,1
NCT00057941,PHASE2,148,ACTUAL,2003-09,2012-06,NIH,4,1,1
NCT00411905,PHASE1|PHASE2,45,ACTUAL,2006-06-01,2010-07-08,OTHER,1,15,1
NCT06723405,PHASE2,71,ACTUAL,2025-02-13,2025-11-17,INDUSTRY,3,12,2
NCT01925066,PHASE2,20,ACTUAL,2013-08,2017-12,OTHER,2,1,1
NCT02965456,PHASE3,820,ACTUAL,2015-11-04,2017-02-23,INDUSTRY,1,34,1
NCT03673956,PHASE1|PHASE2,19,ACTUAL,2018-09-26,2021-02-01,OTHER,1,1,1
NCT01456351,PHASE3,230,ACTUAL,2003-09,2010-08,OTHER,2,1,1
NCT00109551,PHASE3,58000,,2001-10,,NIH,1,3,2
NCT01797029,PHASE3,1761,ACTUAL,2013-02,2014-09,OTHER,1,2,1
NCT01462513,PHASE2,122,ACTUAL,2011-08,2017-12-31,OTHER,2,21,2
NCT00066313,PHASE2,,,2003-05,2006-12,INDUSTRY,1,21,1
NCT00500760,PHASE2,153,ACTUAL,2007-10-01,2011-03-29,INDUSTRY,2,0,0
NCT01308060,PHASE3,335,ACTUAL,2011-01,2012-05,INDUSTRY,1,0,0
NCT00244023,PHASE3,173,ACTUAL,2005-10,2007-07,OTHER,2,1,1
NCT04162379,PHASE2,39,ACTUAL,2019-11-15,2020-03-01,OTHER,1,1,1
NCT03937479,PHASE2,416,ACTUAL,2019-05-01,2019-11-15,INDUSTRY,1,50,1
NCT00000996,PHASE2,48,,,,NIH,2,12,1
NCT01246362,PHASE2,65,ACTUAL,2011-07,2014-01,OTHER,1,1,1
NCT02845388,PHASE2,90,ACTUAL,2015-09,2016-05,OTHER,1,0,0
NCT03504488,PHASE1|PHASE2,132,ACTUAL,2018-06-27,2024-12-30,INDUSTRY,4,59,6
NCT00939003,PHASE3,192,ACTUAL,2009-07,2011-02,INDUSTRY,1,38,10
NCT00576303,PHASE3,200,ACTUAL,2008-04,2010-06,INDUSTRY,1,18,1
NCT00948727,PHASE2,39,ACTUAL,2004-01,2006-09,OTHER,2,1,1
NCT00197327,PHASE3,60,,1998-02,,OTHER,2,1,1
NCT02111161,PHASE2,100,ACTUAL,2014-04,2016-09,OTHER,4,1,1
NCT01412242,PHASE3,1100,ACTUAL,2011-03,2014-07,OTHER,1,1,1
NCT00084942,PHASE2,,,2002-10,2004-05,OTHER,2,1,1
NCT00811070,PHASE2,63,ACTUAL,2007-12,2013-03,INDUSTRY,1,23,1
NCT02869373,PHASE2,38,ACTUAL,2015-04,2015-07,OTHER,1,0,0
NCT01541969,PHASE2|PHASE3,100,ACTUAL,2012-08,2014-02,OTHER,1,2,1
NCT01605383,PHASE1|PHASE2,23,ACTUAL,2015-05-05,2018-04-11,OTHER,1,1,1
NCT01765283,PHASE1|PHASE2,20,ACTUAL,2012-03,2014-10,INDUSTRY,2,11,5
NCT01451541,PHASE3,848,ACTUAL,2011-10,2012-12,INDUSTRY,2,60,1
NCT05380154,PHASE3,500,ACTUAL,2017-05-09,2018-01-22,INDUSTRY,1,1,1
NCT03725605,PHASE2,6,ACTUAL,2018-12-28,2021-07-02,INDUSTRY,1,1,1
NCT07116694,PHASE2,33,ACTUAL,2025-06-19,2025-10-07,INDUSTRY,6,5,1
NCT00923156,PHASE2,123,ACTUAL,2009-05,2011-02,INDUSTRY,1,16,3
NCT02065882,PHASE3,67,ACTUAL,2013-03,2020-05-18,INDUSTRY,2,6,5
NCT01118624,PHASE2,22,ACTUAL,2010-03,2012-04,INDUSTRY,5,14,4
NCT02980224,PHASE3,180,ACTUAL,2016-10,2017-02,INDUSTRY,1,11,1
NCT00839423,PHASE2,426,ACTUAL,2006-08,2007-08,INDUSTRY,1,0,0
NCT04301323,PHASE1|PHASE2,112,ACTUAL,2019-10-26,2022-06-30,INDUSTRY,1,1,1
NCT01543659,PHASE1|PHASE2,77,ACTUAL,2012-02-21,2026-02-10,OTHER,1,1,1
NCT00525759,PHASE2,40,ACTUAL,2007-07,2010-01,OTHER,1,1,1
NCT01619059,PHASE3,315,ACTUAL,2012-06,2014-06,INDUSTRY,1,83,9
NCT01044459,PHASE3,605,ACTUAL,2009-11,2011-04,INDUSTRY,1,113,2
NCT01048359,PHASE3,417,ACTUAL,2010-01,2014-04,OTHER,1,1,1
NCT00598559,PHASE3,213,ACTUAL,2008-01,2008-11,INDUSTRY,2,14,1
NCT02363959,PHASE2,20,ACTUAL,2015-02,2018-09-30,OTHER,4,1,1
NCT04916080,PHASE2,50,ACTUAL,2021-11-01,2022-06-01,OTHER,1,2,1
NCT00393679,PHASE3,4112,ACTUAL,2007-07,2009-12,OTHER,2,8,7
NCT00384046,PHASE3,272,ACTUAL,2006-11,2007-07,INDUSTRY,1,31,5
NCT00671203,PHASE3,500,ESTIMATED,2007-06,2010-09,INDUSTRY,2,2,1
NCT00110461,PHASE3,296,ACTUAL,2005-03,2007-02,INDUSTRY,1,53,1
NCT04493242,PHASE2,102,ACTUAL,2020-09-24,2021-05-01,INDUSTRY,2,6,1
NCT03156842,PHASE3,138,ACTUAL,2017-05-29,2018-12-07,INDUSTRY,2,1,1
NCT02656186,PHASE3,60,ACTUAL,2015-05,2015-12,OTHER,1,0,0
NCT02251470,PHASE1|PHASE2,14,ACTUAL,2014-10,2015-06,OTHER,1,2,1
NCT06523686,PHASE2|PHASE3,4,ACTUAL,2023-01-09,2024-06-10,OTHER,1,1,1
NCT01297270,PHASE3,658,ACTUAL,2011-04,2014-04,INDUSTRY,1,106,5
NCT00872469,PHASE3,20060,ACTUAL,2009-05,2016-06,OTHER,1,1,1
NCT00089869,PHASE1|PHASE2,,,,,INDUSTRY,1,20,1
NCT00114283,PHASE2,30,ESTIMATED,2005-03,2006-10,NIH,34,1,1
NCT00304083,PHASE2,48,ACTUAL,2005-12,2014-06,OTHER,2,17,1
NCT00148941,PHASE3,4209,ACTUAL,2005-01-06,2006-11-01,INDUSTRY,3,24,1
NCT01605305,PHASE2,60,ACTUAL,2008-09,2012-01,OTHER,1,0,0
NCT00461305,PHASE2|PHASE3,420,ACTUAL,2007-02,2009-01,INDUSTRY,1,26,1
NCT02822794,PHASE3,117,ACTUAL,2016-07-25,2017-06-02,INDUSTRY,1,18,1
NCT04408456,PHASE3,325,ACTUAL,2020-03-01,2020-07-31,OTHER,1,2,1
NCT00003356,PHASE1|PHASE2,58,ESTIMATED,1997-11,2002-05,OTHER,1,1,1
NCT03178422,PHASE2,220,ACTUAL,2017-08-07,2017-10-18,INDUSTRY,1,5,1
NCT01309113,PHASE3,191,ACTUAL,2011-03,2012-01,INDUSTRY,2,1,1
NCT00001960,PHASE2,50,,1999-11,,NIH,1,1,1
NCT02108860,PHASE3,65,ACTUAL,2015-04-25,2023-07-25,OTHER,4,20,5
NCT02019420,PHASE3,726,ACTUAL,2014-01-06,2018-06-22,INDUSTRY,1,0,0
NCT01655082,PHASE2,160,ACTUAL,2012-08,2012-10,INDUSTRY,1,4,1
NCT02886624,PHASE2,30,ACTUAL,2017-05-31,2018-12-31,OTHER,2,6,1
NCT03229759,PHASE2,99,ACTUAL,2017-06-21,2017-08-04,INDUSTRY,1,1,1
NCT03077659,PHASE2,16,ACTUAL,2017-09-06,2018-10-04,INDUSTRY,1,1,1
NCT02752880,PHASE2|PHASE3,46,ACTUAL,2016-06,2018-02,OTHER,1,1,1
NCT04361279,PHASE3,421,ACTUAL,2019-07-25,2022-05-20,INDUSTRY,1,1,1
NCT00441896,PHASE2,57,ACTUAL,2007-01,2008-05,INDUSTRY,1,15,1
NCT01686646,PHASE3,240,ACTUAL,2011-11,2012-11,INDUSTRY,1,1,1
NCT02709096,PHASE2,33,ACTUAL,2016-04,2016-06,INDUSTRY,1,1,1
NCT03406962,PHASE2,8,ACTUAL,2018-02-09,2020-02-10,INDUSTRY,1,2,1
NCT02027662,PHASE2|PHASE3,61,ACTUAL,2014-01,2015-04,INDUSTRY,2,11,1
NCT00003446,PHASE2,,,1997-12,,OTHER,1,1,1
NCT00740246,PHASE3,594,ACTUAL,2005-07,2006-02,INDUSTRY,1,1,1
NCT01639846,PHASE2,60,ACTUAL,2012-07,2012-08,INDUSTRY,1,1,1
NCT01022346,PHASE2,206,ACTUAL,2009-08,2013-09,INDUSTRY,1,66,6
NCT04258046,PHASE2,25,ACTUAL,2020-12-01,2026-02-02,OTHER,2,1,1
NCT03625388,PHASE2,56,ACTUAL,2018-11-05,2023-07-22,INDUSTRY,1,5,4
NCT00626288,PHASE3,187,ACTUAL,2007-12,2012-03,INDUSTRY,1,22,1
NCT02556788,PHASE3,1212,ACTUAL,2015-11,2017-02-07,INDUSTRY,1,81,8
NCT02912988,PHASE3,900,ACTUAL,2018-03-01,2022-04-30,OTHER,1,2,1
NCT01953003,PHASE3,112,ACTUAL,2013-09,2017-07,INDUSTRY,1,18,3
NCT00002003,PHASE2,,,,,INDUSTRY,2,3,1
NCT04493203,PHASE2,31,ACTUAL,2020-12-18,2024-04-15,OTHER,2,1,1
NCT01546142,PHASE3,516,ACTUAL,2012-03,2013-05,INDUSTRY,1,35,2
NCT05712642,PHASE3,19,ACTUAL,2020-02-01,2020-12-30,OTHER,1,1,1
NCT03243942,PHASE2,56,ACTUAL,2017-06-01,2019-06-26,OTHER,5,1,1
NCT04571970,PHASE1|PHASE2,6,ACTUAL,2021-03-11,2023-05-09,INDUSTRY,1,2,2
NCT00366470,PHASE3,250,ACTUAL,2009-11,2012-05,OTHER,1,2,1
NCT03249870,PHASE2,131,ACTUAL,2017-12-28,2024-10-17,OTHER,1,41,1
NCT00179673,PHASE2,43,ACTUAL,2005-06,2008-04,INDUSTRY,1,15,2
NCT01748773,PHASE2,34,ACTUAL,2013-01-29,2015-08-21,INDUSTRY,2,9,1
NCT00985673,PHASE2,611,ACTUAL,2009-10-01,2009-12-28,INDUSTRY,1,7,2
NCT02221869,PHASE3,106,ACTUAL,2014-10-01,2017-02,INDUSTRY,1,20,4
NCT01524783,PHASE3,302,ACTUAL,2012-03-30,2014-11-28,INDUSTRY,3,97,25
NCT01130454,PHASE2,151,ACTUAL,2009-09,2009-11,INDUSTRY,1,4,4
NCT01776541,PHASE2,979,ACTUAL,2013-01,2013-06,INDUSTRY,1,8,3
NCT00802841,PHASE3,191,ACTUAL,2009-05,2014-07,INDUSTRY,1,56,12
NCT03614494,PHASE2|PHASE3,860,ACTUAL,2018-08-20,2022-10-05,OTHER,1,2,1
NCT00285766,PHASE3,300,,2002-08,,INDUSTRY,1,15,1
NCT00133666,PHASE2,231,ACTUAL,2004-09,2008-05,NIH,1,1,1
NCT00605566,PHASE2,22,ACTUAL,2008-01,2015-02,OTHER,1,1,1
NCT01683266,PHASE3,549,ACTUAL,2012-09,2013-09,INDUSTRY,1,147,13
NCT04655313,PHASE2,20,ACTUAL,2020-11-30,2022-01-12,INDUSTRY,2,17,3
NCT02665260,PHASE2,94,ACTUAL,2012-07,2015-11,OTHER,1,0,0
NCT00222560,PHASE2,120,ACTUAL,2005-05,,OTHER,1,1,1
NCT00052520,PHASE1|PHASE2,37,ACTUAL,2002-09,2011-04,OTHER,23,1,1
NCT00552682,PHASE3,10,ACTUAL,2007-01,2009-07,OTHER,2,1,1
NCT03242824,PHASE2,21,ACTUAL,2017-09-29,2020-06-16,OTHER,1,1,1
NCT02964559,PHASE2,11,ACTUAL,2017-01-27,2021-05-18,OTHER,2,1,1
NCT00002259,PHASE2,,,,,INDUSTRY,2,1,1
NCT00070096,PHASE2,29,ESTIMATED,2003-08,,OTHER,4,1,1
NCT01536262,PHASE3,122,ACTUAL,2012-02,2013-09,INDUSTRY,1,24,1
NCT00751946,PHASE2,70,ACTUAL,2006-03,2008-08,OTHER,2,7,1
NCT00066846,PHASE2,,,2003-08,,NIH,1,33,1
NCT01661946,PHASE3,10,ACTUAL,2012-08,2013-07,OTHER,1,1,1
NCT00669227,PHASE2,42,ACTUAL,2005-10,2009-01,OTHER,2,1,1
NCT03959527,PHASE3,1011,ACTUAL,2019-11-06,2023-08-30,OTHER,1,17,5
NCT02380027,PHASE3,500,ACTUAL,2016-01,2017-12-31,OTHER,1,1,1
NCT00463242,PHASE3,501,ACTUAL,2007-03,2008-06,INDUSTRY,1,47,2
NCT00006373,PHASE2,27,ACTUAL,2000-02,2006-10,OTHER,1,1,1
NCT02348073,PHASE3,77,ACTUAL,2015-03,2018-10,OTHER,4,13,1
NCT01227642,PHASE1|PHASE2,14,ACTUAL,2007-02,2014-08,OTHER,3,1,1
NCT01699386,PHASE3,213,ACTUAL,1999-04,2000-12,INDUSTRY,1,2,1
NCT03191786,PHASE3,453,ACTUAL,2017-09-11,2022-04-30,INDUSTRY,1,91,24
NCT01346969,PHASE2,68,ACTUAL,2011-06-01,2012-04-16,INDUSTRY,1,12,1
NCT00875069,PHASE3,1460,ACTUAL,2009-04,2011-06,OTHER,2,1,1
NCT03058783,PHASE3,328,ACTUAL,2018-08-14,2020-05-12,INDUSTRY,1,1,1
NCT00999141,PHASE3,75,ACTUAL,2009-09,2009-12,INDUSTRY,2,6,1
NCT01387841,PHASE2,120,ACTUAL,2010-05,2012-12,OTHER,4,1,1
NCT01270841,PHASE2,83,ACTUAL,2011-01,2011-12,INDUSTRY,1,18,1
NCT02066194,PHASE2,128,ACTUAL,2014-02,2016-07,OTHER,1,1,1
NCT00004866,PHASE2,,,2000-01,2003-09,INDUSTRY,1,6,1
NCT00010166,PHASE2,26,ACTUAL,2000-12-01,2003-10-03,OTHER,1,1,1
NCT00839774,PHASE2,23,ACTUAL,2007-02,2008-03,OTHER,1,1,1
NCT01004874,PHASE2,80,ACTUAL,2009-12-30,2012-07,OTHER,3,1,1
NCT04412018,PHASE2,100,ACTUAL,2020-06-04,2020-11-06,OTHER,2,1,1
NCT02889510,PHASE3,76,ACTUAL,2016-10-04,2019-11-18,INDIV,1,6,1
NCT01066520,PHASE3,449,ACTUAL,2009-08,2011-09,INDUSTRY,1,1,1
NCT00364182,PHASE3,50,ACTUAL,2007-05,2010-10,INDUSTRY,1,19,9
NCT05701124,PHASE3,30,ACTUAL,2020-11-20,2022-11-20,OTHER_GOV,3,1,1
NCT04432324,PHASE2,100,ACTUAL,2020-06-02,2021-03-03,INDUSTRY,1,10,1
NCT03801980,PHASE3,153,ACTUAL,2019-01-21,2019-12-17,INDUSTRY,1,1,1
NCT01208896,PHASE2,32,ACTUAL,2011-02-03,2017-09-28,OTHER,2,26,1
NCT03416179,PHASE3,730,ACTUAL,2018-04-20,2020-06-05,INDUSTRY,1,149,22
NCT04289662,PHASE3,110,ACTUAL,2020-03-23,2021-08-07,INDUSTRY,1,13,1
NCT00932646,PHASE3,100,ACTUAL,2009-06,2010-05,INDUSTRY,1,13,1
NCT02759588,PHASE1|PHASE2,46,ACTUAL,2016-05,2021-12-31,INDUSTRY,3,2,1
NCT01443403,PHASE2,244,ACTUAL,2011-08-17,2012-08-22,INDUSTRY,1,49,1
NCT04112303,PHASE3,37,ACTUAL,2019-10-16,2021-03-26,INDUSTRY,1,22,1
NCT01397227,PHASE1|PHASE2,36,ACTUAL,2011-06,2012-05,INDUSTRY,1,1,1
NCT00879242,PHASE2,20,ACTUAL,2009-02,2011-05,INDUSTRY,1,2,1
NCT00507442,PHASE1|PHASE2,158,ACTUAL,2007-08,2010-10,INDUSTRY,1,2,1
NCT00035386,PHASE2,12,,2002-04,,NIH,1,1,1
NCT04167670,PHASE3,1046,ACTUAL,2019-12-10,2021-03-10,INDUSTRY,1,153,6
NCT02499770,PHASE1|PHASE2,122,ACTUAL,2015-06-26,2017-07-03,INDUSTRY,1,40,7
NCT03759873,PHASE2,209,ACTUAL,2018-12-03,2023-05-01,OTHER,1,1,1
NCT01302483,PHASE2,45,ACTUAL,2008-12,2009-01,INDUSTRY,1,1,1
NCT01759654,PHASE3,120,ACTUAL,2012-10-24,2012-12-25,INDUSTRY,1,1,1
NCT00684554,PHASE2|PHASE3,20,ACTUAL,2007-12,2008-08,OTHER,2,1,1
NCT00341354,PHASE2,24,,2006-01-27,,NIH,1,1,1
NCT04563754,PHASE1|PHASE2,163,ACTUAL,2019-07-30,2024-03-28,OTHER,1,3,1
NCT03174405,PHASE2,43,ACTUAL,2017-07-17,2020-07-16,OTHER,1,1,1
NCT01106690,PHASE3,344,ACTUAL,2010-06,2011-11,INDUSTRY,1,83,11
NCT01243190,PHASE2,44,ACTUAL,2011-03,2023-03-28,OTHER,1,1,1
NCT00315874,PHASE3,225,,1997-04,,INDUSTRY,1,12,1
NCT01764113,PHASE3,21,ACTUAL,2012-12,2013-12,OTHER,1,1,1
NCT04175613,PHASE3,160,ACTUAL,2019-12-20,2025-10-30,INDUSTRY,1,50,9
NCT01783860,PHASE2,100,ACTUAL,2013-01,2013-07,OTHER,1,1,1
NCT03452982,PHASE2,20,ACTUAL,2018-03-23,2019-08-21,OTHER,1,1,1
NCT00727324,PHASE2,22,ACTUAL,2006-05,2006-11,INDUSTRY,1,11,2
NCT01255423,PHASE3,206,ACTUAL,2010-11,2011-06,INDUSTRY,1,9,1
NCT01357980,PHASE2,47,ACTUAL,2011-05,2013-03,INDUSTRY,1,17,5
NCT02797080,PHASE3,38,ACTUAL,2016-06-28,2017-03-31,INDUSTRY,1,4,1
NCT01140880,PHASE2,170,ACTUAL,2010-05,2013-03,OTHER,2,1,1
NCT01535079,PHASE2,186,ACTUAL,2012-02,2012-11,INDUSTRY,1,4,3
NCT03301779,PHASE2,100,ACTUAL,2017-11-27,2019-03-06,INDUSTRY,1,3,1
NCT04411862,PHASE3,100,ACTUAL,2016-01-02,2019-01-03,OTHER,1,0,0
NCT00595088,PHASE2,47,ACTUAL,2008-01,2013-01,INDUSTRY,1,6,2
NCT02359188,PHASE1|PHASE2,60,ACTUAL,2016-08,2018-08,OTHER,1,1,1
NCT03452488,PHASE2,233,ACTUAL,2017-02-07,2020-04-26,INDUSTRY,3,22,2
NCT01640327,PHASE3,126,ACTUAL,2012-07,2012-08,INDUSTRY,2,1,1
NCT02250027,PHASE2,156,ACTUAL,2014-03,2014-07,INDUSTRY,2,1,1
NCT07257042,PHASE3,80,ACTUAL,2025-07-14,2025-11-04,INDUSTRY,1,1,1
NCT02755142,PHASE1|PHASE2,21,ACTUAL,2000-02,2001-06,INDUSTRY,1,0,0
NCT02229786,PHASE2,1637,ACTUAL,1998-02,1999-10,INDUSTRY,1,0,0
NCT02918370,PHASE3,75,ACTUAL,2016-11,2023-06-30,OTHER,3,1,1
NCT02957786,PHASE3,679,ACTUAL,2017-09-18,2019-10-10,OTHER,1,1,1
NCT01427270,PHASE3,455,ACTUAL,2011-08,2014-10,INDUSTRY,1,194,4
NCT02949973,PHASE2,10,ACTUAL,2015-06,2016-12,INDUSTRY,1,2,1
NCT03115073,PHASE2|PHASE3,84,ACTUAL,2017-04-04,2018-07-30,INDUSTRY,1,3,1
NCT02424773,PHASE3,100,ACTUAL,2012-11,2014-11,OTHER,3,0,0
NCT00171769,PHASE3,200,,2005-04,2006-08,INDUSTRY,1,2,2
NCT00487669,PHASE2,14,ACTUAL,2006-10,2009-11,OTHER,1,1,1
NCT00046254,PHASE3,2127,,2002-02,2007-02,INDUSTRY,2,28,2
NCT01047241,PHASE2,50,ACTUAL,2010-04,2013-02,OTHER,1,1,1
NCT04030754,PHASE2|PHASE3,172,ACTUAL,2018-11-01,2020-02-14,OTHER,1,1,1
NCT00866554,PHASE2,60,ACTUAL,2009-03,2019-03,OTHER,3,1,1
NCT01174654,PHASE1|PHASE2,127,ACTUAL,2006-12,2009-04,OTHER,4,1,1
NCT00584805,PHASE2,138,ACTUAL,2008-06-03,2016-06-27,FED,1,1,1
NCT00988494,PHASE2,45,ESTIMATED,2009-09,,INDUSTRY,1,1,1
NCT00288418,PHASE3,960,ACTUAL,2005-12,2007-07,INDUSTRY,1,21,1
NCT01211574,PHASE2|PHASE3,44,ACTUAL,2010-09,2011-04,OTHER,1,0,0
NCT00201318,PHASE2,50,,2001-09,,OTHER,1,1,1
NCT01510613,PHASE2,28,ACTUAL,2012-02,2016-12,OTHER,1,1,1
NCT01068613,PHASE2,62,ACTUAL,2010-01,2010-08,INDUSTRY,1,4,1
NCT01940913,PHASE2,400,ESTIMATED,2013-10,2014-04,INDUSTRY,1,1,1
NCT04532060,PHASE2,65,ACTUAL,2015-02-01,2015-05-02,OTHER,1,0,0
NCT01301820,PHASE2,120,ACTUAL,2011-01,2013-02,OTHER,1,1,1
NCT05858320,PHASE3,225,ACTUAL,2023-07-21,2025-12-01,OTHER,1,5,1
NCT00143520,PHASE2|PHASE3,441,ACTUAL,2004-12,2005-12,INDUSTRY,1,74,1
NCT01179620,PHASE3,109,ACTUAL,2010-11,2011-03,INDUSTRY,1,9,1
NCT00490620,PHASE2|PHASE3,59,ACTUAL,2004-01,,OTHER,1,5,3
NCT01268982,PHASE2,32,ACTUAL,2010-01,2010-12,OTHER,1,1,1
NCT06690723,PHASE3,160,ACTUAL,2022-06-08,2024-09-03,OTHER,1,1,1
NCT06790823,PHASE1|PHASE2,40,ACTUAL,2022-07-15,2023-04-12,OTHER,2,1,1
NCT01087723,PHASE3,2198,ACTUAL,2010-03,2013-08,INDUSTRY,1,145,9
NCT01020123,PHASE2,530,ACTUAL,2009-10,2011-02,INDUSTRY,1,77,11
NCT03933280,PHASE2,100,ACTUAL,2019-07-01,2020-12-01,OTHER,1,1,1
NCT00671580,PHASE2,99,ESTIMATED,2008-05,2009-02,INDUSTRY,1,15,1
NCT00088296,PHASE2,72,,2004-07-13,,NIH,1,1,1
NCT01436162,PHASE3,1105,ACTUAL,2011-10-19,2013-12-10,INDUSTRY,1,101,11
NCT01690546,PHASE2,38,ACTUAL,2012-09,2015-02,OTHER,1,1,1
NCT03732703,PHASE1|PHASE2,103,ACTUAL,2019-04-01,2024-12-31,NETWORK,1,16,1
NCT01873027,PHASE3,829,ACTUAL,2013-06,2016-07,OTHER,1,1,1
NCT02671227,PHASE2,50,ESTIMATED,2016-08,2017-01,OTHER,1,1,1
NCT00707486,PHASE3,72,ACTUAL,2008-06,2009-01,INDUSTRY,1,2,1
NCT00483886,PHASE3,620,ACTUAL,1998-04,1999-05,INDUSTRY,1,0,0
NCT01076283,PHASE2,14,ACTUAL,2009-12,2010-04,OTHER,1,1,1
NCT00218283,PHASE2,100,ACTUAL,2005-01,2007-06,NIH,1,1,1
NCT04572854,PHASE2,13,ACTUAL,2021-09-07,2023-02-27,INDUSTRY,12,25,11
NCT00089154,PHASE2,32,ACTUAL,2004-08,2005-10,NIH,5,2,1
NCT00986154,PHASE3,8292,ACTUAL,2009-10,2013-04,INDUSTRY,5,454,38
NCT01853254,PHASE3,272,ACTUAL,2003-09,2011-09,INDUSTRY,1,67,11
NCT00788554,PHASE3,660,ACTUAL,2000-08,2004-03,OTHER,1,1,1
NCT00544154,PHASE3,247,ACTUAL,2002-10,2004-01,INDUSTRY,1,0,0
NCT03320018,PHASE2|PHASE3,15,ACTUAL,2017-08-02,2019-08-13,OTHER,1,1,1
NCT07295418,PHASE3,618,ACTUAL,2023-10-23,2025-04-22,INDUSTRY,1,1,1
NCT02020590,PHASE1|PHASE2,25,ACTUAL,2014-02,2017-09,INDUSTRY,1,0,0
NCT00860418,PHASE2,350,ACTUAL,2008-09,2013-06,OTHER,1,1,1
NCT00014690,PHASE2,,,2001-03,,INDUSTRY,3,1,1
NCT00334997,PHASE2,50,ESTIMATED,2005-09,,OTHER,1,6,1
NCT01437397,PHASE3,1692,ACTUAL,2011-09,2013-02,INDUSTRY,1,222,4
NCT00965497,PHASE3,13,ACTUAL,2009-07,2010-03,OTHER,3,1,1
NCT00298597,PHASE2,180,ESTIMATED,2006-03,2009-03,OTHER,2,1,1
NCT03958097,PHASE2,20,ACTUAL,2019-05-17,2020-10-21,OTHER,1,1,1
NCT00320710,PHASE3,416,ACTUAL,2006-02,2013-07,INDUSTRY,1,92,1
NCT00305110,PHASE2,298,ACTUAL,2006-01,2006-10,OTHER,1,1,1
NCT00353223,PHASE1|PHASE2,66,ACTUAL,2006-07,2010-06,OTHER,2,1,1
NCT00682123,PHASE1|PHASE2,20,ACTUAL,2006-03,2006-09,OTHER,1,1,1
NCT02275780,PHASE3,769,ACTUAL,2014-12-01,2016-09-29,INDUSTRY,1,0,0
NCT00368979,PHASE3,378,ACTUAL,2006-02-17,2007-12-01,INDUSTRY,1,26,1
NCT02004262,PHASE2,303,ACTUAL,2014-02-05,2016-01,INDUSTRY,1,21,2
NCT04346888,PHASE2,30,ACTUAL,2020-07-23,2021-08-24,INDUSTRY,1,1,1
NCT04918927,PHASE2,120,ACTUAL,2021-10-12,2023-03-21,OTHER_GOV,1,1,1
NCT03342027,PHASE3,300,ACTUAL,2020-08-01,2023-07-25,OTHER,2,1,1
NCT02149342,PHASE1|PHASE2,14,ACTUAL,2014-05,2015-09,OTHER,1,1,1
NCT00096486,PHASE1|PHASE2,74,ACTUAL,2004-05,2010-07,OTHER,1,1,1
NCT01335386,PHASE2,60,ACTUAL,2010-04,2010-07,INDUSTRY,1,3,1
NCT01863186,PHASE3,603,ACTUAL,2013-06,2014-11,INDUSTRY,2,18,1
NCT01958970,PHASE1|PHASE2,51,ACTUAL,2014-01,2015-11,INDUSTRY,3,6,1
NCT01691170,PHASE1|PHASE2,20,ACTUAL,2008-03,2011-02,OTHER,1,1,1
NCT06034873,PHASE2,42,ACTUAL,2023-11-15,2025-09-01,OTHER,1,1,1
NCT05600673,PHASE1|PHASE2,30,ACTUAL,2019-01-01,2021-01-30,OTHER,1,1,1
NCT00544869,PHASE3,52,ACTUAL,2007-10,2009-02,INDUSTRY,1,6,1
NCT00202969,PHASE3,180,ESTIMATED,2005-07,2007-01,INDUSTRY,1,1,1
NCT02745483,PHASE2,153,ACTUAL,2011-11,2015-07,OTHER,1,1,1
NCT04754399,PHASE2,40,ACTUAL,2021-04-16,2023-10-10,OTHER,2,1,1
NCT00095732,PHASE2,129,ACTUAL,2004-06,2005-03,INDUSTRY,2,27,1
NCT03132532,PHASE2,20,ACTUAL,2017-07-31,2023-12-23,OTHER,4,2,1
NCT02736032,PHASE3,310,ACTUAL,2016-03,2018-05,OTHER,1,3,1
NCT01004432,PHASE3,433,ACTUAL,2009-12,2013-07,INDUSTRY,3,117,8
NCT00896298,PHASE2|PHASE3,25,ACTUAL,2006-04,2014-11,OTHER,4,1,1
NCT02014363,PHASE2,164,ACTUAL,2013-10,2015-10,INDUSTRY,1,1,1
NCT06703593,PHASE2,80,ACTUAL,2023-10-01,2025-04-01,OTHER,1,1,1
NCT01455493,PHASE2,56,ACTUAL,2011-12,2013-03,INDUSTRY,1,28,1
NCT00369993,PHASE2,20,ACTUAL,2005-03,2005-05,INDUSTRY,1,1,1
NCT00029393,PHASE2,,,2001-08,2007-07,NIH,3,0,0
NCT04895293,PHASE1|PHASE2,5,ACTUAL,2021-06-15,2022-02-08,INDIV,1,1,1
NCT03173521,PHASE1|PHASE2,9,ACTUAL,2017-07-17,2021-07-30,OTHER,1,2,2
NCT05690321,PHASE2,11,ACTUAL,2022-11-17,2023-12-21,OTHER,1,2,1
NCT00795821,PHASE2|PHASE3,495,ACTUAL,2008-12,2010-02,INDUSTRY,1,37,5
NCT04781816,PHASE2,78,ACTUAL,2021-04-01,2023-05-25,INDUSTRY,1,50,15
NCT00945516,PHASE3,60,ESTIMATED,2009-01,2010-04,OTHER,1,1,1
NCT01706016,PHASE2,16,ESTIMATED,2012-10-09,2016-11-17,OTHER,1,3,1
NCT00004316,PHASE1|PHASE2,139,ESTIMATED,1995-06,2007-08,NIH,2,1,1
NCT00399906,PHASE2,99,ACTUAL,2007-08,2009-01,INDUSTRY,1,21,3
NCT00848484,PHASE2,54,ACTUAL,2008-10,2009-06,INDUSTRY,1,0,0
NCT03945084,PHASE2,58,ACTUAL,2019-08-27,2021-09-01,OTHER,1,20,1
NCT00594984,PHASE1|PHASE2,38,ACTUAL,2008-05,2012-12,INDUSTRY,1,12,7
NCT03349684,PHASE3,287,ACTUAL,2018-03-05,2019-08-12,INDUSTRY,1,29,1
NCT02841033,PHASE1|PHASE2,22,ACTUAL,2017-03-20,2020-05-28,OTHER,1,1,1
NCT00355849,PHASE3,555,ACTUAL,2006-08,2008-06,INDUSTRY,1,69,12
NCT01420549,PHASE3,129,ACTUAL,2013-03,2014-11,INDUSTRY,2,7,1
NCT05014438,PHASE2,17,ACTUAL,2021-08-17,2022-08-22,INDUSTRY,1,42,7
NCT00040638,PHASE2,40,,2002-07,2003-08,INDUSTRY,1,3,1
NCT00604838,PHASE1|PHASE2,330,ACTUAL,2006-05,2006-11,OTHER_GOV,1,2,2
NCT01581138,PHASE2,64,ACTUAL,2012-07,2013-06,INDUSTRY,1,18,1
NCT01024738,PHASE3,22,ACTUAL,2008-03,2008-04,INDUSTRY,1,1,1
NCT05460338,PHASE2|PHASE3,25,ACTUAL,2022-05-15,2022-09-15,OTHER,3,1,1
NCT00209638,PHASE1|PHASE2,24,,2000-05,,OTHER,1,0,0
NCT00667758,PHASE2,104,ACTUAL,2008-05,2011-06,OTHER,1,1,1
NCT00440258,PHASE3,60,,2004-04,,OTHER,1,0,0
NCT06340958,PHASE2,99,ACTUAL,2024-03-18,2025-06-06,INDUSTRY,1,23,1
NCT00624858,PHASE2,25,ESTIMATED,2008-01,2009-07,INDUSTRY,1,1,1
NCT03829358,PHASE2|PHASE3,76,ACTUAL,2018-02-24,2018-07-21,OTHER,1,1,1
NCT00148148,PHASE2,75,ESTIMATED,2004-05,,OTHER,2,1,1
NCT00004255,PHASE2|PHASE3,,,2000-03,,INDUSTRY,3,15,1
NCT01854255,PHASE2,35,ACTUAL,2013-11,2016-10,OTHER,1,1,1
NCT00040755,PHASE2,68,ACTUAL,2002-05,2006-07,NIH,5,1,1
NCT00770185,PHASE2,35,ACTUAL,2008-11-13,2012-03-19,NETWORK,1,11,1
NCT02351115,PHASE2,5,ACTUAL,2015-01,2016-07,INDUSTRY,1,3,1
NCT00459615,PHASE2,120,ESTIMATED,2007-04,2007-12,FED,2,2,2
NCT00139334,PHASE2,300,,2005-06,,INDUSTRY,1,1,1
NCT02743364,PHASE2,8,ACTUAL,2016-09-19,2019-10-14,NIH,1,5,1
NCT01710709,PHASE3,748,ACTUAL,2012-11,2016-11,INDUSTRY,1,142,10
NCT00517309,PHASE3,1877,ACTUAL,2001-12-28,2004-06-08,INDUSTRY,2,0,0
NCT03121209,PHASE3,392,ACTUAL,2018-01-18,2025-07-31,OTHER,2,58,2
NCT05660109,PHASE2,28,ACTUAL,2022-12-12,2024-07-04,INDUSTRY,1,8,6
NCT01556009,PHASE2,24,ACTUAL,2012-04,2015-12,OTHER,2,3,1
NCT03308799,PHASE3,794,ACTUAL,2017-10-03,2018-06-08,INDUSTRY,1,3,1
NCT01083732,PHASE2,18,ACTUAL,2010-03,2016-02,INDUSTRY,1,7,6
NCT04770532,PHASE3,526,ACTUAL,2021-03-05,2022-01-27,INDUSTRY,1,88,9
NCT01001832,PHASE2|PHASE3,118,ACTUAL,2009-12,2011-02,INDUSTRY,1,33,1
NCT02012998,PHASE3,751,ACTUAL,2014-01,2015-02,INDUSTRY,2,10,1
NCT00081263,PHASE2,130,ACTUAL,2005-06,2012-09,NETWORK,3,43,1
NCT00992563,PHASE2,35,ACTUAL,2010-06,2011-05,INDUSTRY,1,0,0
NCT01745263,PHASE3,2157,ACTUAL,2012-12-20,2017-11-17,OTHER,1,7,5
NCT01681563,PHASE2,47,ACTUAL,2011-09,2015-11,OTHER,1,12,1
NCT00000463,PHASE3,,,1987-04,,NIH,4,0,0
NCT00230087,PHASE2,15,ESTIMATED,2005-09,2010-06,NIH,2,1,1
NCT05319587,PHASE1|PHASE2,22,ACTUAL,2022-09-29,2023-08-02,INDUSTRY,1,9,2
NCT01303887,PHASE3,680,ACTUAL,2009-10,2023-05-11,OTHER,1,73,1
NCT00252421,PHASE3,243,ACTUAL,2005-10,2010-06,OTHER,1,1,1
NCT03315221,PHASE2|PHASE3,207,ACTUAL,2018-03-08,2020-06-01,INDUSTRY,4,15,4
NCT00006516,PHASE2,120,ESTIMATED,1999-09,2004-08,NIH,2,1,1
NCT00621816,PHASE2,45,ACTUAL,2009-01,2011-01,NIH,1,8,1
NCT04129216,PHASE2,30,ACTUAL,2019-02-20,2022-11-10,OTHER,1,1,1
NCT02606916,PHASE2,42,ACTUAL,2015-07,2020-08,OTHER,1,1,1
NCT00675506,PHASE2,60,ACTUAL,2008-07,2012-01,OTHER,2,1,1
NCT03660904,PHASE2|PHASE3,74,ACTUAL,2015-10-01,2017-10-01,OTHER,1,0,0
NCT05022004,PHASE3,599,ACTUAL,2021-12-20,2022-12-29,INDUSTRY,2,40,2
NCT00307684,PHASE3,155,ACTUAL,2006-01,2008-07,INDUSTRY,1,21,7
NCT02560584,PHASE3,304,ACTUAL,2015-10-01,2017-04-05,INDUSTRY,1,17,1
NCT03362684,PHASE3,1808,ACTUAL,2005-11,2009-11,INDUSTRY,1,0,0
NCT03754933,PHASE1|PHASE2,10,ACTUAL,2019-02-11,2023-12-29,INDUSTRY,1,3,1
NCT00378352,PHASE2,223,ACTUAL,2005-09,2009-07,NIH,1,16,1
NCT00554333,PHASE3,795,ACTUAL,2007-10,2007-12,INDUSTRY,1,8,2
NCT01508247,PHASE3,10245,ACTUAL,2012-01,2013-03,NETWORK,3,4,1
NCT00893347,PHASE2,28,ACTUAL,2009-06,2012-07,OTHER,1,1,1
NCT00405249,PHASE2,5,ESTIMATED,2006-09,2006-11,OTHER,1,1,1
NCT00600938,PHASE2,197,ACTUAL,2007-11,2013-03,INDUSTRY,2,21,11
NCT00980148,PHASE3,567,ACTUAL,2009-12,2014-05,NIH,1,2,1
NCT02911948,PHASE3,210,ACTUAL,2016-09-21,2017-11-17,INDUSTRY,2,38,1
NCT00196378,PHASE3,300,ESTIMATED,2004-11,2006-02,INDUSTRY,1,38,1
NCT00143143,PHASE3,300,,2001-09,,INDUSTRY,2,47,8
NCT01857115,PHASE1|PHASE2,63,ACTUAL,2013-04,2013-11,NETWORK,1,1,1
NCT01501864,PHASE2,835,ACTUAL,2011-07,2016-09,OTHER,1,2,2
NCT02277444,PHASE3,130,ACTUAL,2014-12-22,2018-07-09,INDUSTRY,1,38,9
NCT00584844,PHASE2,484,ACTUAL,2004-10,2009-10,FED,1,1,1
NCT02147899,PHASE2,215,ACTUAL,2014-05,2014-10,INDUSTRY,1,16,1
NCT00874432,PHASE2,43,ACTUAL,2009-01,2009-12,OTHER,2,1,1
NCT03829332,PHASE3,623,ACTUAL,2019-03-13,2021-05-19,INDUSTRY,1,162,19
NCT00146198,PHASE2,40,,2005-09,,INDUSTRY,1,1,1
NCT00560963,PHASE1|PHASE2,21,ACTUAL,2007-10,2011-01,INDUSTRY,1,5,1
NCT02844387,PHASE1|PHASE2,70,ACTUAL,2004-05,2007-11,OTHER,1,0,0
NCT01848587,PHASE3,200,ACTUAL,2012-09,2015-03,OTHER,1,1,1
NCT01033487,PHASE2,22,ACTUAL,2010-01,2010-06,INDUSTRY,5,1,1
NCT00770393,PHASE2|PHASE3,71,ACTUAL,2002-02,2005-06,OTHER,1,7,1
NCT02166593,PHASE3,302,ACTUAL,2014-05,2018-01,INDUSTRY,1,1,1
NCT00843193,PHASE2,198,ACTUAL,2008-12-09,2010-07-25,INDUSTRY,1,35,8
NCT04510493,PHASE3,116,ACTUAL,2020-10-23,2021-08-17,OTHER,2,9,1
NCT03475121,PHASE3,84,ACTUAL,2018-01-01,2023-01-31,OTHER_GOV,1,1,1
NCT04101721,PHASE3,127,ACTUAL,2019-10-30,2022-08-18,INDUSTRY,1,52,13
NCT02491814,PHASE1|PHASE2,28,ACTUAL,2015-01,2015-06,OTHER,2,1,1
NCT04403321,PHASE2,114,ACTUAL,2020-07-01,2022-07-30,OTHER,2,1,1
NCT00000714,PHASE3,,,,,NIH,2,21,1
NCT00108914,PHASE3,558,ACTUAL,2005-02,2005-11,INDUSTRY,1,66,7
NCT06542614,PHASE2,209,ACTUAL,2024-08-27,2025-11-03,INDUSTRY,1,35,1
NCT03599284,PHASE2,279,ACTUAL,2018-08-30,2019-06-11,INDUSTRY,3,27,1
NCT05431933,PHASE3,2001,ACTUAL,2023-01-10,2024-11-06,INDUSTRY,2,10,2
NCT00123552,PHASE3,601,ACTUAL,2004-11,2006-06,OTHER,1,1,1
NCT03036852,PHASE2,59,ACTUAL,2017-03-22,2018-08-13,INDUSTRY,1,22,6
NCT00964847,PHASE2,147,ACTUAL,2009-08,2015-06,OTHER,1,1,1
NCT00450749,PHASE2,10,ACTUAL,2008-02,2010-05,NIH,4,1,1
NCT01956149,PHASE2,65,ACTUAL,2013-09,2017-12,OTHER,1,3,1
NCT01854749,PHASE2,57,ACTUAL,2011-11,2015-12,OTHER,1,1,1
NCT02716038,PHASE2,39,ACTUAL,2016-06-07,2022-10-01,OTHER,1,3,1
NCT02904538,PHASE3,100,ACTUAL,2016-11-22,2017-05-23,OTHER,1,1,1
NCT00157326,PHASE2,180,ACTUAL,2005-09,,INDUSTRY,1,1,1
NCT04596826,PHASE2,51,ACTUAL,2020-11-11,2024-10-02,OTHER,1,1,1
NCT01485978,PHASE3,66,ACTUAL,2012-03,2018-09,OTHER,1,1,1
NCT03533478,PHASE2,64,ACTUAL,2015-03-01,2018-12-01,INDUSTRY,1,1,1
NCT04110678,PHASE1|PHASE2,26,ACTUAL,2015-11-01,2016-02-11,OTHER,1,2,1
NCT00771485,PHASE2,148,ACTUAL,2008-09,2008-12,INDUSTRY,1,3,1
NCT00685815,PHASE2,12,ACTUAL,2006-11,2010-12,INDUSTRY,1,1,1
NCT00079131,PHASE2,37,ACTUAL,2004-01,2007-01,NIH,5,1,1
NCT01523431,PHASE2|PHASE3,583,ACTUAL,2012-03-08,2015-11-23,OTHER,1,1,1
NCT02070302,PHASE2,10,ACTUAL,2014-10,2016-02,OTHER,1,1,1
NCT00164853,PHASE3,180,ACTUAL,2005-09,2011-09,OTHER,1,1,1
NCT01470053,PHASE3,347,ACTUAL,2011-03,2011-12,INDUSTRY,1,1,1
NCT01396837,PHASE2,20,ACTUAL,2014-05,2016-08,INDUSTRY,1,4,1
NCT05044637,PHASE2,100,ACTUAL,2021-08-26,2024-07-29,OTHER,1,2,1
NCT00161837,PHASE2|PHASE3,,,2003-12,,INDUSTRY,1,1,1
NCT00050102,PHASE2,,,2002-10,2004-02,INDUSTRY,1,9,1
NCT02738502,PHASE2,91,ACTUAL,2016-07-06,2019-07-16,OTHER_GOV,1,23,1
NCT02396953,PHASE1|PHASE2,28,ACTUAL,2015-03,2017-11-28,INDUSTRY,1,36,12
NCT03005353,PHASE2|PHASE3,100,ACTUAL,2018-03-01,2019-10-31,OTHER,1,1,1
NCT00618345,PHASE2,35,ESTIMATED,2005-03,2006-10,OTHER,1,0,0
NCT01729845,PHASE1|PHASE2,52,ACTUAL,2012-12-20,2016-08-25,OTHER,2,3,1
NCT02739945,PHASE3,60,ACTUAL,2011-05,2016-01,OTHER,1,1,1
NCT03541772,PHASE2,60,ACTUAL,2015-01-20,2017-10-16,INDUSTRY,1,1,1
NCT03095872,PHASE3,37,ACTUAL,2017-03-01,2018-01-22,OTHER,1,1,1
NCT00087139,PHASE2,124,ACTUAL,2004-09,2009-04,NIH,3,162,1
NCT04390139,PHASE1|PHASE2,26,ACTUAL,2020-05-13,2022-12-20,OTHER,3,5,1
NCT02821377,PHASE2,40,ACTUAL,2013-12,2015-12,OTHER,2,3,1
NCT03542877,PHASE2,44,ACTUAL,2018-06-01,2020-10-19,INDUSTRY,1,10,1
NCT00144677,PHASE2,30,,2003-11,2006-06,OTHER,7,1,1
NCT03555877,PHASE2,56,ACTUAL,2018-03-15,2022-07-21,OTHER,1,1,1
NCT00040677,PHASE2,90,ACTUAL,2002-02,2003-11,INDUSTRY,2,19,1
NCT03837977,PHASE2,58,ACTUAL,2018-11-13,2024-11-26,OTHER,2,4,1
NCT01739777,PHASE1|PHASE2,30,ACTUAL,2012-12,2015-06,OTHER,1,1,1
NCT00725075,PHASE2,215,ACTUAL,2007-04-10,2008-10-24,INDUSTRY,1,0,0
NCT01201057,PHASE2,132,ACTUAL,2010-08,2011-03,INDUSTRY,1,5,1
NCT00211757,PHASE2,27,ACTUAL,2002-09,2008-07,OTHER,1,1,1
NCT05143957,PHASE2,50,ACTUAL,2021-12-30,2025-06-26,INDUSTRY,1,13,5
NCT00047801,PHASE1|PHASE2,28,,2002-10,2004-09,INDUSTRY,1,4,1
NCT00212719,PHASE3,250,,2003-05,2006-04,INDUSTRY,1,0,0
NCT01150630,PHASE2,98,ACTUAL,2010-05,2017-04,OTHER,1,1,1
NCT00336830,PHASE3,1035,ACTUAL,2003-05,2007-06,OTHER,3,1,1
NCT01729728,PHASE2,86,ACTUAL,2012-11,2014-02,INDUSTRY,2,1,1
NCT02485067,PHASE3,384,ACTUAL,2015-01,2016-07,INDUSTRY,1,16,1
NCT00843167,PHASE2,54,ACTUAL,2009-08,2013-12,OTHER,2,1,1
NCT00211900,PHASE3,65,ACTUAL,2005-03,2005-08,INDUSTRY,2,1,1
NCT00536900,PHASE2,90,ACTUAL,2004-06,2009-04,OTHER,1,1,1
NCT01072500,PHASE3,1635,ACTUAL,2010-02,2013-12,OTHER,3,8,1
NCT01171807,PHASE2,33,ACTUAL,2003-07-22,2007-05-15,INDUSTRY,1,1,1
NCT00272207,PHASE2,40,ACTUAL,2006-04,2007-02,OTHER,1,1,1
NCT04248829,PHASE3,393,ACTUAL,2020-02-13,2022-07-29,INDUSTRY,1,80,13
NCT00193453,PHASE2,69,ACTUAL,2005-07,2009-02,OTHER,1,10,1
NCT00405353,PHASE1|PHASE2,10,ACTUAL,2002-04,2007-03,OTHER,1,1,1
NCT04963231,PHASE2,164,ACTUAL,2021-11-30,2023-08-04,INDUSTRY,1,36,8
NCT03726853,PHASE2,220,ACTUAL,2018-05-29,2019-03-21,INDUSTRY,1,15,1
NCT00450437,PHASE3,3539,ACTUAL,2007-03,2007-08,INDUSTRY,2,40,1
NCT02167945,PHASE3,615,ACTUAL,2014-06-12,2021-05-13,INDUSTRY,1,48,1
NCT00259545,PHASE2,60,,2003-02,,OTHER,2,1,1
NCT00748345,PHASE2|PHASE3,2,ACTUAL,2009-02,2010-02,OTHER,1,1,1
NCT01190345,PHASE2,75,ESTIMATED,2010-05,2012-07-24,OTHER,1,3,1
NCT02756572,PHASE2,30,ACTUAL,2016-09-22,2020-03-01,OTHER,9,1,1
NCT05812872,PHASE3,30,ACTUAL,2017-06-20,2018-09-23,OTHER,1,1,1
NCT00044772,PHASE3,653,ACTUAL,2001-11,2003-04,INDUSTRY,1,0,0
NCT05808595,PHASE2,30,ACTUAL,2023-04-04,2023-07-17,OTHER,1,1,1
NCT01980095,PHASE3,119,ACTUAL,2013-11,2015-06,INDUSTRY,2,12,1
NCT01479595,PHASE2,65,ACTUAL,2012-02,2015-02,INDUSTRY,1,20,3
NCT01131195,PHASE3,139,ACTUAL,2010-07-19,2012-12-14,OTHER,1,23,1
NCT03368339,PHASE2,96,ACTUAL,2017-12-10,2018-01-21,INDUSTRY,1,1,1
NCT00583739,PHASE2,66,ESTIMATED,2007-08,2008-10,OTHER,1,1,1
NCT06603077,PHASE2,253,ACTUAL,2024-09-16,2026-02-23,INDUSTRY,1,89,13
NCT03596177,PHASE2,28,ACTUAL,2018-09-26,2019-12-22,INDUSTRY,2,1,1
NCT00793377,PHASE3,913,ACTUAL,,,OTHER,1,1,1
NCT03944577,PHASE2,26,ACTUAL,2019-07-15,2023-03-28,OTHER,1,1,1
NCT01221077,PHASE2,88,ACTUAL,2011-04-08,2013-03-01,INDUSTRY,2,29,6
NCT00133575,PHASE1|PHASE2,72,ACTUAL,2005-10,2008-04,NIH,1,1,1
NCT03400475,PHASE2,46,ACTUAL,2015-04-23,2016-10-24,OTHER,1,1,1
NCT04082975,PHASE3,421,ACTUAL,2020-01-15,2021-05-24,INDUSTRY,1,1,1
NCT03387475,PHASE2,39,ACTUAL,2018-02-20,2024-10-01,OTHER,1,1,1
NCT02945657,PHASE2,32,ACTUAL,2016-10,2017-06-08,INDUSTRY,1,12,3
NCT00491257,PHASE2,130,ACTUAL,2007-06,2007-07,INDUSTRY,2,2,1
NCT01187901,PHASE2,92,ACTUAL,2010-04,2014-06,OTHER,1,1,1
NCT01325701,PHASE2,78,ACTUAL,2011-05,2014-10,INDUSTRY,1,15,1
NCT01341301,PHASE2,25,ACTUAL,2010-05,2013-11-04,OTHER,1,1,1
NCT01310101,PHASE2,33,ACTUAL,2011-04,2015-02,OTHER,1,4,1
NCT01708330,PHASE3,70,ACTUAL,2012-10,2015-07,OTHER,1,1,1
NCT00759330,PHASE2,127,ACTUAL,2007-10,2008-07,INDUSTRY,1,10,1
NCT04346628,PHASE2,149,ACTUAL,2020-07-12,2021-04-16,OTHER,2,1,1
NCT04901065,PHASE2|PHASE3,88,ACTUAL,2021-05-11,2021-06-07,OTHER,1,1,1
NCT00339365,PHASE2|PHASE3,236,ACTUAL,2007-04,2011-01,OTHER,3,1,1
NCT00016367,PHASE2,22,ACTUAL,1999-05-13,2004-12-14,OTHER,1,1,1
NCT05753267,PHASE2|PHASE3,60,ACTUAL,2023-02-28,2025-09-20,OTHER,1,1,1
NCT00220467,PHASE2,40,ESTIMATED,2005-01,2008-04,OTHER,1,2,1
NCT05476900,PHASE2,69,ACTUAL,2022-10-06,2025-03-14,INDUSTRY,1,1,1
NCT01197300,PHASE3,25,ACTUAL,2010-10-25,2019-02-27,INDUSTRY,1,10,6
NCT00087100,PHASE2,51,ESTIMATED,2006-05,2007-08,NETWORK,1,23,1
NCT00588731,PHASE2,41,ACTUAL,2009-02,2013-12,OTHER,2,1,1
NCT00385931,PHASE3,412,ACTUAL,2002-01,2003-04,INDUSTRY,3,1,1
NCT02733029,PHASE2,8,ACTUAL,2018-05-30,2022-05-30,OTHER,1,1,1
NCT01708902,PHASE3,876,ACTUAL,2012-10,2014-04,INDUSTRY,1,56,4
NCT01286402,PHASE2,11,ACTUAL,2011-04,2012-10,OTHER,1,1,1
NCT03909945,PHASE2|PHASE3,21,ACTUAL,2018-01-01,2018-04-30,OTHER_GOV,1,1,1
NCT01309945,PHASE2,889,ACTUAL,2011-04,2013-01,INDUSTRY,1,84,6
NCT02160145,PHASE3,1370,ACTUAL,2014-05,2017-04-18,INDUSTRY,2,230,22
NCT00098345,PHASE2,40,ACTUAL,2004-11,2008-02,INDUSTRY,1,6,2
NCT01661972,PHASE1|PHASE2,63,ACTUAL,2012-08,2016-06-12,OTHER,1,2,1
NCT06607172,PHASE3,30,ACTUAL,2024-09-30,2024-10-22,INDUSTRY,4,1,1
NCT00991172,PHASE2,159,ACTUAL,2009-11,2010-05,INDUSTRY,1,30,1
NCT00384839,PHASE2,36,ACTUAL,2006-04,2009-11,INDUSTRY,1,13,1
NCT01916239,PHASE1|PHASE2,60,ESTIMATED,2012-06,2015-02,OTHER_GOV,1,1,1
NCT05566639,PHASE3,22502,ACTUAL,2022-09-14,2024-01-05,INDUSTRY,1,233,11
NCT06001177,PHASE2,55,ACTUAL,2023-12-13,2025-01-03,INDUSTRY,2,28,8
NCT00374777,PHASE3,450,ACTUAL,2006-08,2008-05,INDUSTRY,1,6,1
NCT02189577,PHASE2,100,ACTUAL,2014-06,2015-02,INDUSTRY,1,29,4
NCT00697775,PHASE2,200,ACTUAL,1998-03,1999-05,INDUSTRY,1,1,1
NCT00661375,PHASE2,131,ACTUAL,2004-11,2006-03,INDUSTRY,1,51,1
NCT01017575,PHASE2,55,ACTUAL,2009-12,2011-10,INDUSTRY,1,6,1
NCT00443157,PHASE2,50,,2006-02,,OTHER_GOV,1,1,1
NCT06384157,PHASE2,300,ACTUAL,2024-06-10,2025-09-29,INDUSTRY,1,35,1
NCT00575601,PHASE3,120,ESTIMATED,2007-08,,OTHER,1,1,1
NCT04099901,PHASE2,88,ACTUAL,2019-11-04,2023-03-14,OTHER,1,3,1
NCT02919501,PHASE2,55,ACTUAL,2016-09-27,2017-04-27,INDUSTRY,1,7,2
NCT00110019,PHASE3,823,ACTUAL,2005-06,2011-01,NIH,6,219,2
NCT02658019,PHASE2,29,ACTUAL,2016-05-06,2019-11-10,OTHER,1,1,1
NCT02072330,PHASE2|PHASE3,353,ACTUAL,2013-03,2013-12,INDUSTRY,1,13,1
NCT01408030,PHASE2,123,ACTUAL,2011-08,2014-09,OTHER,2,6,1
NCT00000565,PHASE3,,,1976-11,,NIH,3,0,0
NCT00624065,PHASE3,348,ACTUAL,2008-03,2008-08,INDUSTRY,1,76,1
NCT00338767,PHASE2,150,ACTUAL,2001-01,2006-08,OTHER,2,1,1
NCT03644667,PHASE2,385,ACTUAL,2018-12-20,2025-03-25,NIH,1,20,1
NCT00411567,PHASE1|PHASE2,26,,2006-07,,INDUSTRY,1,1,1
NCT04542967,PHASE2,150,ACTUAL,2020-06-23,2020-09-02,OTHER_GOV,1,1,1
NCT03353298,PHASE2,71,ACTUAL,2018-01-17,2020-09-25,OTHER,2,1,1
NCT00846963,PHASE2|PHASE3,26,ACTUAL,2008-10,2012-12,OTHER,1,1,1
NCT01265563,PHASE2,108,ACTUAL,2011-01,2015-02,FED,3,1,1
NCT00004187,PHASE1|PHASE2,,,1999-06,2004-04,OTHER,1,1,1
NCT07186387,PHASE2,144,ACTUAL,2023-05-11,2024-09-25,INDUSTRY,1,1,1
NCT03696121,PHASE2,54,ACTUAL,2019-04-01,2022-06-30,OTHER,1,1,1
NCT00664521,PHASE2,27,ACTUAL,2008-03,2010-10,INDUSTRY,1,8,4
NCT02141321,PHASE2|PHASE3,124,ACTUAL,2014-05,2015-01,OTHER,1,1,1
NCT06411314,PHASE3,218,ACTUAL,2022-12-29,2023-07-26,INDUSTRY,1,1,1
NCT03473314,PHASE2,1,ACTUAL,2018-03-09,2020-07-11,OTHER,1,1,1
NCT00907114,PHASE2,44,ACTUAL,2009-06,2015-03,OTHER_GOV,2,1,1
NCT00394914,PHASE2,311,ACTUAL,2006-08,2007-04,INDUSTRY,4,0,0
NCT00361504,PHASE3,1123,ACTUAL,2006-11,2008-07,INDUSTRY,4,52,2
NCT00602784,PHASE2,66,ACTUAL,2002-11,2004-05,INDUSTRY,1,0,0
NCT00579384,PHASE2,12,ACTUAL,2007-10,2008-07,INDUSTRY,1,0,0
NCT00004733,PHASE3,,,1998-01,,NIH,1,1,1
NCT02615847,PHASE2,9,ACTUAL,2015-08,2017-03-31,OTHER,1,1,1
NCT04274049,PHASE3,242,ACTUAL,2019-08-28,2023-12-23,INDUSTRY,4,21,1
NCT00354549,PHASE2,104,ACTUAL,2006-01,2009-04,OTHER,1,2,1
NCT01104649,PHASE2|PHASE3,60,ACTUAL,2010-04,2014-02,OTHER,1,1,1
NCT00931138,PHASE3,420,,1999-12,,OTHER,1,16,1
NCT02263248,PHASE1|PHASE2,56,ACTUAL,2014-12,2017-01-19,OTHER,2,1,1
NCT03151148,PHASE1|PHASE2,54,ACTUAL,2017-09-28,2019-05-14,NIH,1,2,1
NCT02748655,PHASE1|PHASE2,12,ACTUAL,2016-03,2016-05,OTHER,1,1,1
NCT02343458,PHASE3,1756,ACTUAL,2015-03-30,2017-08-31,INDUSTRY,1,166,11
NCT01376778,PHASE3,399,ACTUAL,2012-04,2019-10,OTHER,2,16,1
NCT02083185,PHASE2,136,ACTUAL,2014-03-26,2016-01-01,INDUSTRY,1,23,2
NCT01392443,PHASE2,120,ACTUAL,2010-10-14,2017-10-31,INDUSTRY,3,26,4
NCT00276315,PHASE3,332,ACTUAL,2005-12,,INDUSTRY,1,4,1
NCT00416715,PHASE2,100,ACTUAL,2006-10,2010-05,OTHER,9,1,1
NCT04828135,PHASE2,18,ACTUAL,2021-05-26,2023-04-20,OTHER,1,1,1
NCT03616925,PHASE3,30,ACTUAL,2013-09,2014-09,OTHER,1,1,1
NCT00434525,PHASE3,30,ESTIMATED,2008-01,2009-12,FED,1,1,1
NCT00191321,PHASE3,60,,2004-07,,INDUSTRY,1,11,1
NCT03061721,PHASE2,106,ACTUAL,2017-04-06,2019-08-22,INDUSTRY,2,18,1
NCT02090114,PHASE2,112,ACTUAL,2014-08-25,2021-11-11,OTHER,1,2,1
NCT00817206,PHASE3,326,ACTUAL,2008-12,2011-02,INDUSTRY,1,1,1
NCT03601806,PHASE2,26,ACTUAL,2021-04-26,2024-11-29,NETWORK,2,3,3
NCT06253806,PHASE2,48,ACTUAL,2023-10-25,2024-09-16,OTHER,1,1,1
NCT03239106,PHASE2,10,ACTUAL,2017-12-01,2018-10-31,OTHER,1,1,1
NCT02888106,PHASE2,90,ACTUAL,2016-04,2019-11-22,INDUSTRY,1,7,1
NCT01697384,PHASE3,138,ACTUAL,2000-04,2003-08,INDUSTRY,2,0,0
NCT01802333,PHASE3,754,ACTUAL,2013-02-12,2017-06-15,NIH,2,447,2
NCT02956447,PHASE2,36,ACTUAL,2017-11-17,2023-06-28,OTHER,2,1,1
NCT00137449,PHASE2,60,ACTUAL,2005-09,2008-04,INDUSTRY,1,4,3
NCT00000949,PHASE3,460,,,,NIH,1,15,1
NCT05020249,PHASE3,47,ACTUAL,2021-09-27,2022-09-05,INDUSTRY,1,9,1
NCT03894449,PHASE1|PHASE2,75,ACTUAL,2019-04-06,2019-07-06,OTHER,1,1,1
NCT00186238,PHASE2,300,ESTIMATED,1994-09,2006-09,OTHER,1,1,1
NCT01807949,PHASE3,563,ACTUAL,2013-04,2014-04,INDUSTRY,1,82,10
NCT03225248,PHASE3,143,ACTUAL,2014-11-05,2015-09-05,INDUSTRY,1,0,0
NCT05601778,PHASE2,226,ACTUAL,2022-12-06,2024-03-29,INDUSTRY,1,1,1
NCT00005955,PHASE2,,,2000-08,,OTHER,2,1,1
NCT00869778,PHASE2,360,ACTUAL,2009-04,2011-11,INDUSTRY,1,15,1
NCT01281878,PHASE2,12,ACTUAL,2010-12,2012-09,OTHER,1,1,1
NCT00357643,PHASE3,450,,1992-10,,OTHER,1,1,1
NCT00145535,PHASE3,120,ESTIMATED,2004-05,2009-06,INDUSTRY,2,10,4
NCT02304315,PHASE2,40,ACTUAL,2015-02,2016-05,INDUSTRY,1,1,1
NCT00240435,PHASE3,491,,2002-11,2003-12,INDUSTRY,1,25,2
NCT02559115,PHASE2,19,ACTUAL,2015-09-21,2020-06-18,OTHER,1,1,1
NCT00057408,PHASE2,78,ESTIMATED,2003-05,,FED,1,1,1
NCT02983708,PHASE1|PHASE2,57,ACTUAL,2011-08,2014-09,OTHER,4,0,0
NCT02207608,PHASE2,30,ACTUAL,2011-09,2012-08,OTHER,1,0,0
NCT00680225,PHASE3,10,ACTUAL,2007-09,2012-07,OTHER,1,1,1
NCT01730976,PHASE3,30,ACTUAL,2012-11,2013-03,OTHER,1,1,1
NCT02705625,PHASE2,244,ACTUAL,2016-01-28,2017-05-23,INDUSTRY,1,6,6
NCT02431676,PHASE2,121,ACTUAL,2015-05,2018-12,OTHER,11,1,1
NCT04056442,PHASE2,15,ACTUAL,2019-07-07,2022-11-07,INDUSTRY,1,3,1
NCT00408642,PHASE3,297,ACTUAL,2007-08,2010-03,NETWORK,1,1,1
NCT01636570,PHASE2,40,ACTUAL,2012-08,2015-04,OTHER,4,2,1
NCT01259869,PHASE2,34,ACTUAL,2011-04-01,2014-10-29,NETWORK,1,7,1
NCT00507169,PHASE2,,,2006-09,2007-09,INDUSTRY,1,0,0
NCT00218569,PHASE2,87,ACTUAL,2003-04,2007-12,OTHER,2,1,1
NCT01703741,PHASE3,145,ACTUAL,2012-12,2013-10,INDUSTRY,1,18,2
NCT02689141,PHASE2,66,ACTUAL,2016-02-04,2017-07-13,OTHER,1,1,1
NCT03011905,PHASE3,53,ACTUAL,2017-01,2019-04-05,OTHER,2,1,1
NCT00474994,PHASE2,53,ACTUAL,2007-04,2010-11,OTHER,6,2,1
NCT00097266,PHASE3,615,,2004-12,2007-01,INDUSTRY,1,45,7
NCT00001266,PHASE2,70,,1990-10,,NIH,1,1,1
NCT05844956,PHASE1|PHASE2,17,ACTUAL,2022-06-01,2024-02-29,INDUSTRY,1,6,1
NCT00841256,PHASE3,207,ACTUAL,2008-02,2012-06,INDUSTRY,1,1,1
NCT00339456,PHASE3,155,ACTUAL,2002-08-21,2008-02-01,NIH,1,1,1
NCT05310422,PHASE3,301,ACTUAL,2022-03-24,2023-10-11,INDUSTRY,1,25,1
NCT00106522,PHASE3,499,ACTUAL,2005-05,2007-11,INDUSTRY,1,168,14
NCT04137627,PHASE3,50,ACTUAL,2017-07-04,2018-07-30,OTHER,2,1,1
NCT02744742,PHASE2|PHASE3,202,ACTUAL,2016-04-18,2019-09-30,OTHER,3,1,1
NCT04743570,PHASE2|PHASE3,105,ACTUAL,2021-05-14,2023-04-09,OTHER,1,4,1
NCT04399369,PHASE2,688,ACTUAL,2020-10-22,2023-10-11,OTHER,1,1,1
NCT04929483,PHASE2,222,ACTUAL,2021-06-04,2023-02-14,INDUSTRY,1,89,2
NCT06264141,PHASE2,162,ACTUAL,2024-01-16,2025-02-22,INDUSTRY,1,7,1
NCT01468454,PHASE2,130,ACTUAL,2009-01,2014-06,OTHER,2,1,1
NCT00093405,PHASE2,,,2004-08,,OTHER,1,1,1
NCT00000294,PHASE2,0,,1998-09,,NIH,1,1,1
NCT01361594,PHASE3,338,ACTUAL,2011-06,2013-12,OTHER,1,1,1
NCT01319994,PHASE2|PHASE3,57,ACTUAL,2012-07,2014-08,OTHER,1,1,1
NCT01697956,PHASE3,99,ACTUAL,2012-10,2013-02,INDUSTRY,1,6,1
NCT00292422,PHASE2,50,ACTUAL,2005-11,2007-05,INDUSTRY,1,10,2
NCT02063022,PHASE3,278,ACTUAL,2009-01-22,2022-04-14,NETWORK,1,14,1
NCT00764270,PHASE2|PHASE3,28,ACTUAL,2011-08-01,2011-11-01,OTHER,1,1,1
NCT05952869,PHASE3,303,ACTUAL,2023-08-08,2025-04-07,INDUSTRY,2,59,17
NCT01202383,PHASE3,2163,ACTUAL,2010-10,2011-12,OTHER,1,1,1
NCT01048541,PHASE2|PHASE3,37,ACTUAL,2010-01,2010-06,INDUSTRY,1,1,1
NCT00563641,PHASE3,278,ACTUAL,2004-01,,OTHER,3,1,1
NCT01869205,PHASE3,43,ACTUAL,2013-03,2014-04,OTHER,1,1,1
NCT01409694,PHASE3,90,ACTUAL,2011-09,2016-01,OTHER_GOV,1,1,1
NCT02006056,PHASE2,30,ACTUAL,2013-11,2014-06,OTHER,2,1,1
NCT04402866,PHASE2,235,ACTUAL,2020-06-24,2021-04-21,INDUSTRY,2,24,7
NCT00002756,PHASE2,221,ACTUAL,1996-06,2007-09,NETWORK,1,140,4
NCT00794456,PHASE3,150,ACTUAL,2009-09,2013-10,INDUSTRY,1,2,1
NCT02545556,PHASE1|PHASE2,60,ACTUAL,2015-08,2016-08,OTHER,1,1,1
NCT04978051,PHASE2,73,ACTUAL,2021-04-12,2021-11-30,OTHER,1,1,1
NCT03238131,PHASE3,272,ACTUAL,2012-04,2015-04,OTHER,1,1,1
NCT00068731,PHASE2,47,ACTUAL,2004-01,2007-02,OTHER,1,18,1
NCT00000131,PHASE3,,,1988-08,,NIH,2,0,0
NCT03677102,PHASE2|PHASE3,1113,ACTUAL,2018-09-09,2026-02-02,OTHER,1,30,2
NCT00185302,PHASE2,28,ACTUAL,2004-12,2006-07,INDUSTRY,1,0,0
NCT00606502,PHASE2,201,ACTUAL,2008-01,2010-06-24,INDUSTRY,1,47,6
NCT00238329,PHASE2,32,ESTIMATED,2001-01,2005-12,OTHER,2,1,1
NCT01022229,PHASE3,16,ACTUAL,2013-11,2015-11,OTHER,1,1,1
NCT00699153,PHASE3,400,ACTUAL,2008-06,2009-05,INDUSTRY,1,1,1
NCT00533637,PHASE2,28,ACTUAL,2007-09,,INDUSTRY,1,1,1
NCT04052737,PHASE2,80,ACTUAL,2018-03-23,2022-12-20,INDUSTRY,2,5,1
NCT00068237,PHASE2,49,ACTUAL,2003-08,2008-01,NETWORK,3,12,2
NCT00778895,PHASE2,390,ACTUAL,2008-11-10,2009-08-19,INDUSTRY,1,18,1
NCT03939975,PHASE2,50,ACTUAL,2019-06-01,2019-07-31,OTHER,1,1,1
NCT03343639,PHASE2,204,ACTUAL,2017-11-01,2018-10-23,INDUSTRY,2,39,1
NCT00154375,PHASE3,240,ACTUAL,2004-10,2008-08,INDUSTRY,2,1,1
NCT01172275,PHASE2,11,ACTUAL,2012-07,2017-02-13,OTHER,1,1,1
NCT00411957,PHASE1|PHASE2,22,ACTUAL,2007-01,2008-01,OTHER,1,1,1
NCT00940901,PHASE2,13,ACTUAL,2008-06,2012-11,OTHER,2,1,1
NCT00116181,PHASE3,30,ACTUAL,2004-10,2007-01,OTHER,1,1,1
NCT04032119,PHASE3,800,ACTUAL,2020-01-10,2022-12-31,OTHER,2,7,4
NCT02765919,PHASE3,30,ACTUAL,2015-07,2016-12,OTHER,1,1,1
NCT00321919,PHASE3,605,ACTUAL,2000-07,2004-10,INDUSTRY,1,93,22
NCT02270983,PHASE2,254,ACTUAL,2014-10-31,2015-08-31,INDUSTRY,1,77,1
NCT00853905,PHASE2|PHASE3,77,ACTUAL,2009-02,2011-12,OTHER,1,1,1
NCT00871494,PHASE3,76,ACTUAL,2009-05,2010-11,INDUSTRY,1,31,1
NCT00000794,PHASE2,100,,,,NIH,2,16,1
NCT02027194,PHASE1|PHASE2,298,ACTUAL,2012-06,2014-08,OTHER,1,1,1
NCT00950066,PHASE2,270,ACTUAL,2009-07,2010-01,INDUSTRY,1,4,4
NCT03174366,PHASE3,7,ACTUAL,2017-05-16,2018-06-18,OTHER,1,1,1
NCT00627666,PHASE2,52,ESTIMATED,2003-01,2010-06,OTHER,3,1,1
NCT02357966,PHASE1|PHASE2,52,ACTUAL,2015-05,2016-12,INDUSTRY,1,2,1
NCT00001322,PHASE1|PHASE2,100,ACTUAL,1994-06-09,2020-03-03,NIH,1,1,1
NCT00714051,PHASE1|PHASE2,55,ACTUAL,2008-10,2012-02,FED,1,1,1
NCT00495651,PHASE3,2073,ACTUAL,2008-03,2015-01,OTHER_GOV,2,9,1
NCT01469429,PHASE1|PHASE2,70,ACTUAL,2007-09-04,2014-09-17,OTHER,58,1,1
NCT02281929,PHASE3,297,ACTUAL,2015-06-13,2019-11-19,OTHER,2,20,1
NCT00382629,PHASE2,252,,2006-02,,INDUSTRY,1,0,0
NCT05223231,PHASE1|PHASE2,26,ACTUAL,2022-04-19,2024-08-09,INDUSTRY,1,6,1
NCT00915902,PHASE2|PHASE3,42,ACTUAL,2009-07,2012-09,OTHER,1,3,1
NCT00490802,PHASE2,19,ACTUAL,2006-06,2011-09,INDIV,1,1,1
NCT03199053,PHASE3,256,ACTUAL,2017-10-11,2023-02-01,INDUSTRY,1,122,23
NCT06376045,PHASE2,317,ACTUAL,2024-05-24,2026-05-14,INDUSTRY,1,154,19
NCT01152853,PHASE2,28,ACTUAL,2010-07,2011-07,OTHER,2,1,1
NCT01087853,PHASE1|PHASE2,25,ACTUAL,2010-03,2011-03,OTHER,3,1,1
NCT00397553,PHASE3,104,ACTUAL,2005-01,2007-12,INDUSTRY,1,1,1
NCT01588353,PHASE3,104,ACTUAL,2012-05,2014-01,INDUSTRY,1,20,1
NCT02503137,PHASE2,49,ACTUAL,2015-08,2016-04,INDUSTRY,1,5,1
NCT00733772,PHASE2|PHASE3,189,ACTUAL,2009-03,2009-07,OTHER_GOV,1,1,1
NCT00741195,PHASE2,50,ACTUAL,2008-04,2016-10,OTHER,1,10,1
NCT00179595,PHASE2,140,ESTIMATED,2002-05,2011-10,OTHER,1,1,1
NCT01392677,PHASE3,311,ACTUAL,2011-10,2013-01,INDUSTRY,3,42,6
NCT03672175,PHASE3,581,ACTUAL,2018-11-19,2019-09-24,INDUSTRY,1,53,1
NCT00254475,PHASE3,871,ACTUAL,2005-11,2006-09,INDUSTRY,2,2,2
NCT01132781,PHASE2,28,ACTUAL,2010-05,2012-06,OTHER,3,1,1
NCT00152919,PHASE3,100,ESTIMATED,2004-02,2009-05,OTHER,1,1,1
NCT06323928,PHASE2,874,ACTUAL,2024-04-01,2026-01-16,INDUSTRY,1,120,14
NCT02555683,PHASE3,894,ACTUAL,2015-12-11,2019-10-21,INDUSTRY,1,233,27
NCT00870454,PHASE2,386,ACTUAL,2009-05,2010-12,INDUSTRY,1,0,0
NCT00141154,PHASE3,1234,ACTUAL,2004-10,,INDUSTRY,1,38,1
NCT00133354,PHASE2|PHASE3,53,ACTUAL,2001-11,2006-08,OTHER,1,1,1
NCT01068405,PHASE3,64,ACTUAL,2010-05-25,2014-06-15,OTHER,1,1,1
NCT05355805,PHASE2,205,ACTUAL,2022-05-05,2023-08-02,INDUSTRY,1,44,6
NCT01694966,PHASE3,1249,ACTUAL,2013-09,2016-10,INDUSTRY,1,19,8
NCT00370266,PHASE2,30,ESTIMATED,2003-02,2007-10,OTHER,1,1,1
NCT00058656,PHASE1|PHASE2,18,,2003-03,,INDUSTRY,1,4,1
NCT06112756,PHASE2,110,ACTUAL,2023-11-08,2024-08-22,INDUSTRY,1,40,7
NCT02287922,PHASE2,251,ACTUAL,2015-03,2016-07,INDUSTRY,1,83,14
NCT01903551,PHASE3,56,ACTUAL,2013-05,2015-06,OTHER,1,1,1
NCT00441051,PHASE3,45,,2006-11,,INDUSTRY,1,1,1
NCT01549951,PHASE2,50,ACTUAL,2012-05,2015-01,INDUSTRY,1,1,1
NCT00360802,PHASE2,330,ESTIMATED,2006-05,2009-03,OTHER,1,1,1
NCT00313872,PHASE3,200,ACTUAL,2003-05,2009-06,OTHER,2,1,1
NCT01426295,PHASE2,92,ACTUAL,2011-04,2013-04,OTHER,1,1,1
NCT03000439,PHASE3,100,ACTUAL,2018-05-10,2024-03-27,INDUSTRY,1,52,19
NCT00236977,PHASE3,182,ACTUAL,2003-08,2004-10,INDUSTRY,1,1,1
NCT05028257,PHASE3,117,ACTUAL,2021-09-15,2023-05-22,OTHER,2,1,1
NCT00504257,PHASE2,45,ACTUAL,2007-03,2012-10,OTHER,3,4,1
NCT01018212,PHASE2,50,ESTIMATED,2009-09,2010-12,INDUSTRY,1,1,1
NCT05308212,PHASE2|PHASE3,633,ACTUAL,2021-03-04,2021-07-30,OTHER_GOV,1,11,1
NCT01768312,PHASE3,84,ACTUAL,2012-08-23,2013-07-31,INDUSTRY,1,1,1
NCT01864681,PHASE2,224,ACTUAL,2013-05,2017-12,OTHER,5,1,1
NCT05184881,PHASE2,70,ACTUAL,2021-12-01,2022-08-30,OTHER,1,1,1
NCT04360681,PHASE2,84,ACTUAL,2021-03-09,2025-12-15,OTHER,2,2,1
NCT02499081,PHASE2,20,ACTUAL,2015-09,2018-05-17,OTHER,1,1,1
NCT00845481,PHASE2,24,ACTUAL,2009-01,2009-03,INDUSTRY,1,1,1
NCT03237481,PHASE3,418,ACTUAL,2017-07-31,2017-12-22,INDUSTRY,1,24,2
NCT00102661,PHASE2,10,ACTUAL,2002-10,2006-09,OTHER,1,1,1
NCT02357342,PHASE2,40,ACTUAL,2015-04,2017-01,INDIV,1,1,1
NCT05302986,PHASE3,220,ACTUAL,2023-02-24,2025-07-25,OTHER,1,1,1
NCT00763269,PHASE3,626,ACTUAL,2008-09,2008-12,INDUSTRY,1,1,1
NCT00810641,PHASE3,157,ACTUAL,2009-01,2011-05,OTHER,1,2,1
NCT03829241,PHASE3,881,ACTUAL,2019-02-19,2020-01-14,INDUSTRY,1,53,1
NCT00751205,PHASE2,150,ACTUAL,2008-08,2010-02,INDUSTRY,2,22,6
NCT03466294,PHASE2,42,ACTUAL,2018-05-15,2025-01-29,OTHER,1,1,1
NCT00205894,PHASE1|PHASE2,20,ACTUAL,2004-01,2006-10,INDUSTRY,1,2,1
NCT01712256,PHASE2,33,ACTUAL,2012-12,2014-01,INDUSTRY,1,10,5
NCT00526656,PHASE2,9,ACTUAL,2007-09,2010-03,OTHER,1,1,1
NCT00061022,PHASE3,3200,,2003-05,2006-09,INDUSTRY,4,256,30
NCT02370251,PHASE2|PHASE3,63,ACTUAL,2015-06,2018-09-27,OTHER,7,1,1
NCT00143351,PHASE3,75,,2003-06,,INDUSTRY,1,16,1
NCT01929031,PHASE3,562,ACTUAL,2013-08,2014-03,INDUSTRY,2,1,1
NCT00327002,PHASE2,40,ACTUAL,2006-01,2006-09,OTHER,1,1,1
NCT00190853,PHASE3,93,,2005-01,,INDUSTRY,1,19,3
NCT00365872,PHASE2,17,ACTUAL,2006-05,2012-06,OTHER,1,1,1
NCT01873677,PHASE3,537,ACTUAL,2013-06,2015-04,INDUSTRY,1,31,1
NCT01295177,PHASE1|PHASE2,22,ACTUAL,2004-01,2007-08,OTHER,2,0,0
NCT01279577,PHASE2,254,ACTUAL,2010-11,2014-02,INDUSTRY,1,1,1
NCT00003077,PHASE1|PHASE2,63,ACTUAL,1995-10,2004-07,OTHER,3,5,1
NCT00270075,PHASE2|PHASE3,80,ACTUAL,1990-01,,INDUSTRY,5,0,0
NCT00519675,PHASE3,150,ESTIMATED,2007-05,,INDUSTRY,1,4,2
NCT04326257,PHASE2,20,ACTUAL,2020-05-14,2023-08-12,OTHER,1,1,1
NCT00925301,PHASE3,67,ACTUAL,2009-10-23,2012-06-12,INDUSTRY,1,28,13
NCT00003912,PHASE3,260,ESTIMATED,1998-06,,OTHER,1,1,1
NCT01314001,PHASE3,1246,ACTUAL,2010-12,2013-12,OTHER,1,4,2
NCT05642442,PHASE2,169,ACTUAL,2022-12-01,2024-10-23,INDUSTRY,2,37,4
NCT00739986,PHASE2,152,ACTUAL,2002-10,2004-06,INDUSTRY,1,28,5
NCT02682186,PHASE3,74,ACTUAL,2016-02-01,2019-10-03,OTHER,2,3,1
NCT02843386,PHASE3,302,ACTUAL,2009-06-23,2020-06-12,OTHER,1,6,2
NCT02288286,PHASE3,1200,ACTUAL,2014-11,2015-02,OTHER_GOV,1,0,0
NCT00901342,PHASE2,104,ACTUAL,2009-10,2014-12,INDUSTRY,1,18,1
NCT00874770,PHASE2,74,ACTUAL,2009-06,2009-11,INDUSTRY,1,14,2
NCT01851070,PHASE2,48,ACTUAL,2013-07,2016-05,INDUSTRY,1,23,2
NCT00938886,PHASE2,150,ACTUAL,2009-10,2015-11,OTHER,2,1,1
NCT00871169,PHASE2,61,ACTUAL,2008-10,2015-04,OTHER,1,5,1
NCT00077883,PHASE1|PHASE2,50,ESTIMATED,2004-02,2007-03,INDUSTRY,1,3,1
NCT04594941,PHASE2,38,ACTUAL,2022-01-27,2022-05-26,INDUSTRY,2,5,1
NCT05852054,PHASE3,12,ACTUAL,2023-11-01,2024-10-31,OTHER,3,2,1
NCT04598594,PHASE3,220,ACTUAL,2020-11-06,2021-04-29,OTHER,2,18,1
NCT04880694,PHASE2,25,ACTUAL,2021-05-20,2022-01-07,INDUSTRY,1,4,1
NCT01858766,PHASE2,379,ACTUAL,2013-04,2014-05,INDUSTRY,1,51,2
NCT02607956,PHASE3,657,ACTUAL,2015-11-11,2017-05-12,INDUSTRY,1,125,11
NCT03675451,PHASE2,20,ACTUAL,2017-02-08,2018-06-27,OTHER,1,1,1
NCT00005631,PHASE2,,,1999-11,2002-11,OTHER,1,1,1
NCT00509002,PHASE2,37,ACTUAL,2004-05,2016-09,OTHER,1,1,1
NCT00112502,PHASE2,178,ACTUAL,2005-09,2014-09,OTHER,2,12,1
NCT04649502,PHASE3,62,ACTUAL,2021-01-25,2023-01-29,OTHER,1,1,1
NCT01495702,PHASE3,439,ACTUAL,2011-12,2013-11,INDUSTRY,2,80,12
NCT00099853,PHASE3,362,ACTUAL,2004-05,2008-01,INDUSTRY,1,1,1
NCT00638937,PHASE2,37,ACTUAL,2008-02,2013-06,NIH,3,4,1
NCT03237845,PHASE3,1499,ACTUAL,2017-07-27,2018-01-25,INDUSTRY,1,50,1
NCT02714972,PHASE2,35,ACTUAL,2016-05,2017-03,OTHER,4,2,1
NCT01188772,PHASE2,147,ACTUAL,2010-08,2011-04,INDUSTRY,1,23,2
NCT03764072,PHASE2,250,ACTUAL,2018-12-12,2019-01-17,INDUSTRY,1,6,1
NCT01258595,PHASE2,300,ACTUAL,2010-11,2011-03,INDUSTRY,1,5,1
NCT03562195,PHASE3,300,ACTUAL,2018-08-29,2022-09-07,INDUSTRY,1,42,1
NCT06582277,PHASE2,117,ACTUAL,2024-10-22,2025-06-02,INDUSTRY,2,1,1
NCT00582777,PHASE2|PHASE3,180,ESTIMATED,2007-11,2008-12,NIH,1,16,1
NCT05283057,PHASE3,50,ACTUAL,2020-02-20,2021-09-30,OTHER,2,1,1
NCT06230757,PHASE2,20,ACTUAL,2024-07-08,2026-05-08,OTHER,3,1,1
NCT00489970,PHASE3,1954,ACTUAL,2007-06-01,2011-09-01,INDUSTRY,3,37,1
NCT00695669,PHASE2,312,ACTUAL,2008-06-05,2008-08-13,INDUSTRY,1,3,1
NCT01228383,PHASE2,240,ACTUAL,2011-12,2012-10,INDUSTRY,1,1,1
NCT00875654,PHASE2,31,ACTUAL,2010-08,2017-10-20,OTHER,2,3,1
NCT05364554,PHASE2,227,ACTUAL,2022-06-10,2023-09-29,INDUSTRY,1,60,10
NCT00326469,PHASE2,30,ACTUAL,2006-05,2009-11,INDUSTRY,1,27,1
NCT01743469,PHASE2,201,ACTUAL,2012-12,2014-12,INDUSTRY,4,24,5
NCT00000983,PHASE2,400,,,,NIH,1,51,2
NCT04019041,PHASE2,153,ACTUAL,2019-09-16,2020-05-19,INDUSTRY,3,33,1
NCT01006941,PHASE2,10,ACTUAL,2010-05,2011-01,OTHER,1,1,1
NCT02508805,PHASE3,100,ACTUAL,2015-05,2015-09,INDUSTRY,1,1,1
NCT00754494,PHASE2,45,ACTUAL,2008-07,2012-10,NIH,17,3,1
NCT02225366,PHASE1|PHASE2,4,ACTUAL,2015-07-08,2020-11-24,OTHER,1,1,1
NCT00251966,PHASE3,960,,2004-05,,INDUSTRY,1,94,11
NCT00804856,PHASE2,180,ACTUAL,2008-11-27,2012-03-09,INDUSTRY,1,27,7
NCT00398229,PHASE2,300,ESTIMATED,2006-11,,OTHER,1,1,1
NCT02621931,PHASE3,1130,ACTUAL,2016-03-22,2017-04-11,INDUSTRY,1,273,9
NCT01576302,PHASE3,13,ACTUAL,2012-04,2014-12,OTHER,1,1,1
NCT01805453,PHASE3,80,ACTUAL,2013-03-29,2015-01-15,OTHER,1,1,1
NCT01827553,PHASE3,830,ESTIMATED,2013-04-04,2021-02-02,OTHER,1,23,1
NCT04766853,PHASE1|PHASE2,15,ACTUAL,2021-07-22,2023-04-18,OTHER,4,1,1
NCT06478953,PHASE2,40,ACTUAL,2024-06-26,2025-11-01,OTHER,2,1,1
NCT01062737,PHASE3,,,1999-12,2006-09,INDUSTRY,1,1,1
NCT01182337,PHASE1|PHASE2,31,ACTUAL,2010-06,2014-06,INDUSTRY,1,7,1
NCT04947137,PHASE2,134,ACTUAL,2021-05-27,2022-01-21,INDUSTRY,1,7,1
NCT05473195,PHASE2,105,ACTUAL,2022-12-06,2024-04-16,OTHER,1,1,1
NCT04993339,PHASE3,26,ACTUAL,2016-10-24,2020-02-20,OTHER,1,1,1
NCT00026039,PHASE3,,,1993-12,,NIH,1,0,0
NCT04246177,PHASE3,479,ACTUAL,2020-05-22,2025-08-19,INDUSTRY,1,205,27
NCT01532375,PHASE2,60,ACTUAL,2009-10,2010-03,OTHER,1,0,0
NCT00095901,PHASE2,3,ACTUAL,2004-06,2007-05,OTHER,1,3,1
NCT00004012,PHASE2,,,1998-12,2000-12,OTHER,3,1,1
NCT01802619,PHASE1|PHASE2,217,ACTUAL,2013-08,2015-06,OTHER,3,1,1
NCT00618319,PHASE2,20,ACTUAL,2008-02,2010-04,INDUSTRY,1,3,1
NCT01481519,PHASE3,100,ESTIMATED,2011-12,2012-12,OTHER,1,1,1
NCT00583219,PHASE1|PHASE2,25,ACTUAL,2006-03,2008-05,OTHER,3,1,1
NCT00056030,PHASE2,73,ESTIMATED,2004-12,2007-10,OTHER,2,162,1
NCT00375505,PHASE3,70,ACTUAL,2005-10,2014-05,INDUSTRY,1,1,1
NCT00097305,PHASE2,24,,2002-09,,NIH,3,1,1
NCT01332994,PHASE3,519,ACTUAL,2011-03,2014-02,INDUSTRY,1,83,1
NCT01939366,PHASE2,699,ACTUAL,2013-09-27,2015-01,INDUSTRY,3,82,8
NCT02184156,PHASE1|PHASE2,47,ACTUAL,2014-06,2015-10,INDUSTRY,1,1,1
NCT02910531,PHASE2,50,ACTUAL,2017-06-19,2024-12-18,OTHER,1,1,1
NCT01897402,PHASE2,525,ACTUAL,2013-07,2014-05,INDUSTRY,2,3,1
NCT02455453,PHASE2,47,ACTUAL,2015-04-28,2019-01-03,OTHER,1,1,1
NCT03660345,PHASE3,11,ACTUAL,2018-09-04,2021-05-04,OTHER,2,1,1
NCT02217345,PHASE2,131,ACTUAL,2017-06-02,2021-08-10,OTHER,1,1,1
NCT05373472,PHASE2,150,ACTUAL,2022-07-06,2022-09-21,INDUSTRY,1,3,1
NCT00027872,PHASE2,125,ACTUAL,2001-10,2007-07,NIH,21,1,1
NCT00457639,PHASE2,18,ACTUAL,2006-04,2011-04,OTHER,1,1,1
NCT00957177,PHASE3,20,ESTIMATED,2009-04,2010-12,OTHER,1,1,1
NCT04328077,PHASE2,101,ACTUAL,2020-06-18,2021-05-19,INDUSTRY,1,31,1
NCT00541775,PHASE3,273,ACTUAL,2006-06,2007-03,INDUSTRY,1,0,0
NCT02545075,PHASE3,182,ACTUAL,2015-10-31,2019-04-19,INDUSTRY,1,8,1
NCT05752175,PHASE2,80,ACTUAL,2023-03-10,2023-05-09,INDUSTRY,1,1,1
NCT03382301,PHASE2,5,ACTUAL,2018-08-28,2020-06-18,OTHER,1,1,1
NCT00030901,PHASE3,619,ACTUAL,2000-02,2011-11,NETWORK,2,0,0
NCT07477301,PHASE2,46,ACTUAL,2024-12-01,2025-02-28,OTHER,3,1,1
NCT05059301,PHASE3,770,ACTUAL,2021-10-01,2022-01-24,INDUSTRY,1,19,3
NCT00140101,PHASE2,1099,ACTUAL,2005-05,2007-09,INDUSTRY,3,92,4
NCT00003601,PHASE2,38,ESTIMATED,1999-02-23,2000-03,NETWORK,1,1,1
NCT04194801,PHASE1|PHASE2,26,ACTUAL,2019-12-16,2021-10-20,INDUSTRY,1,3,1
NCT02739412,PHASE2,6,ACTUAL,2016-11,2022-07,OTHER,1,1,1
NCT05532319,PHASE2,64,ACTUAL,2022-11-10,2025-12-23,OTHER,1,1,1
NCT00461630,PHASE3,25673,ACTUAL,2007-01,2012-10,OTHER,4,1,1
NCT01096628,PHASE2|PHASE3,185,ACTUAL,2010-03,2013-12,OTHER,1,2,1
NCT00434083,PHASE3,1200,,2004-07,,INDUSTRY,1,2,1
NCT00713583,PHASE2,85,ACTUAL,2008-01,2011-12,OTHER,1,1,1
NCT01012141,PHASE2,30,ACTUAL,2009-09,2011-04,OTHER,1,2,1
NCT02427841,PHASE2,20,ACTUAL,2016-01-21,2019-11-12,OTHER,2,1,1
NCT00674154,PHASE2|PHASE3,46,ACTUAL,2008-05,2013-08,OTHER,3,1,1
NCT04817254,PHASE2,47,ACTUAL,2021-12-08,2026-03-20,NIH,3,1,1
NCT02481505,PHASE2,45,ACTUAL,2015-06,2015-11,INDUSTRY,1,1,1
NCT02198794,PHASE3,343,ACTUAL,2014-10-20,2019-12-06,INDUSTRY,1,82,6
NCT03914794,PHASE2,30,ACTUAL,2020-10-02,2025-09-30,OTHER,4,6,1
NCT01531894,PHASE2,11,ACTUAL,2012-02-08,2018-06-20,INDUSTRY,1,8,5
NCT02108366,PHASE3,107,ACTUAL,2014-03,2018-03,OTHER,1,1,1
NCT04544956,PHASE2,12,ACTUAL,2020-10-06,2023-11-30,INDUSTRY,1,4,4
NCT00413556,PHASE3,76,ACTUAL,2007-01,2007-08,INDUSTRY,1,1,1
NCT01608022,PHASE2,48,ACTUAL,2012-07,2015-04,OTHER,1,1,1
NCT01129622,PHASE2,16,ACTUAL,2008-10,2009-09,OTHER,1,1,1
NCT00160251,PHASE2,357,ACTUAL,2005-09,2007-07,INDUSTRY,1,0,0
NCT05689229,PHASE3,128,ACTUAL,2021-08-03,2021-11-28,OTHER,1,1,1
NCT02229929,PHASE2,89,ACTUAL,2014-07,2015-07,INDUSTRY,2,20,1
NCT01165229,PHASE3,14819,ACTUAL,2010-08-02,2015-07-24,INDUSTRY,2,213,18
NCT00967902,PHASE2,180,ACTUAL,2009-11,2011-07,INDUSTRY,1,1,1
NCT01637402,PHASE2,41,ACTUAL,2013-03-13,2017-02-27,OTHER,1,2,1
NCT03422653,PHASE3,378,ACTUAL,2018-02-20,2019-04-06,INDUSTRY,1,57,1
NCT01315795,PHASE2|PHASE3,59,ACTUAL,2011-03,2014-07,OTHER,1,1,1
NCT01401595,PHASE3,87,ACTUAL,2009-12,2011-09,OTHER,1,1,1
NCT02193139,PHASE2,195,ACTUAL,2013-12,2014-06,INDUSTRY,1,1,1
NCT01041677,PHASE2,71,ACTUAL,2008-02,2008-10,INDUSTRY,5,3,3
NCT04010357,PHASE2,14,ACTUAL,2020-01-13,2026-04-30,OTHER,3,1,1
NCT00779857,PHASE2,70,ACTUAL,2008-09,2009-10,INDUSTRY,1,7,1
NCT05063201,PHASE2,26,ACTUAL,2022-08-05,2025-12-01,OTHER,2,1,1
NCT06489457,PHASE3,25,ACTUAL,2020-09-20,2023-05-11,OTHER,3,1,1
NCT00075712,PHASE2|PHASE3,150,ESTIMATED,2003-09,,OTHER,3,70,1
NCT04116112,PHASE2,120,ACTUAL,2020-01-17,2022-07-01,OTHER,2,3,1
NCT00559819,PHASE3,32,ACTUAL,2008-02,2022-03,OTHER,4,1,1
NCT00239369,PHASE3,713,,2005-10,2006-08,INDUSTRY,1,84,16
NCT04460183,PHASE2|PHASE3,19,ACTUAL,2020-07-29,2021-04-24,INDUSTRY,1,2,1
NCT04555941,PHASE2,54,ACTUAL,2020-10-05,2022-01-31,OTHER,3,1,1
NCT01968005,PHASE3,232,ACTUAL,2013-11,2014-05,INDUSTRY,1,7,1
NCT01829529,PHASE3,29,ACTUAL,2013-09,2015-03,OTHER,1,1,1
NCT03691831,PHASE3,502,ACTUAL,2018-09-13,2019-04-21,INDUSTRY,1,24,1
NCT00083902,PHASE2,190,,1998-06,,OTHER,1,1,1
NCT02121353,PHASE1|PHASE2,25,ACTUAL,2013-11,2016-01,INDUSTRY,1,2,1
NCT05503953,PHASE3,318,ACTUAL,2022-10-18,2025-06-10,INDUSTRY,1,1,1
NCT02122237,PHASE3,14,ACTUAL,2013-09,2014-04,OTHER,1,1,1
NCT01490437,PHASE2,42,ACTUAL,2008-07,2013-12,OTHER,1,1,1
NCT02473172,PHASE2,38,ACTUAL,2013-05,2014-05,OTHER,1,1,1
NCT04314895,PHASE2,18,ACTUAL,2021-04-14,2023-09-26,INDUSTRY,4,4,1
NCT02293395,PHASE2,3037,ACTUAL,2015-04-20,2016-10-14,INDUSTRY,1,259,20
NCT00253539,PHASE2,3,ACTUAL,2002-01,2005-04,OTHER,2,0,0
NCT04539639,PHASE2,166,ACTUAL,2020-12-02,2022-05-19,INDUSTRY,1,1,1
NCT00972777,PHASE2|PHASE3,474,ACTUAL,2009-10,2010-10,INDUSTRY,1,1,1
NCT02549339,PHASE3,383,ACTUAL,2015-11-13,2016-08-05,INDUSTRY,1,1,1
NCT02569775,PHASE2,40,ACTUAL,2014-04,2015-08,OTHER,1,1,1
NCT03330275,PHASE2,24,ACTUAL,2017-09-27,2017-12-11,INDUSTRY,1,1,1
NCT04012957,PHASE3,588,ACTUAL,2019-07-20,2021-08-25,INDUSTRY,4,32,1
NCT02838901,PHASE2,18,ACTUAL,2012-06,2016-06,OTHER,3,1,1
NCT00053612,PHASE2,400,,,2006-06,NIH,3,0,0
NCT00081757,PHASE1|PHASE2,250,,1998-09,,OTHER,1,1,1
NCT00000201,PHASE2,0,,,,NIH,1,1,1
NCT00430781,PHASE2,228,ACTUAL,2006-11,2008-07,INDUSTRY,2,63,13
NCT00195819,PHASE3,82,ACTUAL,2003-12,2004-10,INDUSTRY,1,9,1
NCT00308919,PHASE2,28,ACTUAL,2004-04,,INDUSTRY,1,1,1
NCT02207530,PHASE2,112,ACTUAL,2014-10-23,2016-09-26,INDUSTRY,1,108,14
NCT02367105,PHASE3,83,ACTUAL,2015-02-01,2019-07-31,FED,1,1,1
NCT02411994,PHASE3,197,ACTUAL,2015-10,2017-08,OTHER,1,1,1
NCT03568656,PHASE1|PHASE2,220,ACTUAL,2018-07-23,2025-07-06,INDUSTRY,4,19,6
NCT01224366,PHASE3,448,ACTUAL,2010-09,2011-10,INDUSTRY,1,66,11
NCT00259922,PHASE3,485,ACTUAL,2005-08,2006-06,INDUSTRY,2,187,12
NCT01632722,PHASE2,79,ACTUAL,2012-06,2018-05,OTHER,2,1,1
NCT03522922,PHASE1|PHASE2,30,ACTUAL,2016-06-01,2018-02-01,OTHER,2,1,1
NCT02588651,PHASE2,23,ACTUAL,2016-06-17,2024-10-14,OTHER,6,4,1
NCT00407251,PHASE2,73,ESTIMATED,2007-02,2010-06,OTHER,1,5,1
NCT00519129,PHASE3,800,ACTUAL,2007-08,2010-08,OTHER_GOV,1,1,1
NCT01512329,PHASE2,31,ACTUAL,2011-10,2014-02,OTHER,1,1,1
NCT00830102,PHASE2,64,ACTUAL,2004-10,2005-01,INDUSTRY,1,6,2
NCT02910102,PHASE2,38,ACTUAL,2016-10,2017-11,INDUSTRY,3,11,1
NCT01522937,PHASE2,94,ACTUAL,2009-10,2015-11,OTHER,2,1,1
NCT01881737,PHASE2,15,ACTUAL,2011-07,2013-09,OTHER,1,1,1
NCT01291537,PHASE2,56,ACTUAL,2011-11,2016-03,OTHER,1,20,1
NCT04047472,PHASE3,397,ACTUAL,2019-11-29,2024-02-28,INDUSTRY,1,30,1
NCT01569295,PHASE3,416,ACTUAL,2012-06-15,2019-06-10,INDUSTRY,1,106,18
NCT01687595,PHASE2,80,ACTUAL,2012-10-29,2013-09,INDUSTRY,1,5,1
NCT00501995,PHASE3,6,ACTUAL,2001-02,2008-07,OTHER,1,0,0
NCT01412177,PHASE2,154,ACTUAL,2013-11,2015-03,INDUSTRY,1,2,1
NCT00797277,PHASE3,67,ACTUAL,2006-07,2009-06,OTHER,3,1,1
NCT01281475,PHASE2|PHASE3,67,ACTUAL,2011-01,2015-07,OTHER,1,7,1
NCT03264157,PHASE2|PHASE3,162,ACTUAL,2017-12-08,2018-03-02,OTHER,1,2,1
NCT00075881,PHASE2,44,ACTUAL,2004-01,2012-10,NIH,3,1,1
NCT04905901,PHASE3,90,ACTUAL,2021-05-06,2026-06-05,OTHER,1,1,1
NCT00318812,PHASE2|PHASE3,55,ACTUAL,2007-05,2011-12,OTHER,2,1,1
NCT00092612,PHASE3,372,ACTUAL,2003-05,2004-06,INDUSTRY,2,0,0
NCT00230581,PHASE2,88,ESTIMATED,2005-09,,INDUSTRY,1,16,2
NCT01031381,PHASE2,50,ACTUAL,2010-09,2014-01,OTHER,3,1,1
NCT05549219,PHASE2,27,ACTUAL,2022-11-29,2025-11-04,INDUSTRY,2,4,3
NCT03512730,PHASE2,30,ACTUAL,2013-11-19,2013-12-10,OTHER,1,0,0
NCT02290210,PHASE2,64,ACTUAL,2014-07-24,2014-12-02,INDUSTRY,2,1,1
NCT02446613,PHASE2,16,ACTUAL,2015-06-22,2015-08-10,INDUSTRY,1,1,1
NCT00859313,PHASE2,30,ACTUAL,2009-04,2009-08,INDUSTRY,1,3,1
NCT01249820,PHASE2,26,ACTUAL,2010-11,2013-01,OTHER,3,1,1
NCT04950920,PHASE3,914,ACTUAL,2021-06-28,2022-08-10,OTHER,1,1,1
NCT00004920,PHASE3,256,ACTUAL,1999-11,2003-01,NETWORK,1,26,11
NCT02267382,PHASE2,254,ACTUAL,2015-02-10,2016-11-09,INDUSTRY,1,32,1
NCT00783224,PHASE3,351,ACTUAL,2005-09,2005-11,INDUSTRY,1,0,0
NCT00631124,PHASE2,103,ACTUAL,2008-02,2008-10,INDUSTRY,1,2,1
NCT01160224,PHASE2,60,ACTUAL,2010-09-08,2011-08-29,INDUSTRY,1,5,1
NCT00446524,PHASE3,403,ACTUAL,2007-02,2008-10,INDUSTRY,1,1,1
NCT05094323,PHASE2,102,ACTUAL,2022-02-18,2025-10-15,OTHER,1,1,1
NCT00139659,PHASE3,288,ACTUAL,2003-01,2008-10,INDUSTRY,2,102,5
NCT04090580,PHASE3,88,ACTUAL,2019-10-27,2021-03-06,OTHER,1,1,1
NCT00043680,PHASE2,60,,2002-08,,NIH,1,1,1
NCT00000479,PHASE3,39876,ACTUAL,1992-09,2004-03,OTHER,7,0,0
NCT00398879,PHASE2,381,ACTUAL,2005-08,2010-12,INDUSTRY,1,49,1
NCT00838396,PHASE2,58,ACTUAL,2005-10,2006-08,INDUSTRY,1,3,1
NCT00388362,PHASE2,36,ACTUAL,2005-11,2010-11,OTHER,1,1,1
NCT00057746,PHASE2,265,ACTUAL,2003-02,2009-05,NETWORK,1,222,2
NCT02252146,PHASE1|PHASE2,6,ACTUAL,2014-06,2016-12,INDUSTRY,1,12,1
NCT02028988,PHASE2,64,ACTUAL,2014-02,2017-10,OTHER,1,3,1
NCT01596088,PHASE1|PHASE2,2,ACTUAL,,2014-01,INDUSTRY,1,1,1
NCT00759603,PHASE2,60,ACTUAL,2008-09,2014-07,OTHER,2,1,1
NCT04811027,PHASE2,171,ACTUAL,2021-08-27,2024-03-11,INDUSTRY,1,28,9
NCT04032327,PHASE2,120,ACTUAL,2018-07-01,2020-08-25,FED,1,1,1
NCT01239927,PHASE2|PHASE3,100,ACTUAL,2000-01,2010-07,OTHER,1,1,1
NCT01942161,PHASE2|PHASE3,106,ACTUAL,2010-08,2014-11,INDUSTRY,1,8,1
NCT03749642,PHASE2,240,ACTUAL,2018-11-22,2020-06-06,INDUSTRY,1,30,4
NCT01297686,PHASE2|PHASE3,56,ACTUAL,2011-05,2012-02,OTHER,1,1,1
NCT05570786,PHASE2,100,ACTUAL,2023-02-13,2025-05-21,OTHER,2,1,1
NCT00564486,PHASE3,244,ACTUAL,2007-11,2008-09,INDUSTRY,1,17,1
NCT00553969,PHASE1|PHASE2,101,ACTUAL,2007-11,2010-09,OTHER,1,1,1
NCT01340469,PHASE3,160,ESTIMATED,2005-01,2008-03,OTHER,2,1,1
NCT00447954,PHASE2,53,ACTUAL,2007-01-05,2009-05-11,INDUSTRY,1,8,1
NCT00786305,PHASE2,40,ACTUAL,2004-10,2008-09,OTHER,1,1,1
NCT00230594,PHASE3,132,ACTUAL,2004-07,2006-01,INDUSTRY,1,9,1
NCT01585194,PHASE2,67,ACTUAL,2012-11-29,2019-12-02,OTHER,2,1,1
NCT00093366,PHASE1|PHASE2,32,ESTIMATED,2004-06,,OTHER,3,1,1
NCT01517256,PHASE3,60,ACTUAL,2009-11,2011-11,OTHER,1,1,1
NCT00179556,PHASE2|PHASE3,210,,2003-06,2005-07,OTHER,1,1,1
NCT05532722,PHASE1|PHASE2,21,ACTUAL,2022-09-28,2025-08-28,INDUSTRY,1,8,1
NCT01386151,PHASE2,24,ACTUAL,2009-08,2011-07,OTHER,1,1,1
NCT00835029,PHASE2,13,ACTUAL,2009-03,2012-02,OTHER,2,1,1
NCT02251431,PHASE3,57,ACTUAL,2015-11,2019-12,OTHER,3,1,1
NCT02627131,PHASE2,24,ACTUAL,2014-04,2015-12,OTHER,1,1,1
NCT04493502,PHASE2,72,ACTUAL,2020-08-26,2022-03-15,INDUSTRY,1,20,2
NCT04728802,PHASE3,645,ACTUAL,2021-02-01,2021-04-15,INDUSTRY,2,8,1
NCT02410902,PHASE3,190,ACTUAL,2015-05-13,2017-12-22,INDUSTRY,1,31,1
NCT04701502,PHASE2,60,ACTUAL,2020-11-09,2021-02-15,INDUSTRY,6,2,1
NCT00866502,PHASE1|PHASE2,12,ACTUAL,2009-03,2011-03,INDUSTRY,1,2,1
NCT01883323,PHASE2,12,ACTUAL,2013-06,2018-04,OTHER,1,1,1
NCT01680159,PHASE3,51,ACTUAL,2012-07,2015-03,INDUSTRY,4,7,1
NCT00446459,PHASE2,45,ACTUAL,2006-04,2008-11,OTHER,4,1,1
NCT00754559,PHASE3,286,ACTUAL,2008-08,2009-11,INDUSTRY,1,81,1
NCT00537459,PHASE2,18,ACTUAL,2006-12,,INDUSTRY,1,1,1
NCT00002479,PHASE2,,,1991-10,2002-08,OTHER,1,1,1
NCT01327079,PHASE1|PHASE2,60,ACTUAL,2010-12,2017-12,OTHER,2,2,1
NCT05754996,PHASE3,80,ACTUAL,2023-03-12,2025-07-29,OTHER,1,1,1
NCT00809796,PHASE1|PHASE2,15,ESTIMATED,2008-03,2011-05,INDUSTRY,1,1,1
NCT02279862,PHASE2,82,ACTUAL,2014-12-02,2016-12-15,INDUSTRY,1,43,9
NCT04677803,PHASE2,26,ACTUAL,2020-12-14,2021-09-10,OTHER,2,1,1
NCT00241527,PHASE3,556,,2000-12,2002-09,INDUSTRY,2,130,11
NCT02354261,PHASE2,38,ACTUAL,2015-08-07,2019-03,INDUSTRY,1,5,1
NCT01751386,PHASE2,39,ACTUAL,2012-12-03,2016-08-17,NIH,5,1,1
NCT00383786,PHASE2,47,ACTUAL,2006-09,2009-06,OTHER,1,2,1
NCT03598270,PHASE3,417,ACTUAL,2018-11-21,2024-08-05,OTHER,1,71,5
NCT05344170,PHASE1|PHASE2,20,ACTUAL,2022-08-24,2023-08-29,OTHER,1,1,1
NCT00132886,PHASE2,140,ESTIMATED,2004-12,2006-12,INDUSTRY,1,31,2
NCT01400373,PHASE2,700,ACTUAL,2010-07-06,2018-01-31,OTHER,1,2,2
NCT04896073,PHASE2,16,ACTUAL,2022-03-07,2025-03-30,NIH,1,1,1
NCT00823173,PHASE2,9,ACTUAL,2009-01,2010-12,INDUSTRY,1,3,1
NCT00055341,PHASE2,22,,2002-03,,NIH,3,1,1
NCT03570554,PHASE2,41,ACTUAL,2018-06-29,2019-06-14,INDUSTRY,1,5,1
NCT01536405,PHASE3,1412,ACTUAL,2012-06-05,2013-07-02,INDUSTRY,4,0,0
NCT01225094,PHASE2|PHASE3,606,ACTUAL,2011-11,2014-11,OTHER,2,10,1
NCT03226756,PHASE2,351,ACTUAL,2017-07-07,2017-12-31,OTHER,1,18,1
NCT00720122,PHASE2,28,ACTUAL,2008-07,2011-10,OTHER,1,1,1
NCT00002356,PHASE2,,,,,INDUSTRY,2,25,1
NCT01071356,PHASE2,217,ACTUAL,2009-02,2012-10,OTHER,1,1,1
NCT00421122,PHASE3,315,ACTUAL,2006-09,,INDUSTRY,1,8,1
NCT00272051,PHASE3,620,,2002-07,,INDUSTRY,3,0,0
NCT00307151,PHASE2,452,ACTUAL,2005-12,2010-12,NETWORK,1,10,7
NCT01977131,PHASE1|PHASE2,10,ACTUAL,2010-06,2013-06,OTHER,1,0,0
NCT00879931,PHASE2,80,ACTUAL,2013-01,2015-07,OTHER,1,1,1
NCT01573702,PHASE2,32,ACTUAL,2012-12-11,2019-03-15,OTHER,1,8,1
NCT01212172,PHASE3,20,ACTUAL,2010-09,2013-09,OTHER,1,1,1
NCT00219037,PHASE3,1955,ACTUAL,2004-06,2005-10,INDUSTRY,1,1,1
NCT03677037,PHASE3,166,ACTUAL,2018-09-24,2022-12-15,OTHER,1,1,1
NCT05093296,PHASE2|PHASE3,62,ACTUAL,2021-12-02,2023-07-15,OTHER,3,1,1
NCT02148796,PHASE2,822,ACTUAL,2017-01-01,2026-01-30,OTHER,2,11,1
NCT01521962,PHASE3,67,ACTUAL,2012-02,2013-03,INDUSTRY,1,33,1
NCT01568827,PHASE1|PHASE2,10,ACTUAL,2012-03,2012-05,OTHER,2,1,1
NCT04971161,PHASE2,159,ACTUAL,2021-08-18,2025-11-25,INDUSTRY,1,38,1
NCT00689442,PHASE2,105,ACTUAL,2004-01,2004-11,INDUSTRY,1,1,1
NCT00607373,PHASE3,51,ACTUAL,2007-07,2009-03,INDUSTRY,14,10,7
NCT00261469,PHASE2,38,ACTUAL,2003-04,,INDUSTRY,1,0,0
NCT00607269,PHASE2|PHASE3,131,ACTUAL,2005-04,2008-02,OTHER,1,1,1
NCT00619541,PHASE2,46,ESTIMATED,2007-01,2007-11,OTHER,1,1,1
NCT00003541,PHASE1|PHASE2,24,ESTIMATED,1998-06,2006-07,OTHER,1,1,1
NCT00197041,PHASE2,2022,ACTUAL,2003-07,2005-04,INDUSTRY,1,1,1
NCT03027154,PHASE3,96,ACTUAL,2016-10,2017-10,INDUSTRY,1,4,1
NCT00047294,PHASE2,,,2001-04,2005-03,OTHER,1,4,1
NCT00560794,PHASE2,21,ACTUAL,2008-01,2009-09,INDUSTRY,1,6,1
NCT01135966,PHASE3,62,ACTUAL,2010-04,2011-07,OTHER,1,1,1
NCT01506856,PHASE2|PHASE3,655,ACTUAL,2010-05,2021-02-28,NETWORK,3,62,6
NCT01807429,PHASE2|PHASE3,236,ACTUAL,2012-12,2013-01,OTHER,1,0,0
NCT01028053,PHASE3,365,ACTUAL,2009-12,2014-01,INDUSTRY,2,1,1
NCT01494753,PHASE2,30,ACTUAL,2008-06,2008-12,INDUSTRY,1,0,0
NCT00628953,PHASE2,1400,ESTIMATED,2002-10,2004-04,INDUSTRY,1,0,0
NCT00305253,PHASE1|PHASE2,990,ACTUAL,2006-04,2008-06,OTHER,2,2,1
NCT04693637,PHASE2|PHASE3,26,ACTUAL,2021-01-15,2023-01-19,INDUSTRY,6,16,1
NCT00906945,PHASE1|PHASE2,39,ACTUAL,2011-02,2012-11,OTHER,1,3,1
NCT00965172,PHASE2,30,ACTUAL,2010-04,2012-02,OTHER,2,1,1
NCT01024972,PHASE1|PHASE2,31,ACTUAL,2009-10,2013-07,OTHER,2,1,1
NCT04024072,PHASE3,495,ACTUAL,2019-06-24,2020-02-26,INDUSTRY,2,1,1
NCT02806895,PHASE2,34,ACTUAL,2016-07-05,2019-05-28,INDUSTRY,2,1,1
NCT01727388,PHASE3,320,ACTUAL,2012-11,2013-03,OTHER,5,2,1
NCT02973503,PHASE3,117,ACTUAL,2017-01-11,2018-11-10,OTHER,1,1,1
NCT00408603,PHASE2,183,ACTUAL,2006-12-20,2010-06-09,INDUSTRY,1,20,2
NCT03138603,PHASE3,72,ACTUAL,2016-12,2023-04-18,OTHER,1,2,1
NCT00846027,PHASE2,90,ACTUAL,2009-01,2011-12,INDUSTRY,1,23,1
NCT01242527,PHASE2|PHASE3,399,ACTUAL,2011-01,2012-03,INDUSTRY,1,68,7
NCT00005942,PHASE1|PHASE2,37,ACTUAL,2000-03,2000-12,NIH,5,1,1
NCT00521586,PHASE3,1116,ACTUAL,2007-09,2013-12,INDUSTRY,1,41,1
NCT01856270,PHASE2,50,ACTUAL,2013-04,2016-02,OTHER,2,1,1
NCT05262270,PHASE2,427,ACTUAL,2023-04-18,2025-06-27,OTHER,1,12,1
NCT02280083,PHASE3,180,ACTUAL,2014-07,2016-02,INDUSTRY,1,0,0
NCT04710641,PHASE2,8,ACTUAL,2022-01-01,2025-01-25,INDUSTRY,3,2,2
NCT02225054,PHASE2,99,ACTUAL,2013-05,2015-03,OTHER,2,1,1
NCT00861341,PHASE2,40,ACTUAL,2008-12,2010-06,OTHER,3,1,1
NCT03047954,PHASE3,179,ACTUAL,2003-07,2006-12,INDUSTRY,1,0,0
NCT03851705,PHASE3,56,ACTUAL,2019-02-06,2020-03-02,INDUSTRY,1,13,8
NCT01463956,PHASE2,58,ACTUAL,2012-01-06,2014-06,OTHER_GOV,2,19,1
NCT00049556,PHASE2,,,2002-10,,NIH,4,2,1
NCT00822705,PHASE1|PHASE2,16,ACTUAL,2008-08,2008-11,OTHER,1,1,1
NCT04673422,PHASE2|PHASE3,358,ACTUAL,2021-01-15,2023-06-17,OTHER,3,4,1
NCT00150722,PHASE3,75,ACTUAL,2005-09,2008-08,OTHER,1,1,1
NCT02638051,PHASE2,260,ACTUAL,2014-01,2014-12,OTHER,4,1,1
NCT00310531,PHASE3,500,ACTUAL,2004-02,,INDUSTRY,1,0,0
NCT02039531,PHASE3,96,ACTUAL,2011-08,2013-02,OTHER,1,1,1
NCT00655031,PHASE2,150,ESTIMATED,2008-04,2008-05,INDUSTRY,1,3,1
NCT04174131,PHASE3,10,ACTUAL,2019-11-13,2019-12-12,OTHER,1,1,1
NCT00000353,PHASE2,0,,1996-10,1997-09,NIH,2,1,1
NCT02323737,PHASE2,62,ACTUAL,2010-07,2011-06,OTHER,1,1,1
NCT01226472,PHASE2,1,ACTUAL,2010-08,2012-09,INDUSTRY,2,1,1
NCT03306472,PHASE2,198,ACTUAL,2017-07-20,2022-10-31,OTHER,1,1,1
NCT00927472,PHASE3,254,ACTUAL,2009-08,2010-05,INDUSTRY,1,2,1
NCT02194972,PHASE3,80,ACTUAL,2009-05,2012-10,OTHER,2,0,0
NCT01071161,PHASE3,84,ACTUAL,2009-09,2012-02,OTHER,3,1,1
NCT02055261,PHASE1|PHASE2,6,ACTUAL,2009-05,2012-05,OTHER,1,1,1
NCT00021242,PHASE2,12,ACTUAL,2002-08,2006-03,NETWORK,1,228,7
NCT00840242,PHASE3,314,ACTUAL,1999-02,2000-05,INDUSTRY,1,2,1
NCT01999686,PHASE3,186,ACTUAL,2014-10,2019-02,INDUSTRY,2,7,1
NCT01279083,PHASE1|PHASE2,147,ACTUAL,2011-01,2011-11,INDUSTRY,2,2,1
NCT02950883,PHASE2|PHASE3,116,ACTUAL,2015-03-24,2020-12-15,OTHER,1,25,9
NCT00041483,PHASE3,530,ACTUAL,2002-06,2005-08,INDUSTRY,1,1,1
NCT00972283,PHASE3,1006,ACTUAL,2009-09-01,2010-10-28,INDUSTRY,2,136,12
NCT05195541,PHASE1|PHASE2,48,ACTUAL,2022-02-27,2022-12-30,INDUSTRY,1,1,1
NCT02919605,PHASE2,159,ACTUAL,2014-01,2016-01,OTHER,1,0,0
NCT01595594,PHASE3,30,ACTUAL,2010-03,2012-04,OTHER,2,1,1
NCT00656994,PHASE3,122,ACTUAL,2003-01,2004-07,INDUSTRY,1,29,1
NCT01791894,PHASE1|PHASE2,5,ACTUAL,2013-04,2013-11,OTHER,2,1,1
NCT02551094,PHASE3,4745,ACTUAL,2015-12-04,2019-07-17,OTHER,2,1,1
NCT02536794,PHASE2,30,ACTUAL,2016-01-14,2020-02-06,OTHER,5,2,1
NCT00004066,PHASE2,82,ESTIMATED,1999-06,2003-10,OTHER,3,1,1
NCT02515656,PHASE3,661,ACTUAL,2015-09,2016-08,INDUSTRY,1,4,4
NCT01474356,PHASE3,224,ACTUAL,2006-11,2009-03,OTHER,1,1,1
NCT02883556,PHASE2,57,ACTUAL,2017-03-27,2019-03-23,OTHER,1,1,1
NCT01155466,PHASE3,778,ACTUAL,2010-07-14,2012-12-20,INDUSTRY,1,0,0
NCT00748956,PHASE2,10,ACTUAL,2010-01,2010-12,OTHER,2,1,1
NCT03607656,PHASE2|PHASE3,270,ACTUAL,2018-06-08,2022-10-31,OTHER,2,1,1
NCT01616056,PHASE2,20,ACTUAL,2012-06,2014-10,OTHER,2,1,1
NCT01023256,PHASE1|PHASE2,96,ACTUAL,2009-12,2012-06,INDUSTRY,1,5,5
NCT01201356,PHASE3,4125,ACTUAL,2010-09-13,2018-10-19,INDUSTRY,1,458,38
NCT01463722,PHASE2,128,ACTUAL,2010-03,2011-02,OTHER,1,1,1
NCT01237951,PHASE2,75,ACTUAL,2010-11-08,2017-09-20,OTHER,1,1,1
NCT02066129,PHASE3,254,ACTUAL,2014-07,2017-04-21,OTHER,1,18,1
NCT01108731,PHASE2|PHASE3,37,ACTUAL,2010-03,2014-01,OTHER,1,1,1
NCT05725031,PHASE3,75,ACTUAL,2023-04-01,2024-02-01,OTHER,1,1,1
NCT00393731,PHASE2,540,ESTIMATED,2004-01,2007-08,OTHER,1,1,1
NCT04750902,PHASE2,2000,ACTUAL,2021-01-21,2024-02-29,INDUSTRY,1,9,2
NCT02974153,PHASE3,1121,ACTUAL,2016-11,2017-11,INDUSTRY,1,144,13
NCT00087737,PHASE3,369,ACTUAL,,2005-05,INDUSTRY,1,0,0
NCT02181972,PHASE3,120,ACTUAL,2002-05,2002-11,INDUSTRY,1,0,0
NCT01785472,PHASE3,1438,ACTUAL,2013-04,2014-08,INDUSTRY,1,50,7
NCT02927145,PHASE1|PHASE2,88,ACTUAL,2016-10-17,2019-06-27,OTHER,1,2,1
NCT01343745,PHASE2,18,ACTUAL,2008-02,2008-08,INDUSTRY,1,1,1
NCT00204672,PHASE2|PHASE3,36,,2000-10,,OTHER,1,1,1
NCT01544595,PHASE3,1147,ACTUAL,2012-06-19,2017-06-26,INDUSTRY,1,182,26
NCT02819739,PHASE3,330,ACTUAL,2014-11-11,2018-10-10,OTHER,1,2,1
NCT00152477,PHASE2,165,ACTUAL,2005-08-15,2009-06-25,INDUSTRY,2,21,3
NCT02158975,PHASE2,13,ACTUAL,2014-09,2016-10,OTHER,1,1,1
NCT02846675,PHASE1|PHASE2,50,ACTUAL,2014-11-01,2017-07-31,OTHER,1,1,1
NCT00195780,PHASE3,227,ACTUAL,2005-02,,INDUSTRY,1,29,1
NCT04230980,PHASE3,74,ACTUAL,2020-07-28,2022-11-28,OTHER,1,1,1
NCT03434379,PHASE3,558,ACTUAL,2018-03-15,2020-08-31,INDUSTRY,1,119,17
NCT01701596,PHASE1|PHASE2,198,ACTUAL,2004-08,2013-06,OTHER,1,1,1
NCT01960296,PHASE2,48,ACTUAL,2012-01,2013-05,OTHER,1,1,1
NCT01349062,PHASE3,1000,ACTUAL,2012-02-27,2017-02-27,OTHER,1,3,1
NCT02439996,PHASE3,404,ACTUAL,2014-01,2016-03,OTHER,1,1,1
NCT01610596,PHASE2,72,ACTUAL,2011-11,2012-02,INDUSTRY,2,3,1
NCT06074562,PHASE2,405,ACTUAL,2023-10-05,2025-06-11,INDUSTRY,1,70,5
NCT01042288,PHASE2,70,ACTUAL,2010-06,2014-12,OTHER,1,13,1
NCT04164888,PHASE2,49,ACTUAL,2019-11-11,2020-06-18,INDUSTRY,1,7,1
NCT00047203,PHASE2,35,ACTUAL,2002-09,2006-09,NIH,4,1,1
NCT01745003,PHASE1|PHASE2,13,ACTUAL,2012-03,2013-09,OTHER,1,1,1
NCT03485027,PHASE2,43,ACTUAL,2018-01-24,2022-12-24,OTHER,2,1,1
NCT00124527,PHASE2,35,,2005-03-31,2006-08-31,INDUSTRY,1,10,6
NCT00298727,PHASE3,131,ACTUAL,2007-01,2010-12,OTHER,2,1,1
NCT04380961,PHASE2,212,ACTUAL,2020-04-24,2021-04-09,INDUSTRY,1,16,1
NCT00533442,PHASE2,170,ACTUAL,2000-09,2016-05,OTHER,1,1,1
NCT03197870,PHASE2,167,ACTUAL,2017-06-09,2019-01-09,INDUSTRY,1,53,1
NCT04337970,PHASE1|PHASE2,23,ACTUAL,2020-04-06,2025-05-23,OTHER,4,7,1
NCT02176369,PHASE2,120,ACTUAL,2013-02,2018-10-27,OTHER,2,20,1
NCT03212469,PHASE1|PHASE2,54,ACTUAL,2017-06-20,2025-02-24,OTHER,3,1,1
NCT00375583,PHASE2,1000,ESTIMATED,2006-09-09,2011-04-28,NIH,2,1,1
NCT05903183,PHASE2,264,ACTUAL,2023-05-15,2023-06-05,INDUSTRY,1,10,1
NCT02395705,PHASE3,528,ESTIMATED,2015-06,2022-10,OTHER_GOV,1,9,1
NCT00454805,PHASE2,75,ACTUAL,2007-03,2008-12,INDUSTRY,1,16,3
NCT02021656,PHASE3,384,ACTUAL,2013-12-10,2017-07-08,INDUSTRY,1,45,3
NCT02043522,PHASE3,30,ACTUAL,2013-12,2015-11,OTHER,2,1,1
NCT03121222,PHASE2,36,ACTUAL,2015-11-01,2016-02-15,OTHER,1,3,2
NCT06707051,PHASE2|PHASE3,100,ACTUAL,2022-01-01,2023-12-31,OTHER,10,1,1
NCT02987829,PHASE1|PHASE2,72,ACTUAL,2017-05-23,2019-10-06,INDUSTRY,2,5,1
NCT03659929,PHASE3,320,ACTUAL,2018-09-18,2019-04-12,INDUSTRY,1,31,1
NCT00133731,PHASE2,947,ACTUAL,2004-09,,INDUSTRY,1,89,10
NCT00253331,PHASE2|PHASE3,36,,2004-11,,INDUSTRY,3,2,1
NCT00478231,PHASE3,209,ACTUAL,2007-07,2010-08,INDUSTRY,2,16,1
NCT04385602,PHASE2|PHASE3,60,ACTUAL,2020-06-01,2022-10-01,OTHER,2,1,1
NCT00512902,PHASE1|PHASE2,20,ACTUAL,2007-08,2008-11,OTHER,2,1,1
NCT00444353,PHASE3,240,,2004-08,,INDUSTRY,1,1,1
NCT03481972,PHASE3,102,ACTUAL,2018-04-11,2023-01-18,OTHER,1,1,1
NCT05300672,PHASE3,207,ACTUAL,2022-02-08,2024-12-31,OTHER_GOV,2,1,1
NCT00333372,PHASE2,440,,2006-04,,INDUSTRY,1,1,1
NCT01782339,PHASE2,45,ACTUAL,2012-05-01,2021-05-05,OTHER,1,1,1
NCT02527096,PHASE2,110,ACTUAL,2015-09-17,2017-03,OTHER_GOV,1,18,1
NCT01289496,PHASE2,13,ACTUAL,2011-02,2013-08,OTHER,1,1,1
NCT03382262,PHASE2,55,ACTUAL,2017-12-18,2018-10-09,INDUSTRY,2,6,1
NCT02045862,PHASE3,1829,ACTUAL,2014-03-17,2016-09-08,INDUSTRY,4,251,32
NCT00633542,PHASE3,103,ACTUAL,2003-06,2007-09,OTHER,1,1,1
NCT01711970,PHASE1|PHASE2,38,ESTIMATED,2012-11,2017-05-03,INDUSTRY,1,1,1
NCT00735969,PHASE2,21,ACTUAL,2008-08,2013-06,NIH,1,1,1
NCT00421083,PHASE3,180,,2004-09,,INDUSTRY,2,1,1
NCT03867383,PHASE1|PHASE2,40,ACTUAL,2019-03-15,2021-07-30,OTHER,3,1,1
NCT01290341,PHASE3,860,ACTUAL,2011-02,2011-11,INDUSTRY,1,23,1
NCT05234554,PHASE3,131,ACTUAL,2022-01-21,2023-04-22,INDUSTRY,1,1,1
NCT02189005,PHASE3,210,ACTUAL,2013-11,2014-11,INDUSTRY,4,6,1
NCT01668966,PHASE3,23,ACTUAL,2013-12-09,2016-05-11,INDUSTRY,1,6,1
NCT00484029,PHASE2,100,ACTUAL,2007-02,2008-10,INDUSTRY,3,1,1
NCT00082329,PHASE2,9,ACTUAL,2004-06-18,2012-10-25,NIH,1,1,1
NCT05742802,PHASE3,1713,ACTUAL,2023-03-06,2026-02-26,INDUSTRY,1,335,37
NCT05573672,PHASE2,50,ACTUAL,2022-08-12,2023-11-30,OTHER,1,1,1
NCT00683137,PHASE3,450,ACTUAL,2002-10,,INDUSTRY,2,89,1
NCT02113072,PHASE3,60,ACTUAL,2014-04,2014-08,OTHER,2,1,1
NCT00161772,PHASE2,,,2002-03,,INDUSTRY,1,23,2
NCT03735095,PHASE1|PHASE2,19,ACTUAL,2020-02-12,2024-07-26,OTHER,8,1,1
NCT02258295,PHASE3,35,ACTUAL,2017-01-18,2019-09-01,OTHER,1,1,1
NCT05321979,PHASE3,253,ACTUAL,2022-02-07,2023-05-30,INDUSTRY,1,1,1
NCT01164579,PHASE2,109,ACTUAL,2010-10,2013-11,INDUSTRY,1,40,9
NCT02352896,PHASE2,30,ACTUAL,2014-01-31,2023-10-30,INDUSTRY,1,4,1
NCT00571662,PHASE2,76,ACTUAL,2000-12-08,2008-12-30,OTHER,9,1,1
NCT02196688,PHASE2,71,ACTUAL,2014-04,2015-04,INDUSTRY,1,5,1
NCT00721188,PHASE2,11,ACTUAL,2006-01,2008-07,INDUSTRY,1,1,1
NCT01187303,PHASE2,28,ACTUAL,2011-05,2013-11,OTHER,1,1,1
NCT01095003,PHASE3,770,ACTUAL,2009-05,2011-12,INDUSTRY,1,110,21
NCT00422461,PHASE2,135,ACTUAL,2007-02-27,2008-01-28,INDUSTRY,1,20,1
NCT04605861,PHASE3,414,ACTUAL,2020-08-18,2022-12-31,OTHER,2,1,1
NCT04675242,PHASE2,224,ACTUAL,2020-12-14,2021-06-16,INDUSTRY,1,1,1
NCT00520286,PHASE2,210,ACTUAL,2007-12,2009-12,NIH,1,8,1
NCT02192970,PHASE2,101,ACTUAL,2015-01-21,2019-11-11,OTHER,2,1,1
NCT02354586,PHASE2,463,ACTUAL,2015-03-23,2018-02-28,INDUSTRY,2,55,2
NCT02607254,PHASE2,11,ACTUAL,2015-09,2018-07,OTHER,1,1,1
NCT00000605,PHASE3,,,1996-08,,NIH,6,0,0
NCT00271505,PHASE2,43,ACTUAL,2005-12-05,2017-07-27,OTHER,1,2,1
NCT04159805,PHASE2,36,ACTUAL,2020-01-14,2022-07-12,INDUSTRY,1,50,6
NCT00477594,PHASE2,21,ACTUAL,2007-05,2011-03,INDUSTRY,14,5,1
NCT00507494,PHASE3,,,2007-07,2009-09,OTHER,3,1,1
NCT00162266,PHASE2,524,ACTUAL,2000-10,2009-09,INDUSTRY,1,57,11
NCT00844922,PHASE2,16,ACTUAL,2005-09,2006-06,INDUSTRY,3,0,0
NCT01675622,PHASE3,242,ACTUAL,2011-01,2012-06,INDUSTRY,1,0,0
NCT02927951,PHASE3,44,ACTUAL,2011-01,2013-12,OTHER,2,2,1
NCT03973151,PHASE1|PHASE2,42,ACTUAL,2017-09-01,2021-01-18,INDUSTRY,1,2,1
NCT02948829,PHASE2,200,ACTUAL,2017-04-03,2017-10-16,INDUSTRY,1,2,2
NCT01026831,PHASE3,643,ACTUAL,2010-01-06,2010-09-17,INDUSTRY,2,0,0
NCT01106131,PHASE3,253,ACTUAL,2010-05,2012-04,INDUSTRY,1,1,1
NCT03456102,PHASE2,16,ACTUAL,2020-03-09,2022-08-31,OTHER,1,1,1
NCT00252902,PHASE1|PHASE2,75,ESTIMATED,2005-12,2006-12,NIH,1,1,1
NCT05890053,PHASE3,301,ACTUAL,2022-02-17,2023-07-30,INDUSTRY,1,24,1
NCT01197053,PHASE2,60,ACTUAL,2010-08,2015-02,OTHER,1,1,1
NCT00511953,PHASE2,108,ESTIMATED,2007-06,2007-12,INDUSTRY,1,8,1
NCT03482037,PHASE1|PHASE2,42,ACTUAL,2018-06-07,2019-03-27,INDUSTRY,1,9,4
NCT00844545,PHASE2,16,ACTUAL,2009-05,2010-09,INDUSTRY,1,17,5
NCT01923545,PHASE2,61,ACTUAL,2010-07,2011-05,INDUSTRY,1,1,1
NCT06438172,PHASE3,249,ACTUAL,2024-03-25,2024-12-02,INDUSTRY,1,1,1
NCT01119846,PHASE2,100,ACTUAL,2009-06-05,2010-03-19,INDUSTRY,1,7,1
NCT04216888,PHASE2|PHASE3,9,ACTUAL,2019-06-26,2020-12-28,OTHER,1,1,1
NCT02117661,PHASE2,177,ACTUAL,2015-01,2017-07,OTHER,1,2,1
NCT02199561,PHASE1|PHASE2,3,ACTUAL,2014-07,2016-12,OTHER,1,1,1
NCT00516503,PHASE3,208,ACTUAL,2008-02,2009-04,OTHER,10,165,1
NCT00856986,PHASE3,987,ACTUAL,2009-03,2010-04,INDUSTRY,2,233,10
NCT01826773,PHASE2,34,ACTUAL,2013-03,2016-07,INDUSTRY,1,5,1
NCT00463073,PHASE2,32,ACTUAL,2006-08,2008-12,OTHER,1,3,1
NCT01191086,PHASE3,210,ACTUAL,2010-10,2014-05,INDUSTRY,1,68,15
NCT03483870,PHASE2,80,ACTUAL,2018-06-01,2020-10-01,OTHER,1,1,1
NCT05686070,PHASE3,12327,ACTUAL,2023-01-26,2025-10-23,INDUSTRY,3,741,37
NCT00847769,PHASE1|PHASE2,27,ACTUAL,2008-12,2011-08,OTHER,1,1,1
NCT06168383,PHASE2,186,ACTUAL,2024-01-05,2025-12-12,INDUSTRY,1,1,1
NCT00005583,PHASE3,400,ESTIMATED,2000-01,,OTHER,1,23,11
NCT03977454,PHASE2,192,ACTUAL,2019-11-11,2021-06-19,OTHER,1,1,1
NCT00779454,PHASE2,72,ACTUAL,2008-09,2016-03,OTHER,1,1,1
NCT04706741,PHASE2,7,ACTUAL,2022-01-06,2022-08-25,INDUSTRY,1,4,1
NCT00507741,PHASE2,49,ACTUAL,2007-08,2009-04,INDUSTRY,2,0,0
NCT04909905,PHASE3,60,ACTUAL,2021-05-30,2021-10-25,OTHER,1,1,1
NCT00509405,PHASE3,202,ACTUAL,2007-07,2010-05,OTHER,1,1,1
NCT00332605,PHASE2,45,ACTUAL,2006-06,2009-12,OTHER,1,1,1
NCT02343094,PHASE2|PHASE3,26,ACTUAL,2015-02,2015-12,OTHER,1,1,1
NCT03253094,PHASE2,186,ACTUAL,2017-08-01,2018-05-04,INDUSTRY,1,25,1
NCT00903266,PHASE3,30,ESTIMATED,2008-02,2020-05,OTHER,5,1,1
NCT01112722,PHASE3,363,ACTUAL,2013-12,2016-11,INDUSTRY,1,15,1
NCT00302822,PHASE3,195,ACTUAL,2006-04,2009-12,OTHER_GOV,2,1,1
NCT00977951,PHASE1|PHASE2,20,ACTUAL,2002-09,2003-09,INDUSTRY,2,1,1
NCT00078351,PHASE2,60,,2004-02,,NIH,1,1,1
NCT01585051,PHASE3,51,ACTUAL,2009-01,2010-06,OTHER,1,1,1
NCT00019929,PHASE2,,,2000-08,,NIH,1,2,1
NCT02868229,PHASE1|PHASE2,61,ACTUAL,2016-09-12,2018-12-11,INDUSTRY,1,12,1
NCT01034553,PHASE1|PHASE2,26,ACTUAL,2010-02,2014-09,OTHER,1,6,1
NCT04369937,PHASE2,18,ACTUAL,2020-07-06,2025-03-12,OTHER,2,1,1
NCT00705445,PHASE2|PHASE3,2745,ACTUAL,2008-11,2011-06,OTHER,4,2,1
NCT01898091,PHASE2,50,ACTUAL,2013-07,2015-04,OTHER,1,1,1
NCT00829374,PHASE3,1003,ACTUAL,2009-03,2011-12,INDUSTRY,1,101,10
NCT01000974,PHASE3,4003,ACTUAL,2010-06-18,2011-11-18,INDUSTRY,1,63,1
NCT06134804,PHASE3,959,ACTUAL,2023-10-24,2024-02-19,INDUSTRY,1,41,4
NCT03980184,PHASE2,74,ACTUAL,2019-11-01,2022-11-30,OTHER,1,1,1
NCT00107484,PHASE2,3,ACTUAL,2005-09,2006-10,OTHER,1,1,1
NCT00468052,PHASE3,122,ACTUAL,2007-03,2008-05,OTHER,1,1,1
NCT02709252,PHASE2,50,ACTUAL,2011-01,2013-12,OTHER,1,1,1
NCT00413452,PHASE3,224,ACTUAL,2006-12,2007-08,INDUSTRY,1,0,0
NCT03492047,PHASE1|PHASE2,75,ACTUAL,2018-04-01,2019-04-01,OTHER,1,1,1
NCT01668147,PHASE1|PHASE2,13,ACTUAL,2012-08,2016-06,OTHER,1,1,1
NCT03053947,PHASE2,42,ACTUAL,2017-02-16,2019-11-27,OTHER,1,2,1
NCT00031447,PHASE3,29,ACTUAL,1999-08,2008-02,NIH,1,28,2
NCT00555347,PHASE2|PHASE3,20,ACTUAL,2007-10,2010-08,OTHER,3,1,1
NCT04973449,PHASE2|PHASE3,2843,ACTUAL,2021-06-27,2022-02-04,INDUSTRY,2,35,4
NCT00388258,PHASE3,451,,2001-03-01,2002-12-01,INDUSTRY,1,1,1
NCT02580058,PHASE3,566,ACTUAL,2015-12-21,2018-09-19,INDUSTRY,1,295,25
NCT02962648,PHASE3,103,ACTUAL,2017-01-09,2018-06-12,INDUSTRY,2,22,1
NCT04807348,PHASE3,533,ACTUAL,2021-07-06,2023-02-10,INDUSTRY,1,50,1
NCT00616148,PHASE2,11,ACTUAL,2007-08,2009-01,INDUSTRY,1,4,1
NCT01129648,PHASE2,87,ACTUAL,2010-05,2010-11,INDUSTRY,1,18,1
NCT04315948,PHASE3,1552,ACTUAL,2020-03-22,2022-07-09,OTHER_GOV,1,62,7
NCT00318448,PHASE3,201,ACTUAL,2006-04,2006-08,INDUSTRY,1,2,2
NCT02540655,PHASE2,56,ACTUAL,2015-09,2021-02-26,INDUSTRY,1,1,1
NCT00405678,PHASE1|PHASE2,23,ACTUAL,2006-09,2010-02,OTHER,1,1,1
NCT01393626,PHASE2,280,ACTUAL,2011-10,2015-02,INDUSTRY,1,140,18
NCT02142985,PHASE2,88,ACTUAL,2014-04,2015-04,OTHER,1,1,1
NCT00031343,PHASE2,128,,2002-02,,NIH,2,1,1
NCT01113515,PHASE1|PHASE2,44,ACTUAL,2014-02-20,2015-06-27,INDUSTRY,1,5,3
NCT03123276,PHASE1|PHASE2,25,ACTUAL,2017-11-29,2022-05-20,OTHER,1,1,1
NCT01022476,PHASE1|PHASE2,14,ACTUAL,2010-05,2013-05,OTHER_GOV,3,1,1
NCT01018017,PHASE2,86,ACTUAL,2010-03-03,2010-12-25,INDUSTRY,1,1,1
NCT01439490,PHASE2,15,ACTUAL,2011-08,2014-02,OTHER,1,1,1
NCT03559413,PHASE1|PHASE2,30,ESTIMATED,2016-06,2022-03,OTHER,1,5,1
NCT02351713,PHASE2,42,ACTUAL,2014-05,2015-01,OTHER,1,0,0
NCT00894413,PHASE2,45,ACTUAL,2007-05-08,2012-03,OTHER,1,1,1
NCT00643760,PHASE2,421,ACTUAL,2008-03,2009-02,INDUSTRY,1,90,1
NCT02185820,PHASE1|PHASE2,57,ACTUAL,2014-06,2015-07,NETWORK,1,1,1
NCT00946920,PHASE3,859,ACTUAL,2009-06,2011-03,INDUSTRY,1,126,14
NCT01850524,PHASE3,705,ACTUAL,2013-04-29,2019-12-02,INDUSTRY,1,147,7
NCT02413580,PHASE3,49,ACTUAL,2015-03,2018-04,INDUSTRY,1,31,12
NCT00378079,PHASE3,211,ACTUAL,2003-09,2008-01,OTHER,1,1,1
NCT03833362,PHASE3,420,ACTUAL,2014-05-07,2016-03-23,INDUSTRY,1,20,1
NCT02303262,PHASE2,20,ACTUAL,2015-11-12,2016-12,OTHER,1,5,1
NCT00177762,PHASE1|PHASE2,200,,1999-09,,OTHER,2,1,1
NCT00461162,PHASE1|PHASE2,125,ACTUAL,2007-01,2011-08,OTHER,1,2,1
NCT03653546,PHASE2|PHASE3,492,ACTUAL,2018-10-29,2022-07-12,INDUSTRY,3,58,4
NCT00480662,PHASE3,60,ACTUAL,2001-10,2002-10,INDUSTRY,1,0,0
NCT00001662,PHASE2,40,,1996-12,,NIH,2,1,1
NCT01611727,PHASE2,20,ACTUAL,2007-07,2009-01,OTHER,2,1,1
NCT05680727,PHASE2,40,ACTUAL,2023-07-15,2025-03-17,OTHER,5,1,1
NCT01510327,PHASE3,22,ACTUAL,2009-10,2010-02,INDUSTRY,1,5,2
NCT00759161,PHASE2,35,ACTUAL,2007-11,2008-03,INDUSTRY,1,1,1
NCT04919642,PHASE2,55,ACTUAL,2021-12-07,2024-02-28,INDUSTRY,5,32,1
NCT01282073,PHASE3,43,ACTUAL,2011-03,2016-05,OTHER,1,9,1
NCT02085070,PHASE2,65,ACTUAL,2014-03,2020-02-27,OTHER,3,1,1
NCT01763918,PHASE3,331,ACTUAL,2013-02-07,2013-11-27,INDUSTRY,1,39,14
NCT01529190,PHASE2,40,ACTUAL,2011-03,2011-12,OTHER,1,1,1
NCT01676818,PHASE2,32,ACTUAL,2012-08-09,2021-02-21,OTHER,5,1,1
NCT00111618,PHASE2,70,ESTIMATED,2005-05,2007-06,INDUSTRY,1,27,1
NCT02789813,PHASE2,100,ACTUAL,2016-07,2018-06-30,OTHER,1,1,1
NCT04819113,PHASE3,149,ACTUAL,2021-04-09,2022-09-09,INDUSTRY,1,16,3
NCT00315120,PHASE3,455,ACTUAL,2006-08,2011-01,OTHER,1,1,1
NCT01577082,PHASE3,542,ACTUAL,2012-04-20,2012-11-29,INDUSTRY,1,66,9
NCT02979223,PHASE2,142,ACTUAL,2016-11,2017-06,OTHER_GOV,3,1,1
NCT05763823,PHASE3,120,ACTUAL,2023-03-24,2024-04-18,INDUSTRY,1,21,1
NCT03347279,PHASE3,1061,ACTUAL,2017-11-23,2020-09-08,INDUSTRY,1,289,18
NCT03322462,PHASE2,155,ACTUAL,2017-11-21,2018-08-31,INDUSTRY,1,10,2
NCT00611962,PHASE2,27,ACTUAL,2000-12,,INDUSTRY,1,1,1
NCT03026062,PHASE2,100,ACTUAL,2017-05-18,2025-09-11,OTHER,9,1,1
NCT01303146,PHASE2,1,ACTUAL,2008-10,2010-03,OTHER,1,1,1
NCT06144788,PHASE2,161,ACTUAL,2023-11-03,2024-12-23,INDUSTRY,1,1,1
NCT02356588,PHASE3,161,ACTUAL,2015-02,2015-06,INDUSTRY,1,4,1
NCT01528488,PHASE2|PHASE3,118,ACTUAL,2011-12,2013-06,OTHER,1,1,1
NCT03137888,PHASE2,30,ACTUAL,2017-09-20,2024-09-09,OTHER,2,3,1
NCT00492427,PHASE3,187,ACTUAL,2007-06,2008-01,INDUSTRY,1,6,1
NCT02720627,PHASE2,27,ACTUAL,2016-10-28,2018-03-21,INDUSTRY,1,10,2
NCT00747227,PHASE3,250,ACTUAL,2006-12,2009-03,INDUSTRY,1,11,1
NCT02494570,PHASE2,34,ACTUAL,2015-10,2021-11,INDUSTRY,1,9,1
NCT01792570,PHASE3,37,ACTUAL,2014-09-30,2018-12-31,OTHER,1,12,1
NCT01620970,PHASE2,14,ACTUAL,2012-03-01,2013-06-01,OTHER,1,1,1
NCT00002470,PHASE2,,,1990-09,,OTHER,2,1,1
NCT03177070,PHASE2,50,ACTUAL,2016-05-09,2017-05-02,OTHER,3,1,1
NCT00282269,PHASE2|PHASE3,50,ESTIMATED,2006-11,2010-06,OTHER,1,7,2
NCT01306669,PHASE3,2116,ACTUAL,2011-03-03,2013-05,OTHER,1,1,1
NCT01763710,PHASE2,60,ACTUAL,2012-12,2015-12,NETWORK,1,10,1
NCT00364260,PHASE3,172,ACTUAL,1997-12,,INDUSTRY,3,0,0
NCT00323882,PHASE1|PHASE2,75,ACTUAL,2006-01,2009-09,INDUSTRY,2,14,1
NCT00476424,PHASE2,28,ACTUAL,2007-06,2008-03,OTHER,1,1,1
NCT01658124,PHASE3,12009,ACTUAL,2013-07,2019-07-19,OTHER,1,1,1
NCT00620724,PHASE2,109,ACTUAL,2008-01,2012-06,OTHER,1,1,1
NCT01498224,PHASE3,488,ACTUAL,2011-12,2012-11,INDUSTRY,1,1,1
NCT01430624,PHASE1|PHASE2,245,ACTUAL,2009-05,2013-12,OTHER,3,2,1
NCT04437823,PHASE2,5,ACTUAL,2020-06-01,2021-10-31,OTHER,1,1,1
NCT02304523,PHASE3,310,ACTUAL,2015-01,2015-08,INDUSTRY,2,4,1
NCT02708680,PHASE1|PHASE2,89,ACTUAL,2016-05,2021-03-31,INDUSTRY,1,29,2
NCT00826280,PHASE3,347,ACTUAL,2009-03-24,2010-07-15,INDUSTRY,1,25,1
NCT00522379,PHASE3,514,ACTUAL,2007-07,2011-07,INDUSTRY,1,77,5
NCT01689662,PHASE2,40,ACTUAL,2002-08,,INDUSTRY,1,1,1
NCT00719862,PHASE3,481,ACTUAL,2007-08,2007-11,INDUSTRY,1,34,1
NCT00710762,PHASE2,89,ACTUAL,2006-03,2008-09,INDUSTRY,1,11,1
NCT06068946,PHASE2,176,ACTUAL,2023-08-31,2024-02-27,INDUSTRY,1,20,1
NCT04094662,PHASE3,393,ACTUAL,2019-09-18,2022-01-17,INDUSTRY,1,40,1
NCT04762888,PHASE2,52,ACTUAL,2021-02-24,2025-06-26,OTHER,1,1,1
NCT01599988,PHASE2|PHASE3,24,ACTUAL,2011-10,2012-03,OTHER,1,1,1
NCT00154388,PHASE2,185,ACTUAL,2001-02,2007-01,INDUSTRY,1,0,0
NCT00245388,PHASE2|PHASE3,330,,2002-04,,INDUSTRY,1,54,2
NCT01638403,PHASE3,180,ACTUAL,2010-11,2012-04,OTHER,1,1,1
NCT02060903,PHASE3,379,ACTUAL,2014-02,2014-07,INDUSTRY,1,7,1
NCT04422327,PHASE1|PHASE2,40,ACTUAL,2017-09-20,2018-02-12,INDUSTRY,2,1,1
NCT05960227,PHASE2,120,ACTUAL,2023-01-06,2024-09-30,OTHER,2,2,1
NCT06363461,PHASE2,24,ACTUAL,2024-04-13,2025-03-08,INDUSTRY,1,7,1
NCT00017186,PHASE2,69,ACTUAL,2001-07,2004-08,OTHER,1,24,1
NCT03111186,PHASE2,40,ACTUAL,2017-04-24,2019-05-01,OTHER,5,1,1
NCT00394173,PHASE2,180,ACTUAL,2006-09,2007-10,INDUSTRY,1,43,2
NCT01373073,PHASE3,147,ACTUAL,2011-08,2012-12,INDUSTRY,1,15,1
NCT00199173,PHASE3,,,,2010-01,OTHER,2,1,1
NCT04971473,PHASE3,201,ACTUAL,2021-09-10,2023-07-05,INDUSTRY,1,1,1
NCT02124473,PHASE2,79,ACTUAL,2013-08,2014-01,INDUSTRY,1,2,1
NCT04116073,PHASE2,25,ACTUAL,2020-04-09,2024-08-06,OTHER,2,1,1
NCT02498769,PHASE1|PHASE2,130,ACTUAL,2015-09,2017-09-28,OTHER,1,1,1
NCT03293069,PHASE2|PHASE3,372,ACTUAL,2019-01-30,2023-11-11,OTHER,1,15,1
NCT04812483,PHASE2,2,ACTUAL,2022-09-01,2024-04-11,OTHER,1,6,1
NCT01466790,PHASE2,168,ACTUAL,2012-01,2013-11,INDUSTRY,1,23,2
NCT00037674,PHASE3,434,ACTUAL,2001-01,,INDUSTRY,1,0,0
NCT00048997,PHASE3,356,ACTUAL,2002-09,2008-12,NETWORK,1,14,1
NCT01221597,PHASE3,418,ACTUAL,2010-09,2012-04,INDUSTRY,1,34,2
NCT03761810,PHASE3,434,ACTUAL,2018-12-14,2019-10-23,INDUSTRY,1,1,1
NCT04518410,PHASE2|PHASE3,4044,ACTUAL,2020-08-19,2022-04-07,NIH,2,252,9
NCT03088124,PHASE2,93,ACTUAL,2017-04-28,2024-10-08,OTHER,1,13,1
NCT02677324,PHASE2,33,ACTUAL,2016-05-09,2020-02-14,OTHER,1,4,1
NCT00320359,PHASE3,700,ACTUAL,2002-08,2007-02,INDUSTRY,1,79,2
NCT03345979,PHASE3,200,ACTUAL,2017-11-15,2019-03-12,INDUSTRY,1,16,1
NCT00062296,PHASE2,5,ACTUAL,2003-03,2005-08,OTHER,2,1,1
NCT02246296,PHASE2|PHASE3,842,ACTUAL,2014-12,2015-12,OTHER,3,3,2
NCT02753088,PHASE3,158,ACTUAL,2013-10,2015-11,INDUSTRY,1,0,0
NCT01397461,PHASE3,465,ACTUAL,2012-03,2012-12,INDUSTRY,1,19,2
NCT00003061,PHASE2,50,ESTIMATED,1997-07,2002-03,NETWORK,1,7,3
NCT02061761,PHASE1|PHASE2,106,ACTUAL,2014-03-13,2022-02-16,INDUSTRY,1,10,2
NCT03030170,PHASE3,207,ACTUAL,2017-06-28,2020-12-14,OTHER,1,7,1
NCT04851873,PHASE3,24,ACTUAL,2021-09-08,2023-06-13,INDUSTRY,1,13,9
NCT06168773,PHASE2|PHASE3,135,ACTUAL,2022-11-01,2023-10-24,OTHER,1,1,1
NCT00269269,PHASE2,,,2002-09,2007-07,NIH,3,0,0
NCT00785174,PHASE3,200,ACTUAL,2005-01,2008-06,OTHER,1,0,0
NCT00757874,PHASE2,56,ACTUAL,2006-04,2009-11,OTHER,1,1,1
NCT03588910,PHASE2,120,ACTUAL,2018-08-08,2019-07-04,OTHER,1,1,1
NCT01489813,PHASE2,36,ACTUAL,2017-05-19,2023-08-31,OTHER,1,3,1
NCT00166413,PHASE2,38,ESTIMATED,2005-04,2006-12,OTHER,1,1,1
NCT02265913,PHASE3,4076,ACTUAL,2014-10-06,2016-04-27,INDUSTRY,1,1,1
NCT00451360,PHASE3,500,,1993-03,,INDUSTRY,1,25,1
NCT00771160,PHASE3,120,ACTUAL,2004-09,2005-02,INDUSTRY,1,0,0
NCT03681860,PHASE1|PHASE2,72,ACTUAL,2019-07-01,2021-05-24,OTHER,2,2,2
NCT05599282,PHASE2,120,ACTUAL,2022-10-26,2024-01-08,OTHER,2,1,1
NCT02560324,PHASE2,140,ACTUAL,2015-09,2018-08,OTHER,1,1,1
NCT02301624,PHASE3,117,ACTUAL,2014-11-12,2019-01-15,INDUSTRY,1,60,17
NCT05420324,PHASE2,20,ACTUAL,2022-06-13,2024-03-04,INDUSTRY,1,12,1
NCT00921024,PHASE2,129,ACTUAL,2009-06-30,2010-02-25,INDUSTRY,1,21,3
NCT02234323,PHASE3,108,ACTUAL,2015-01-12,2019-09-23,INDUSTRY,1,71,14
NCT00553280,PHASE3,123,ACTUAL,2008-02,2010-01,INDUSTRY,1,27,1
NCT03098979,PHASE2,305,ACTUAL,2017-05-10,2018-05-23,INDUSTRY,1,76,12
NCT00001996,PHASE2,,,,,INDUSTRY,2,20,1
NCT00109096,PHASE2,100,ESTIMATED,2005-06,,INDUSTRY,2,21,4
NCT04673162,PHASE3,260,ACTUAL,2020-12-17,2021-04-21,OTHER_GOV,1,20,1
NCT02564588,PHASE2|PHASE3,319,ACTUAL,2015-10,2016-10,INDUSTRY,1,43,1
NCT02980003,PHASE3,240,ACTUAL,2015-03,2020-10-30,OTHER,2,1,1
NCT05896761,PHASE3,118,ACTUAL,2021-10-28,2022-08-23,INDUSTRY,1,32,7
NCT00220961,PHASE3,602,ACTUAL,2004-01,2010-04,OTHER,2,8,1
NCT00324727,PHASE3,93,ACTUAL,2006-02,2012-08,INDUSTRY,3,12,1
NCT05925127,PHASE2|PHASE3,994,ACTUAL,2023-10-16,2024-05-21,INDUSTRY,1,50,1
NCT06009627,PHASE2|PHASE3,119,ACTUAL,2023-04-11,2025-03-11,OTHER,1,1,1
NCT03179761,PHASE2,124,ACTUAL,2017-10-09,2022-02-15,OTHER,1,4,1
NCT03493061,PHASE2,60,ACTUAL,2018-02-01,2020-12-30,OTHER,2,1,1
NCT00426842,PHASE2,11,ACTUAL,2007-01,2011-03,FED,2,1,1
NCT07079670,PHASE3,676,ACTUAL,2025-10-09,2026-01-12,INDUSTRY,2,10,1
NCT03088813,PHASE3,491,ACTUAL,2018-04-25,2022-02-08,INDUSTRY,1,118,18
NCT05141760,PHASE2,150,ACTUAL,2022-02-10,2023-06-15,OTHER,1,1,1
NCT03287960,PHASE3,15,ACTUAL,2018-01-30,2020-09-25,INDUSTRY,1,6,6
NCT01676220,PHASE3,878,ACTUAL,2012-08,2013-09,INDUSTRY,1,217,16
NCT01728220,PHASE2,159,ACTUAL,2012-12,2014-06,INDUSTRY,2,43,1
NCT00293020,PHASE3,244,ACTUAL,2006-02,2008-06,INDUSTRY,2,1,1
NCT00472420,PHASE2,48,ACTUAL,2007-06-27,2011-05-25,INDUSTRY,1,7,1
NCT00511420,PHASE3,113,ACTUAL,2005-04,,OTHER,1,1,1
NCT00376220,PHASE2,94,ACTUAL,2004-05,2010-05,OTHER,1,1,1
NCT01781520,PHASE1|PHASE2,47,ACTUAL,2013-06-01,2016-05-30,OTHER,1,1,1
NCT00618982,PHASE2,83,ACTUAL,2008-02,2009-04,INDUSTRY,1,22,5
NCT02536482,PHASE2,15,ACTUAL,2013-08,2015-02,INDUSTRY,1,0,0
NCT02145182,PHASE2|PHASE3,288,ACTUAL,2014-08-21,2016-11-22,INDUSTRY,1,78,9
NCT01064024,PHASE3,233,ACTUAL,2009-12,2010-12,INDUSTRY,2,1,1
NCT00000823,PHASE2,85,,,,NIH,1,22,1
NCT05626023,PHASE1|PHASE2,9,ACTUAL,2022-01-30,2023-08-30,INDUSTRY,2,1,1
NCT01869296,PHASE2,132,ACTUAL,2013-05,2015-06,OTHER,1,1,1
NCT03999996,PHASE3,365,ACTUAL,2019-11-12,2024-05-25,INDUSTRY,1,10,2
NCT04193527,PHASE3,172,ACTUAL,2020-06-28,2021-12-20,INDUSTRY,5,10,1
NCT00063427,PHASE2,45,ACTUAL,,2004-02,INDUSTRY,3,0,0
NCT02301988,PHASE2,151,ACTUAL,2015-02-17,2017-08-02,INDUSTRY,1,42,3
NCT00278161,PHASE2,94,ACTUAL,2005-01,2009-12,OTHER,2,1,1
NCT00562861,PHASE2|PHASE3,119,ACTUAL,2007-11,2014-07,OTHER,2,1,1
NCT01080261,PHASE3,60,ACTUAL,2010-02,2011-03,INDUSTRY,2,15,1
NCT00652561,PHASE2,57,ACTUAL,2005-02,2007-11,INDUSTRY,1,0,0
NCT01197261,PHASE2,120,ACTUAL,2010-09,2013-03,INDUSTRY,3,5,5
NCT04413890,PHASE2,268,ACTUAL,2019-12-17,2021-01-27,OTHER,2,1,1
NCT01662518,PHASE1|PHASE2,10,ACTUAL,2011-07,2016-01,OTHER,2,1,1
NCT01451918,PHASE2,8,ACTUAL,2011-10,2013-09,OTHER,2,1,1
NCT07000760,PHASE3,270,ACTUAL,2025-06-06,2026-01-23,OTHER,1,2,1
NCT05772520,PHASE2,82,ACTUAL,2023-01-19,2024-12-01,INDUSTRY,1,35,1
NCT02821182,PHASE2,20,ACTUAL,2016-09-01,2018-09-09,OTHER,1,1,1
NCT02652923,PHASE1|PHASE2,98,ACTUAL,2016-01-01,2022-01-12,OTHER,1,1,1
NCT05623059,PHASE1|PHASE2,18,ACTUAL,2023-03-03,2025-04-24,OTHER,2,2,1
NCT01196559,PHASE2,44,ACTUAL,2011-01,2014-10,OTHER,3,4,1
NCT00490659,PHASE2,13,ACTUAL,2003-09,,INDUSTRY,1,1,1
NCT02815280,PHASE3,495,ACTUAL,2016-05,2017-10-13,INDUSTRY,1,36,2
NCT03201796,PHASE2,168,ACTUAL,2016-02-02,2020-05-19,INDUSTRY,1,11,2
NCT02082496,PHASE2,50,ACTUAL,2014-06,2016-04,OTHER,1,1,1
NCT00163488,PHASE3,106,,2005-01,2005-08,INDUSTRY,3,1,1
NCT00936988,PHASE2,45,ACTUAL,2000-11,2005-06,INDUSTRY,1,0,0
NCT00261703,PHASE2|PHASE3,439,ACTUAL,2002-12,2010-07,INDUSTRY,1,2,2
NCT03570827,PHASE2,53,ACTUAL,2018-05-14,2025-05-15,OTHER,6,2,1
NCT05059327,PHASE2,61,ACTUAL,2022-03-03,2025-02-06,INDUSTRY,1,27,8
NCT02461927,PHASE1|PHASE2,65,ACTUAL,2015-01-01,2023-10-30,FED,2,1,1
NCT00131261,PHASE2,25,ACTUAL,2005-01,2007-01,INDUSTRY,1,10,4
NCT00325403,PHASE3,349,ACTUAL,2006-10,2011-04,INDUSTRY,1,77,13
NCT00400842,PHASE3,274,ACTUAL,2007-05,2009-08,INDUSTRY,1,98,1
NCT00000518,PHASE3,,,1985-07,,OTHER,7,0,0
NCT02481297,PHASE2,7,ACTUAL,2015-06-23,2019-08-15,OTHER,3,1,1
NCT03036813,PHASE3,449,ACTUAL,2016-12,2019-10-08,INDUSTRY,1,62,12
NCT00191113,PHASE3,154,ACTUAL,1989-02,2007-12,INDUSTRY,1,14,1
NCT00345813,PHASE2,62,ACTUAL,2003-10,2006-07,OTHER,1,1,1
NCT05590260,PHASE3,4857,ACTUAL,2023-05-30,2025-03-10,NETWORK,1,8,7
NCT01049360,PHASE2,128,ACTUAL,2009-12,2010-08,INDUSTRY,1,20,1
NCT01933360,PHASE2,184,ACTUAL,2013-08,2014-03,OTHER,2,1,1
NCT01210560,PHASE2,25,ACTUAL,2010-10,2011-06,INDUSTRY,1,6,1
NCT02908620,PHASE2,40,ACTUAL,2016-12-07,2017-04-02,INDUSTRY,1,1,1
NCT00382720,PHASE2,275,ACTUAL,2006-09,2010-04,INDUSTRY,1,12,12
NCT03137082,PHASE1|PHASE2,32,ACTUAL,2017-07-12,2021-03-31,OTHER,1,1,1
NCT01709682,PHASE2,154,ACTUAL,2007-11,2012-01,NETWORK,2,1,1
NCT00207324,PHASE3,100,,2004-01,,OTHER,1,1,1
NCT00868023,PHASE2,69,ACTUAL,2009-02,2009-07,INDUSTRY,1,1,1
NCT01047059,PHASE2,40,ACTUAL,2010-01,2012-10,OTHER,1,1,1
NCT04100759,PHASE1|PHASE2,36,ACTUAL,2019-06-11,2019-06-25,OTHER,4,1,1
NCT00919880,PHASE2,148,ACTUAL,2009-07,2010-07,OTHER,1,1,1
NCT00975780,PHASE3,834,ACTUAL,2009-10,2012-12,OTHER,2,1,1
NCT01476696,PHASE2,33,ACTUAL,2011-11,2012-11,INDUSTRY,1,9,1
NCT02649062,PHASE1|PHASE2,31,ACTUAL,2015-12,2017-01,INDUSTRY,1,1,1
NCT04410562,PHASE3,129,ACTUAL,2020-05-13,2021-06-30,OTHER,3,9,1
NCT00136188,PHASE2|PHASE3,100,ACTUAL,2009-08,2011-12,OTHER,1,1,1
NCT02508103,PHASE2|PHASE3,10,ACTUAL,2015-07,2016-06,OTHER,1,1,1
NCT00448903,PHASE3,329,ACTUAL,2007-03,2009-12,INDUSTRY,1,6,6
NCT02194127,PHASE2,195,ACTUAL,1998-11,1999-06,INDUSTRY,1,0,0
NCT02282527,PHASE2|PHASE3,32,ACTUAL,2014-10,2016-01,INDUSTRY,1,6,1
NCT02536742,PHASE2,124,ACTUAL,2016-08-30,2020-08-28,NETWORK,1,19,3
NCT04447040,PHASE2,304,ACTUAL,2020-11-09,2021-04-09,INDUSTRY,1,1,1
NCT02380989,PHASE2,210,ACTUAL,2014-09,2014-11,INDUSTRY,2,3,1
NCT00051168,PHASE3,502,ACTUAL,2006-01,2009-03,INDUSTRY,2,1,1
NCT04381650,PHASE1|PHASE2,161,ACTUAL,2020-08-17,2024-10-29,INDUSTRY,1,52,9
NCT02432040,PHASE2,28,ACTUAL,2013-02,2013-10,NETWORK,1,1,1
NCT04145440,PHASE1|PHASE2,31,ACTUAL,2019-10-15,2022-01-19,INDUSTRY,2,45,9
NCT01154140,PHASE3,343,ACTUAL,2011-01-13,2013-11-30,INDUSTRY,1,249,31
NCT00287040,PHASE3,1686,ACTUAL,2007-09,2009-06,OTHER,1,2,1
NCT06694389,PHASE3,2457,ACTUAL,2024-11-18,2025-11-17,INDUSTRY,2,44,3
NCT00373568,PHASE1|PHASE2,25,,2005-04,,OTHER,1,1,1
NCT01498068,PHASE3,36,ACTUAL,2012-01,2012-04,INDUSTRY,1,5,1
NCT02037191,PHASE3,90,ACTUAL,2014-02,2017-12,OTHER,1,2,1
NCT00886691,PHASE2,150,ACTUAL,2010-12-27,2014-06-27,NETWORK,3,45,1
NCT00287521,PHASE2,87,ACTUAL,2005-11,2006-02,INDUSTRY,2,1,1
NCT03906721,PHASE2,30,ACTUAL,2019-02-20,2021-11-01,OTHER,3,1,1
NCT01138514,PHASE3,1555,ACTUAL,2009-10,2010-10,INDUSTRY,1,0,0
NCT00331916,PHASE3,600,ESTIMATED,2005-11,2007-05,INDUSTRY,1,1,1
NCT00888914,PHASE2,60,ACTUAL,2008-11,2009-01,INDUSTRY,3,4,1
NCT01080716,PHASE1|PHASE2,30,ACTUAL,2010-05,2010-09,FED,3,1,1
NCT05046184,PHASE2,165,ACTUAL,2022-05-05,2025-04-30,OTHER,2,1,1
NCT02984384,PHASE3,12424,ACTUAL,2017-04-24,2022-02-18,OTHER,2,21,2
NCT01585233,PHASE2,60,ACTUAL,2012-04-30,2014-06-30,INDUSTRY,1,13,3
NCT03534947,PHASE2,16,ACTUAL,2019-07-23,2025-03-01,OTHER,4,1,1
NCT00706147,PHASE2|PHASE3,38,ACTUAL,2009-01,2014-12,OTHER,1,2,1
NCT02709538,PHASE3,601,ACTUAL,2016-04,2017-07,INDUSTRY,1,34,1
NCT02673749,PHASE2|PHASE3,377,ACTUAL,2016-02,2016-10,INDUSTRY,1,1,1
NCT02623738,PHASE2|PHASE3,253,ACTUAL,2015-12-06,2017-02-10,INDUSTRY,2,1,1
NCT02543255,PHASE2,76,ACTUAL,2016-09,2021-05-27,OTHER,1,5,1
NCT01890655,PHASE2,367,ACTUAL,2013-08,2016-03,INDUSTRY,1,17,17
NCT04037085,PHASE2,8,ACTUAL,2019-10-09,2021-08-01,OTHER,8,2,1
NCT02012985,PHASE1|PHASE2,28,ACTUAL,2013-12,2015-01,INDUSTRY,1,8,3
NCT00577408,PHASE3,60,ACTUAL,2007-09,2011-08,OTHER,2,1,1
NCT02413008,PHASE2,61,ACTUAL,2015-10-16,2017-02-10,INDUSTRY,1,6,2
NCT00860808,PHASE2,248,ACTUAL,2009-03,2011-05,INDUSTRY,1,1,1
NCT03510325,PHASE3,762,ACTUAL,2019-02-12,2023-09-27,OTHER,1,7,1
NCT00688376,PHASE3,72,ACTUAL,2008-07-02,2009-05-26,INDUSTRY,1,31,10
NCT03953976,PHASE2,67,ACTUAL,2019-07-23,2022-11-15,OTHER,1,1,1
NCT04967417,PHASE2,13,ACTUAL,2022-05-26,2024-06-30,OTHER,1,1,1
NCT02393417,PHASE2,243,ACTUAL,2015-03,2018-01,INDUSTRY,1,15,1
NCT02366052,PHASE2,42,ACTUAL,2015-02-01,2017-05-10,OTHER,2,2,1
NCT00088452,PHASE3,453,ACTUAL,2004-07,2013-01,OTHER,4,31,1
NCT02593552,PHASE1|PHASE2,12,ACTUAL,2011-09,2014-07,OTHER,1,0,0
NCT00076752,PHASE2,9,ACTUAL,2004-01-30,2013-10-15,NIH,1,1,1
NCT01972152,PHASE2,30,ACTUAL,2013-10,2014-02,INDUSTRY,1,1,1
NCT01123252,PHASE2,60,ACTUAL,2010-09,2011-04,OTHER,3,4,1
NCT06151847,PHASE2,11,ACTUAL,2023-12-21,2025-07-10,OTHER,4,1,1
NCT06342947,PHASE2,102,ACTUAL,2024-04-01,2024-08-19,INDUSTRY,4,40,1
NCT03120247,PHASE2|PHASE3,36,ACTUAL,2017-04-05,2019-06-01,OTHER,1,1,1
NCT02205047,PHASE2,172,ACTUAL,2015-07-15,2022-12-22,NETWORK,3,48,13
NCT00957047,PHASE3,395,ACTUAL,2004-07,2006-08,INDUSTRY,1,1,1
NCT05512949,PHASE2,229,ACTUAL,2022-09-09,2023-10-12,NIH,1,8,1
NCT00688649,PHASE3,80,ACTUAL,2008-05,2009-01,INDUSTRY,1,1,1
NCT00272649,PHASE1|PHASE2,22,ACTUAL,2006-01,2012-02,INDUSTRY,1,10,2
NCT03986138,PHASE3,324,ACTUAL,2019-08-27,2020-12-09,INDUSTRY,1,33,11
NCT03109158,PHASE1|PHASE2,1,ACTUAL,2017-03-01,2019-03-01,INDUSTRY,1,20,4
NCT01063348,PHASE2,66,ACTUAL,2012-09,2015-07,OTHER,4,1,1
NCT05097326,PHASE3,30,ACTUAL,2022-06-27,2023-04-29,OTHER,1,1,1
NCT02095626,PHASE2,20,ACTUAL,2013-06,2015-03,INDUSTRY,1,1,1
NCT01346085,PHASE1|PHASE2,10,ACTUAL,2006-10,2009-06,OTHER,1,2,2
NCT02624843,PHASE3,239,ACTUAL,2015-08,2015-11,INDUSTRY,1,4,1
NCT01306643,PHASE1|PHASE2,18,ACTUAL,2011-02,2015-08,INDUSTRY,4,2,1
NCT00924443,PHASE2,69,ACTUAL,2004-06,2006-06,INDUSTRY,1,15,3
NCT02443935,PHASE1|PHASE2,12,ACTUAL,2015-04,2017-06-01,OTHER,1,2,1
NCT00226135,PHASE3,150,,2001-03,,OTHER,1,1,1
NCT01662908,PHASE2,85,ACTUAL,2012-08,2014-01,INDUSTRY,2,34,2
NCT00481325,PHASE2|PHASE3,260,ACTUAL,2007-07,2008-03,INDUSTRY,1,51,1
NCT05716425,PHASE3,1218,ACTUAL,2023-02-08,2023-07-26,INDUSTRY,1,2,1
NCT04791176,PHASE2,64,ACTUAL,2021-04-12,2024-06-30,OTHER,3,1,1
NCT04084717,PHASE2,33,ACTUAL,2019-12-03,2024-12-30,OTHER,5,1,1
NCT01283776,PHASE2,11,ACTUAL,2011-03,2013-12,OTHER,3,1,1
NCT04963517,PHASE2|PHASE3,11,ACTUAL,2021-08-07,2021-12-31,OTHER,1,1,1
NCT02465125,PHASE2,58,ACTUAL,2015-07-15,2016-12-08,OTHER,4,1,1
NCT03761225,PHASE3,714,ACTUAL,2014-09,2020-12-15,INDUSTRY,1,9,6
NCT02238925,PHASE2,26,ACTUAL,2014-07,2015-05,INDUSTRY,3,5,1
NCT04373733,PHASE3,502,ACTUAL,2020-05-01,2021-06-25,OTHER,1,6,3
NCT00712933,PHASE3,738,ACTUAL,2008-05-30,2016-12-09,INDUSTRY,1,110,28
NCT06757452,PHASE3,34,ACTUAL,2023-07-05,2023-11-08,INDUSTRY,1,1,1
NCT01787552,PHASE1|PHASE2,50,ACTUAL,2013-05-08,2018-04-10,INDUSTRY,10,18,11
NCT01592747,PHASE2,479,ACTUAL,2012-09,2013-09,INDUSTRY,6,94,15
NCT00803647,PHASE2,20,ACTUAL,2010-01,2013-07,NETWORK,1,23,1
NCT00001038,PHASE3,1200,,,1996-05,NIH,2,35,10
NCT00122538,PHASE2,52,ACTUAL,2006-02,2008-11,OTHER_GOV,2,1,1
NCT01112384,PHASE2,24,ACTUAL,2010-10-21,2013-01-21,NETWORK,1,8,1
NCT02518555,PHASE2,42,ACTUAL,2016-01-12,2025-12-15,OTHER,2,1,1
NCT03129126,PHASE2,13,ACTUAL,2020-10-01,2023-08-21,INDUSTRY,1,9,1
NCT06034626,PHASE3,216,ACTUAL,2020-11-03,2021-08-10,OTHER,1,3,1
NCT01874626,PHASE3,305,ACTUAL,2013-06,2014-01,INDUSTRY,1,1,1
NCT02428478,PHASE2,17,ACTUAL,2015-03,2015-11,OTHER,1,1,1
NCT00248378,PHASE1|PHASE2,30,,2001-09,,OTHER,1,1,1
NCT00751478,PHASE1|PHASE2,32,ACTUAL,2007-03,2007-05,INDUSTRY,1,1,1
NCT02550678,PHASE1|PHASE2,16,ACTUAL,2015-09,2017-11,INDUSTRY,3,4,1
NCT02909478,PHASE3,315,ACTUAL,2017-09-01,2019-10-23,OTHER,2,1,1
NCT00482378,PHASE1|PHASE2,39,ESTIMATED,2005-03-21,2007-05-22,OTHER,2,1,1
NCT00834678,PHASE1|PHASE2,11,ACTUAL,2009-04,2013-08,OTHER,1,1,1
NCT00941278,PHASE2,30,ESTIMATED,2009-07,2009-12,INDUSTRY,1,2,1
NCT01058785,PHASE2,75,ACTUAL,2003-03,2005-12,INDUSTRY,2,3,1
NCT04850885,PHASE3,83,ACTUAL,2020-08-01,2021-02-02,OTHER,1,1,1
NCT01880515,PHASE2,107,ACTUAL,2010-12,2014-07,OTHER,2,1,1
NCT03262935,PHASE3,437,ACTUAL,2017-12-15,2021-03-31,INDUSTRY,1,90,11
NCT05409235,PHASE2,225,ACTUAL,2022-07-29,2023-12-29,INDUSTRY,1,68,2
NCT00526435,PHASE3,468,ACTUAL,2007-10,2010-01,FED,1,1,1
NCT03988335,PHASE2,35,ACTUAL,2019-02-13,2019-11-05,INDUSTRY,1,17,2
NCT04095208,PHASE2,68,ACTUAL,2020-02-27,2024-09-29,OTHER,2,5,1
NCT01258608,PHASE1|PHASE2,101,ACTUAL,2011-02-08,2013-05-31,INDUSTRY,1,43,7
NCT02232425,PHASE2,88,ACTUAL,2014-09,2015-10,INDUSTRY,1,10,2
NCT03814317,PHASE2,5,ACTUAL,2020-01-30,2025-12-31,OTHER,3,1,1
NCT00442117,PHASE3,180,ACTUAL,2007-06,2009-07,INDUSTRY,1,0,0
NCT00302276,PHASE2|PHASE3,80,,2004-01,,OTHER,1,1,1
NCT00000404,PHASE2,300,,1997-04,,OTHER,1,1,1
NCT04463004,PHASE2,2,ACTUAL,2020-09-02,2020-11-30,OTHER,3,1,1
NCT00776984,PHASE3,453,ACTUAL,2008-10,2011-07,INDUSTRY,1,75,15
NCT01839084,PHASE3,46,ACTUAL,2013-07,2016-02,OTHER,1,1,1
NCT00092352,PHASE3,395,ACTUAL,2003-04-29,2003-12-01,INDUSTRY,1,0,0
NCT00002152,PHASE2,60,,,,INDUSTRY,1,1,1
NCT03649152,PHASE2,8,ACTUAL,2018-11-08,2020-06-16,INDUSTRY,1,11,1
NCT04668352,PHASE3,1024,ACTUAL,2019-04-15,2019-12-02,INDUSTRY,1,1,1
NCT02364947,PHASE3,678,ACTUAL,2015-02-09,2016-07-30,INDUSTRY,1,7,1
NCT05263947,PHASE2,35,ACTUAL,2022-01-30,2023-12-30,OTHER,4,1,1
NCT01153347,PHASE3,2409,ACTUAL,2010-06,2012-01,INDUSTRY,2,99,3
NCT03206749,PHASE2,243,ACTUAL,2017-06-29,2017-12-01,INDUSTRY,1,4,1
NCT02226549,PHASE2,47,ACTUAL,2014-07,2015-02,INDUSTRY,1,1,1
NCT00970138,PHASE2|PHASE3,141,ACTUAL,2009-06,2010-10,OTHER,1,1,1
NCT05528549,PHASE3,48,ACTUAL,2022-09-01,2023-04-26,OTHER,1,1,1
NCT04208958,PHASE1|PHASE2,56,ACTUAL,2020-01-23,2021-08-26,INDUSTRY,5,18,1
NCT02175758,PHASE2,106,ACTUAL,2014-07-07,2018-06-21,INDUSTRY,1,37,8
NCT02974855,PHASE2,27,ACTUAL,2017-03-08,2018-12-03,INDUSTRY,1,10,6
NCT04507126,PHASE2,20,ACTUAL,2021-03-01,2022-12-09,OTHER,1,1,1
NCT05661578,PHASE2,64,ACTUAL,2023-05-04,2025-12-26,INDUSTRY,1,32,9
NCT00184678,PHASE3,161,ACTUAL,2002-02,2006-07,INDUSTRY,2,30,12
NCT04865978,PHASE2,30,ACTUAL,2021-12-14,2023-10-05,OTHER,1,1,1
NCT00567008,PHASE2,37,ACTUAL,2007-12,2009-09,OTHER,1,1,1
NCT00546325,PHASE3,358,ACTUAL,2007-10,2009-02,INDUSTRY,1,1,1
NCT02216825,PHASE2,10,ACTUAL,2013-11,2013-12,INDUSTRY,1,0,0
NCT00815776,PHASE1|PHASE2,152,ACTUAL,2008-04,2009-01,INDUSTRY,1,1,1
NCT01193517,PHASE1|PHASE2,26,ACTUAL,2010-08,2016-11,OTHER,1,1,1
NCT02229617,PHASE1|PHASE2,14,ACTUAL,2015-07,2016-05,OTHER,1,2,1
NCT04957940,PHASE3,74,ACTUAL,2021-07-05,2021-09-20,OTHER,1,1,1
NCT04683640,PHASE2,33,ACTUAL,2021-04-02,2024-05-30,OTHER,1,1,1
NCT04235140,PHASE3,52,ACTUAL,2020-02-24,2023-08-22,INDUSTRY,1,23,2
NCT05412004,PHASE3,469,ACTUAL,2022-06-21,2024-03-12,INDUSTRY,2,58,10
NCT00299104,PHASE3,755,ACTUAL,2006-01,2008-09,INDUSTRY,1,0,0
NCT00851084,PHASE2,268,ACTUAL,2009-02,2011-04,INDUSTRY,2,37,7
NCT00464633,PHASE2,165,ACTUAL,2007-03,2011-12,INDUSTRY,1,34,9
NCT04799249,PHASE3,194,ACTUAL,2021-05-14,2024-05-24,INDUSTRY,2,71,11
NCT01408238,PHASE2,35,ACTUAL,2011-10,2012-03,INDUSTRY,1,2,1
NCT00299858,PHASE2|PHASE3,24,ACTUAL,2006-10,2010-05,OTHER,1,1,1
NCT00005838,PHASE3,756,ACTUAL,2000-03,2007-02,NIH,6,1,1
NCT00223548,PHASE2,106,,2002-10,,OTHER,3,1,1
NCT06258148,PHASE3,465,ACTUAL,2024-04-15,2026-01-23,INDUSTRY,1,1,1
NCT03611426,PHASE1|PHASE2,84,ACTUAL,2017-11-29,2018-12-05,INDUSTRY,1,1,1
NCT03588026,PHASE3,9,ACTUAL,2018-06-07,2020-09-03,INDUSTRY,1,3,3
NCT03523585,PHASE3,608,ACTUAL,2018-08-01,2022-06-30,INDUSTRY,1,227,15
NCT01175343,PHASE2,45,ACTUAL,2010-07,2012-10,NIH,6,12,2
NCT01868035,PHASE2,15,ACTUAL,2000-05,2012-10,INDUSTRY,1,0,0
NCT01757535,PHASE3,472,ACTUAL,2013-04-24,2019-07-15,INDUSTRY,1,223,23
NCT06192108,PHASE3,962,ACTUAL,2024-01-10,2025-09-26,INDUSTRY,1,74,6
NCT02033876,PHASE2,24,ACTUAL,2013-10,2017-01,OTHER,1,1,1
NCT03753776,PHASE3,232,ACTUAL,2019-07-15,2024-01-05,OTHER,1,1,1
NCT01505140,PHASE2,120,ACTUAL,2009-11,2010-12,OTHER,2,1,1
NCT00107640,PHASE2,1186,ACTUAL,2005-05,2008-09,OTHER,1,1,1
NCT03456804,PHASE2,13,ACTUAL,2018-03-08,2023-03-15,OTHER,5,2,1
NCT00195104,PHASE1|PHASE2,87,ACTUAL,2003-09-17,2006-03-17,OTHER,1,1,1
NCT00470184,PHASE2,41,ACTUAL,2006-11,2012-10,OTHER,1,1,1
NCT02014584,PHASE3,117,ACTUAL,2014-07-02,2016-03-19,INDUSTRY,1,18,5
NCT00110084,PHASE2,50,ACTUAL,2005-08,2010-05,OTHER,1,201,1
NCT00027547,PHASE1|PHASE2,,,2001-07,,OTHER,1,3,2
NCT01351649,PHASE1|PHASE2,90,ACTUAL,2009-04,2010-06,OTHER,1,1,1
NCT01026038,PHASE3,263,ACTUAL,2010-04,2010-11,INDUSTRY,4,25,1
NCT00048438,PHASE3,68,,2002-02,,INDUSTRY,1,18,2
NCT00084058,PHASE1|PHASE2,26,ACTUAL,,,NIH,1,15,2
NCT01677858,PHASE1|PHASE2,116,ACTUAL,2012-07-04,2016-07-22,INDUSTRY,1,35,1
NCT02363348,PHASE3,96,ACTUAL,2010-08,2013-08,OTHER,1,1,1
NCT00309478,PHASE3,1099,ACTUAL,1990-12,2004-06,NETWORK,1,0,0
NCT00988143,PHASE2,600,ACTUAL,2009-10,2009-12,INDUSTRY,1,4,1
NCT00750815,PHASE1|PHASE2,58,ACTUAL,2008-09,2012-12,OTHER,1,1,1
NCT00014508,PHASE2,,,2001-11-19,2007-02,NETWORK,1,12,1
NCT01414608,PHASE3,926,ACTUAL,2012-01-09,2021-07-09,NETWORK,8,326,5
NCT02440425,PHASE2,42,ACTUAL,2015-10-20,2020-04,OTHER,1,3,1
NCT02280876,PHASE1|PHASE2,30,ACTUAL,2012-01,2015-02,OTHER,1,1,1
NCT03001817,PHASE3,551,ACTUAL,2016-11-28,2019-06-24,INDUSTRY,1,220,9
NCT06795776,PHASE3,104,ACTUAL,2025-04-07,2025-11-04,INDUSTRY,1,1,1
NCT01220817,PHASE2,104,ACTUAL,2007-10,2010-05,INDUSTRY,1,1,1
NCT00057304,PHASE2,190,ACTUAL,2003-06,2004-03,INDUSTRY,1,46,9
NCT02689284,PHASE1|PHASE2,95,ACTUAL,2016-01,2021-01,INDUSTRY,3,28,5
NCT00392184,PHASE2,274,ACTUAL,2000-11,2009-02,OTHER,1,4,2
NCT05177484,PHASE3,40,ACTUAL,2022-05-30,2024-01-26,OTHER_GOV,1,1,1
NCT00001033,PHASE3,650,,,,NIH,2,12,1
NCT01756833,PHASE2,261,ACTUAL,2013-05,2019-07-23,OTHER,1,22,1
NCT04870606,PHASE3,733,ACTUAL,2021-03-05,2022-01-24,INDUSTRY,1,8,1
NCT02563106,PHASE2,413,ACTUAL,2015-10,2016-11,INDUSTRY,2,43,7
NCT02255604,PHASE2,36,ACTUAL,2013-08,2015-09,OTHER,3,1,1
NCT00371748,PHASE3,261,ACTUAL,2005-02,2006-12,INDUSTRY,1,25,3
NCT01365455,PHASE3,738,ACTUAL,2011-06,2013-04,INDUSTRY,1,88,12
NCT01120626,PHASE2,45,ACTUAL,2009-09,2013-12,OTHER,1,1,1
NCT00321178,PHASE2|PHASE3,151,ACTUAL,2006-05,2008-01,OTHER,2,2,1
NCT02103478,PHASE1|PHASE2,130,ACTUAL,2014-10-28,2018-06-05,INDUSTRY,2,17,2
NCT00291148,PHASE3,75,ESTIMATED,2006-03,2012-07,OTHER,2,1,1
NCT00434655,PHASE3,40,ESTIMATED,2008-01,2009-12,FED,1,1,1
NCT01574326,PHASE2,101,ACTUAL,2012-05,2015-06,INDUSTRY,2,32,5
NCT00496626,PHASE3,600,ACTUAL,2008-07-20,2009-02-28,INDUSTRY,1,0,0
NCT03020615,PHASE2,58,ACTUAL,2017-05-12,2020-06-08,OTHER,1,4,1
NCT00686335,PHASE2,12,ACTUAL,2008-06,2010-03,INDUSTRY,1,1,1
NCT02567708,PHASE2,50,ACTUAL,2015-10-01,2016-09-21,INDUSTRY,1,12,1
NCT00008008,PHASE2,40,ESTIMATED,1997-09,2005-06,OTHER,1,2,1
NCT00096525,PHASE2,,,2004-07,2005-08,OTHER,1,1,1
NCT02549417,PHASE3,39,ACTUAL,2015-09-29,2016-12-22,INDUSTRY,1,1,1
NCT00461617,PHASE3,291,ACTUAL,2006-08,2007-07,INDUSTRY,1,0,0
NCT03957304,PHASE2,55,ACTUAL,2020-02-20,2022-03-30,OTHER,1,1,1
NCT00134784,PHASE2,142,ACTUAL,2000-04,2007-05,OTHER,1,0,0
NCT00696384,PHASE3,418,ACTUAL,2007-06,2009-04,INDUSTRY,1,45,3
NCT01222533,PHASE2,154,ACTUAL,2010-10,2011-11,INDUSTRY,1,11,5
NCT00325247,PHASE3,2050,ESTIMATED,2005-02,2006-05,OTHER,1,1,1
NCT02039947,PHASE2,127,ACTUAL,2014-02-21,2017-05-12,INDUSTRY,1,47,7
NCT00933049,PHASE3,505,ACTUAL,2007-07,2008-01,OTHER,1,1,1
NCT03594149,PHASE3,60,ACTUAL,2018-07-18,2024-07-17,OTHER,2,4,1
NCT02243449,PHASE2,102,ACTUAL,2015-01,2015-12,OTHER,1,8,1
NCT06726538,PHASE1|PHASE2,50,ACTUAL,2023-10-01,2025-12-30,OTHER,1,2,1
NCT02661958,PHASE2,726,ACTUAL,2016-05,2017-10,INDUSTRY,1,34,1
NCT02315326,PHASE1|PHASE2,93,ACTUAL,2014-12-08,2026-01-28,OTHER,2,7,1
NCT04962958,PHASE2,30,ACTUAL,2021-12-27,2025-09-01,OTHER,9,1,1
NCT01248585,PHASE3,298,ACTUAL,2011-05-30,2015-05-25,NETWORK,1,22,1
NCT01630343,PHASE2,400,ACTUAL,2010-01,2012-04,OTHER,1,1,1
NCT03114943,PHASE3,516,ACTUAL,2016-07-14,2017-06-28,INDUSTRY,1,1,1
NCT02886143,PHASE3,274,ACTUAL,2015-10,2016-07,OTHER,2,0,0
NCT02380443,PHASE2,13,ACTUAL,2016-09,2018-03,INDUSTRY,1,1,1
NCT01702025,PHASE1|PHASE2,41,ACTUAL,2012-06,2012-12,OTHER,1,1,1
NCT00912925,PHASE3,45,ACTUAL,2000-12,2001-09,INDUSTRY,3,4,3
NCT00520676,PHASE3,260,ACTUAL,2007-10,2010-07,INDUSTRY,1,20,6
NCT00000117,PHASE3,,,1995-08,,NIH,1,2,1
NCT01409317,PHASE2|PHASE3,10,ACTUAL,2013-04,2015-01,OTHER,1,1,1
NCT00064740,PHASE2,100,,2003-07,,NIH,2,1,1
NCT00242840,PHASE3,20,ACTUAL,2003-06,2006-01,INDUSTRY,2,7,2
NCT00115804,PHASE3,6,ACTUAL,2005-06,2011-02,OTHER,2,1,1
NCT03086733,PHASE2,28,ACTUAL,2016-12-05,2020-07,OTHER,2,2,1
NCT00803049,PHASE3,742,ACTUAL,2006-10,2015-12,INDUSTRY,1,116,21
NCT02698748,PHASE2|PHASE3,75,ACTUAL,2015-01,2015-04,OTHER,1,1,1
NCT02286726,PHASE2,56,ACTUAL,2015-05-04,2020-01-22,OTHER,3,1,1
NCT06119126,PHASE2,23,ACTUAL,2020-06-01,2023-06-01,OTHER,1,1,1
NCT00114985,PHASE2,100,ACTUAL,2001-04,2005-01,OTHER,1,0,0
NCT00408785,PHASE3,256,,2006-11-01,2007-05-09,INDUSTRY,1,4,1
NCT03159143,PHASE2,22,ACTUAL,2004-12-17,2009-06-02,OTHER,1,1,1
NCT03272685,PHASE3,799,ACTUAL,2018-06-01,2022-09-30,OTHER,2,6,1
NCT01217515,PHASE3,465,ACTUAL,2010-10,2012-03,INDUSTRY,1,27,6
NCT00960115,PHASE1|PHASE2,178,ACTUAL,2008-12,2014-05,INDUSTRY,1,1,1
NCT00850135,PHASE1|PHASE2,57,ACTUAL,2009-02,2014-07,OTHER,1,2,1
NCT04709835,PHASE2,104,ACTUAL,2021-02-03,2021-09-17,INDUSTRY,1,12,6
NCT02601235,PHASE3,292,ACTUAL,2018-01-16,2018-08-03,INDUSTRY,1,1,1
NCT00274235,PHASE3,1600,ESTIMATED,2005-07,2008-03,OTHER_GOV,1,1,1
NCT01977443,PHASE2,47,ACTUAL,2013-11,2016-09,INDUSTRY,1,10,3
NCT04245215,PHASE3,108,ACTUAL,2020-03-11,2024-09-25,OTHER,1,1,1
NCT04859608,PHASE3,40,ACTUAL,2021-10-20,2022-06-16,OTHER,1,18,1
NCT02636725,PHASE2,33,ACTUAL,2016-04-19,2018-05-08,OTHER,2,1,1
NCT01261325,PHASE3,768,ACTUAL,2010-12,2014-05,INDUSTRY,1,207,28
NCT02523976,PHASE2,30,ACTUAL,2015-08-01,2021-12-31,OTHER,1,1,1
NCT03357276,PHASE1|PHASE2,30,ACTUAL,2017-11-30,2018-11-30,OTHER,2,1,1
NCT00972504,PHASE2,54,ACTUAL,2009-06-01,2009-08-01,INDUSTRY,1,1,1
NCT03781804,PHASE3,332,ACTUAL,2018-11-27,2022-01-19,INDUSTRY,1,92,8
NCT01138384,PHASE1|PHASE2,19,ACTUAL,2010-10-27,2014-05-14,NETWORK,1,5,1
NCT00249652,PHASE1|PHASE2,41,ACTUAL,2003-09,2009-06,OTHER,3,3,1
NCT00003433,PHASE1|PHASE2,,,1998-06,,OTHER,2,1,1
NCT04875533,PHASE3,1425,ACTUAL,2021-06-14,2022-05-13,INDUSTRY,1,28,3
NCT01441947,PHASE2,68,ACTUAL,2011-10,2016-12-12,OTHER,1,4,1
NCT00784147,PHASE2,113,ACTUAL,2008-08,2011-04,INDUSTRY,1,30,2
NCT04322149,PHASE2,54,ACTUAL,2020-10-16,2022-03-24,INDUSTRY,1,13,2
NCT03002038,PHASE2|PHASE3,86,ACTUAL,2015-09,2016-11,OTHER,1,1,1
NCT00259038,PHASE2,162,ACTUAL,2004-01,2006-02,INDUSTRY,5,34,2
NCT00167648,PHASE2,17,ACTUAL,2005-03,2006-12,OTHER,2,2,1
NCT01287078,PHASE2,25,ACTUAL,2011-01-29,2018-08-08,NIH,5,1,1
NCT00372385,PHASE2,334,ACTUAL,2006-08,2008-05,INDUSTRY,1,4,4
NCT01746043,PHASE2,22,ACTUAL,2013-02,2017-01,OTHER,1,1,1
NCT01244243,PHASE2,41,ACTUAL,2009-01,2012-12,OTHER,1,1,1
NCT04899115,PHASE2,19,ACTUAL,2021-08-06,2023-04-10,OTHER,2,1,1
NCT00542815,PHASE3,632,ACTUAL,2007-11,2010-08,INDUSTRY,3,115,15
NCT01591135,PHASE3,436,ACTUAL,2012-04,2018-08,OTHER,1,1,1
NCT00915408,PHASE1|PHASE2,32,ACTUAL,2006-09,2014-03,OTHER,1,2,1
NCT02520076,PHASE1|PHASE2,5,ACTUAL,2015-08,2019-09-30,OTHER,1,1,1
NCT00796367,PHASE3,676,ACTUAL,2008-12,2010-06,INDUSTRY,1,0,0
NCT05550207,PHASE3,100,ACTUAL,2022-08-31,2024-11-27,INDUSTRY,1,31,1
NCT00248092,PHASE1|PHASE2,36,,2006-01,,INDUSTRY,3,1,1
NCT02498392,PHASE2,161,ACTUAL,2015-10-07,2019-02-04,INDUSTRY,2,32,6
NCT02342392,PHASE2|PHASE3,36,ACTUAL,2012-09,2014-09,OTHER,1,0,0
NCT00650611,PHASE2,63,ACTUAL,2003-12,,INDUSTRY,3,17,1
NCT05808764,PHASE2,11,ACTUAL,2024-04-26,2026-05-04,INDUSTRY,1,13,8
NCT03340064,PHASE3,38,ACTUAL,2017-11-30,2021-06-01,INDUSTRY,1,21,1
NCT05696509,PHASE3,75,ACTUAL,2020-01-03,2022-10-13,OTHER,2,1,1
NCT04969198,PHASE2,232,ACTUAL,2021-07-13,2022-09-21,OTHER,1,1,1
NCT03016598,PHASE2,42,ACTUAL,2018-01-26,2020-02-14,FED,1,3,1
NCT00451763,PHASE3,31,ACTUAL,2006-01,2006-12,OTHER,2,1,1
NCT02242487,PHASE3,325,ACTUAL,2015-03,2018-05,INDUSTRY,1,74,5
NCT02618993,PHASE3,108,ACTUAL,2015-12,2018-06-30,OTHER,3,1,1
NCT00099593,PHASE2,17,ESTIMATED,2004-09,,OTHER,2,1,1
NCT00238914,PHASE2,12,ACTUAL,1999-08,2002-07,OTHER,1,1,1
NCT00188214,PHASE2,38,ACTUAL,2003-10,2009-10,OTHER,1,1,1
NCT05018806,PHASE2,124,ACTUAL,2021-09-09,2023-06-23,INDUSTRY,1,31,7
NCT00098306,PHASE2|PHASE3,601,ACTUAL,2004-11,2007-04,INDUSTRY,1,22,2
NCT01197404,PHASE2,420,ACTUAL,2009-08,2014-11,OTHER,1,1,1
NCT01799304,PHASE3,24,ACTUAL,2013-02,2015-03,OTHER,4,1,1
NCT01494233,PHASE2,373,ACTUAL,2012-02,2013-09,INDUSTRY,1,81,1
NCT03745404,PHASE3,265,ACTUAL,2003-04-29,2004-06-30,INDUSTRY,1,0,0
NCT02536404,PHASE2,118,ACTUAL,2016-01-25,2018-11-01,INDUSTRY,1,127,21
NCT00363584,PHASE3,360,ESTIMATED,2006-03,2013-08,OTHER,3,46,1
NCT02937584,PHASE3,23,ACTUAL,2016-12-29,2018-05-28,INDUSTRY,1,2,1
NCT04449133,PHASE2,20,ACTUAL,2020-07-03,2020-10-30,OTHER,1,1,1
NCT03823352,PHASE2,12,ACTUAL,2019-02-20,2020-12-31,INDUSTRY,1,2,1
NCT00171652,PHASE3,360,,2005-05,,INDUSTRY,1,48,2
NCT01336647,PHASE2,142,ACTUAL,2011-04,2011-08,INDUSTRY,1,2,1
NCT00234507,PHASE2,120,ACTUAL,2003-01,2004-05-25,INDUSTRY,1,14,1
NCT00116207,PHASE3,44,ACTUAL,2000-01,2009-09,OTHER,1,1,1
NCT02133807,PHASE3,32,ACTUAL,2009-09,2012-03,OTHER,3,1,1
NCT02160665,PHASE3,866,ACTUAL,2014-05,2016-05,INDUSTRY,1,1,1
NCT03977467,PHASE2,46,ACTUAL,2019-08-30,2024-08-09,OTHER,2,7,1
NCT02559167,PHASE2,79,ACTUAL,2016-07-01,2019-08-16,OTHER,3,1,1
NCT03595800,PHASE3,9,ACTUAL,2017-09-19,2021-02-02,OTHER,3,1,1
NCT01456000,PHASE3,405,ACTUAL,2012-01,2014-12,INDUSTRY,1,21,1
NCT03318900,PHASE1|PHASE2,5,ACTUAL,2018-09-04,2023-12-20,OTHER,4,1,1
NCT05619692,PHASE2,174,ACTUAL,2022-11-29,2024-06-05,INDUSTRY,3,39,2
NCT00873392,PHASE2,40,ACTUAL,2009-02,2012-12,OTHER,1,1,1
NCT04362111,PHASE3,32,ACTUAL,2020-08-01,2021-12-31,OTHER,2,1,1
NCT03743064,PHASE3,318,ACTUAL,2019-05-06,2022-12-27,INDUSTRY,2,65,8
NCT04425564,PHASE2,70,ACTUAL,2016-01-01,2017-06-30,OTHER,3,0,0
NCT03550209,PHASE2,72,ACTUAL,2018-06-28,2020-01-10,OTHER,1,1,1
NCT02983799,PHASE2,272,ACTUAL,2016-12-22,2020-12-03,INDUSTRY,1,47,2
NCT03008499,PHASE1|PHASE2,20,ACTUAL,2016-12-01,2017-12-01,OTHER,1,1,1
NCT00210132,PHASE2,90,ACTUAL,2003-10-01,2006-06-30,OTHER,2,1,1
NCT03824587,PHASE2|PHASE3,236,ACTUAL,2019-02-28,2019-07-17,INDUSTRY,1,48,1
NCT00141206,PHASE3,1005,,2003-05,,INDUSTRY,1,20,1
NCT04518306,PHASE3,755,ACTUAL,2021-06-14,2023-09-19,INDUSTRY,1,47,5
NCT06847204,PHASE1|PHASE2,66,ACTUAL,2025-02-24,2025-05-30,OTHER_GOV,1,1,1
NCT01723384,PHASE2,30,ACTUAL,2013-05,2014-10,OTHER,2,1,1
NCT04478084,PHASE3,403,ACTUAL,2020-08-04,2022-03-19,INDUSTRY,1,3,1
NCT00225784,PHASE2,37,ACTUAL,2005-02,2010-02,OTHER,1,0,0
NCT01498484,PHASE2,87,ACTUAL,2011-12,2019-07,INDUSTRY,3,1,1
NCT06439433,PHASE2,119,ACTUAL,2021-05-31,2023-12-20,INDUSTRY,3,5,1
NCT03138733,PHASE3,390,ACTUAL,2018-08-26,2022-03-11,INDUSTRY,1,60,17
NCT05638633,PHASE3,321,ACTUAL,2022-11-11,2025-01-30,OTHER,1,3,1
NCT05342467,PHASE2,101,ACTUAL,2022-11-11,2024-10-28,OTHER,3,2,1
NCT00397007,PHASE2,130,ESTIMATED,2005-05,,OTHER,1,1,1
NCT04496492,PHASE2,50,ACTUAL,2016-02-09,2016-02-09,OTHER,1,1,1
NCT03222492,PHASE1|PHASE2,17,ACTUAL,2017-09-20,2023-04-10,NIH,3,8,1
NCT00240292,PHASE3,160,,2003-02,,INDUSTRY,1,13,1
NCT00621192,PHASE1|PHASE2,200,ACTUAL,2008-06,2009-10,INDUSTRY,2,26,1
NCT01895036,PHASE1|PHASE2,6,ACTUAL,2011-02,2013-09,OTHER,1,1,1
NCT06842511,PHASE1|PHASE2,18,ACTUAL,2023-04-04,2024-05-30,OTHER,1,1,1
NCT00391911,PHASE2,3,ACTUAL,2006-11,2010-12,OTHER,1,2,2
NCT00003171,PHASE2,,,1998-05,1999-07,OTHER,2,1,1
NCT02577211,PHASE3,120,ACTUAL,2013-12,2015-07,INDUSTRY,1,1,1
NCT01897571,PHASE1|PHASE2,400,ACTUAL,2013-06-13,2021-08-24,INDUSTRY,6,52,10
NCT00596934,PHASE2,9,ACTUAL,2006-02,2009-03,OTHER,1,1,1
NCT00120809,PHASE3,3000,,2002-07,,OTHER,1,1,1
NCT03480009,PHASE3,156,ACTUAL,2018-07-28,2019-06-30,OTHER,1,2,1
NCT04381832,PHASE1|PHASE2,173,ACTUAL,2020-07-07,2024-08-30,INDUSTRY,4,19,2
NCT01149798,PHASE2,73,ACTUAL,2010-06,2011-06,OTHER,1,1,1
NCT00326898,PHASE3,1943,ACTUAL,2006-04-24,2015-08-27,NIH,4,987,3
NCT00095563,PHASE2,40,ACTUAL,2004-09,2009-02,NIH,10,1,1
NCT01997593,PHASE2,70,ACTUAL,2013-11,2014-05,OTHER,2,1,1
NCT00191893,PHASE3,66,,2003-09,,INDUSTRY,1,2,2
NCT03162614,PHASE2,154,ACTUAL,2017-05-24,2018-07-09,INDUSTRY,1,1,1
NCT00373516,PHASE2,150,,2004-09,,INDUSTRY,1,12,1
NCT01189006,PHASE2|PHASE3,161,ACTUAL,2005-01,2008-12,OTHER,1,1,1
NCT00650104,PHASE3,76,ACTUAL,2002-05,2009-03,INDUSTRY,1,10,1
NCT01428804,PHASE2,24,ACTUAL,2011-06,2013-07,OTHER,1,1,1
NCT06241352,PHASE2,42,ACTUAL,2024-03-20,2025-04-30,OTHER,1,1,1
NCT00357565,PHASE2,34,ACTUAL,2005-11,2024-06,OTHER,13,1,1
NCT06193200,PHASE3,105,ACTUAL,2024-06-24,2025-12-17,INDUSTRY,1,19,9
NCT00860600,PHASE2,14,ACTUAL,2008-09,2011-08,INDUSTRY,1,4,1
NCT01995500,PHASE2,300,ESTIMATED,2014-03-19,2015-03-19,INDUSTRY,1,1,1
NCT00558207,PHASE2,43,ACTUAL,2007-11,2008-04,INDUSTRY,1,6,1
NCT04744207,PHASE2,94,ACTUAL,2020-12-29,2022-06-15,INDUSTRY,1,12,4
NCT00720200,PHASE3,593,ACTUAL,2008-06,2014-03,OTHER,6,2,1
NCT00127192,PHASE2,363,ACTUAL,2005-07,2006-03,INDUSTRY,1,0,0
NCT00644371,PHASE2,20,ACTUAL,2007-11,2011-02-21,OTHER,1,14,1
NCT06108544,PHASE3,1108,ACTUAL,2023-11-06,2024-12-06,INDUSTRY,1,217,16
NCT02731534,PHASE3,238,ACTUAL,2016-05,2017-03,INDUSTRY,1,1,1
NCT01549834,PHASE2,434,ACTUAL,2012-03,2013-10,INDUSTRY,1,43,7
NCT01345799,PHASE2,123,ACTUAL,2011-04,,INDUSTRY,1,13,13
NCT04169698,PHASE2|PHASE3,90,ACTUAL,2019-10-17,2021-05-01,OTHER,2,1,1
NCT00143663,PHASE3,361,ACTUAL,2005-09,2006-04,INDUSTRY,1,47,1
NCT01346293,PHASE3,3372,ACTUAL,2011-04,2013-05,INDUSTRY,5,72,2
NCT02435121,PHASE2,1,ACTUAL,2015-11,2016-01,INDUSTRY,1,1,1
NCT00781521,PHASE3,96,ACTUAL,2002-11,2003-04,INDUSTRY,1,0,0
NCT03623321,PHASE3,595,ACTUAL,2018-07-17,2023-05-05,INDUSTRY,1,88,12
NCT02755714,PHASE1|PHASE2,20,ACTUAL,2016-06-22,2020-10-31,OTHER,1,1,1
NCT00721916,PHASE2,107,ACTUAL,2008-07,2012-03,INDUSTRY,1,1,1
NCT00056316,PHASE1|PHASE2,74,ACTUAL,2002-01,2004-08,OTHER,1,1,1
NCT05264714,PHASE2,20,ACTUAL,2022-09-07,2025-12-31,OTHER,1,1,1
NCT00545714,PHASE2,86,ACTUAL,2007-11-21,2016-05-20,INDUSTRY,1,33,1
NCT00456716,PHASE2,5,ACTUAL,2007-03,2008-12,OTHER,1,1,1
NCT02215616,PHASE2,352,ACTUAL,2014-10-28,2018-06-19,INDUSTRY,1,53,10
NCT01236716,PHASE2,126,ACTUAL,2010-11,2013-12,OTHER,1,1,1
NCT00978016,PHASE2,460,ACTUAL,2009-09,2010-12,INDUSTRY,1,64,2
NCT00799916,PHASE3,30,ESTIMATED,2006-01,2009-08,OTHER,1,3,1
NCT00823316,PHASE1|PHASE2,10,ACTUAL,2008-08,2010-02,INDUSTRY,1,1,1
NCT00003916,PHASE3,25,ACTUAL,1999-04,2001-12,NETWORK,1,8,7
NCT02171416,PHASE2,20,ACTUAL,2015-01,2018-02-28,OTHER,1,2,1
NCT00612716,PHASE2,6,ACTUAL,1999-10-06,2019-11-15,OTHER,3,1,1
NCT03101267,PHASE2,150,ACTUAL,2017-04-13,2018-01-26,INDUSTRY,1,1,1
NCT00002592,PHASE2,40,ESTIMATED,1993-06,2002-08,OTHER,1,1,1
NCT05589792,PHASE1|PHASE2,11,ACTUAL,2023-01-30,2025-12-01,OTHER,1,1,1
NCT03938792,PHASE3,189,ACTUAL,2020-03-09,2025-04-29,INDUSTRY,2,62,20
NCT04353336,PHASE2|PHASE3,194,ACTUAL,2020-03-23,2020-06-01,OTHER,2,1,1
NCT03847311,PHASE2,7,ACTUAL,2021-05-03,2023-10-09,OTHER,2,2,1
NCT03397771,PHASE1|PHASE2,84,ACTUAL,2018-04-03,2019-05-30,INDUSTRY,1,1,1
NCT05044871,PHASE2,108,ACTUAL,2022-07-22,2025-02-17,OTHER,1,1,1
NCT00242671,PHASE3,,,2005-10,2008-08,OTHER,1,1,1
NCT03549871,PHASE3,80,ACTUAL,2018-07-25,2022-01-20,INDUSTRY,1,35,15
NCT00327444,PHASE2|PHASE3,58,ACTUAL,2006-07,2009-10,INDUSTRY,2,9,9
NCT01259934,PHASE3,855,ACTUAL,1996-11,2008-06,OTHER,2,1,1
NCT00130234,PHASE2,20,,2004-11,2007-09,OTHER,1,1,1
NCT00539864,PHASE3,602,ACTUAL,2007-09,2008-04,INDUSTRY,1,5,1
NCT00100399,PHASE3,1050,,2004-12,,NIH,1,4,1
NCT04267809,PHASE2,32,ACTUAL,2021-10-22,2023-07-31,OTHER,3,1,1
NCT00961532,PHASE2,14,ACTUAL,2010-12,2013-12,OTHER,1,1,1
NCT02477332,PHASE2,382,ACTUAL,2015-07-15,2016-11-02,INDUSTRY,1,82,10
NCT01327898,PHASE2,515,ACTUAL,2008-11,2011-12,OTHER,2,2,1
NCT01043263,PHASE2,236,ACTUAL,2009-12,2011-06,INDUSTRY,1,59,1
NCT01991587,PHASE1|PHASE2,120,ACTUAL,2013-10-08,2014-06-30,INDUSTRY,4,1,1
NCT03103087,PHASE3,382,ACTUAL,2017-06-14,2019-07-10,INDUSTRY,2,127,8
NCT00996593,PHASE2,43,ACTUAL,1998-07,2001-04,INDUSTRY,1,0,0
NCT01140321,PHASE2,120,ACTUAL,2004-01,2010-05,OTHER,3,8,1
NCT00444314,PHASE2,82,ESTIMATED,2007-02,2008-12,INDUSTRY,1,3,1
NCT00238316,PHASE2,68,ACTUAL,2000-12-05,2007-11-16,NETWORK,1,10,2
NCT03680521,PHASE2,25,ACTUAL,2018-10-10,2020-04-27,INDUSTRY,1,1,1
NCT00529516,PHASE3,1252,ACTUAL,2007-10-15,2007-12-21,INDUSTRY,1,29,4
NCT00499707,PHASE3,453,ACTUAL,2003-10-08,2004-12-01,INDUSTRY,1,102,7
NCT01495000,PHASE3,250,ACTUAL,2012-01,2013-02,INDUSTRY,1,11,1
NCT02108600,PHASE2,33,ACTUAL,2014-06,2018-12-16,OTHER,1,1,1
NCT03770000,PHASE1|PHASE2,33,ACTUAL,2019-03-12,2021-05-14,INDUSTRY,1,15,1
NCT01043367,PHASE3,200,ESTIMATED,2010-01,2011-01,INDUSTRY,1,1,1
NCT00000400,PHASE2,176,ACTUAL,1999-08,2006-04,OTHER,1,1,1
NCT03629600,PHASE2|PHASE3,352,ACTUAL,2017-10-15,2018-02-15,OTHER,1,1,1
NCT02517736,PHASE2,32,ESTIMATED,2012-02,2015-01-13,OTHER,1,1,1
NCT00346736,PHASE3,80,ESTIMATED,2005-05,2006-06,OTHER,2,1,1
NCT00420511,PHASE2,21,ACTUAL,2007-01,2009-09,OTHER,1,1,1
NCT00002564,PHASE3,2500,ESTIMATED,1994-04,,OTHER,1,37,1
NCT02935699,PHASE3,262,ACTUAL,2017-03-01,2018-04-30,INDUSTRY,1,4,2
NCT00786799,PHASE2,27,ACTUAL,2008-08,2009-09,OTHER,1,1,1
NCT01004198,PHASE2,51,ACTUAL,2009-12,2010-06,INDUSTRY,3,13,4
NCT01076387,PHASE3,124,ACTUAL,2010-02,2020-03-12,OTHER,1,1,1
NCT03713593,PHASE3,794,ACTUAL,2018-12-31,2022-06-21,INDUSTRY,1,172,21
NCT05227521,PHASE1|PHASE2,19,ACTUAL,2022-01-31,2023-06-25,OTHER,1,1,1
NCT00306514,PHASE1|PHASE2,,,,,INDUSTRY,1,1,1
NCT01839916,PHASE2,77,ACTUAL,2013-04-04,2018-08,OTHER,64,1,1
NCT00721006,PHASE2,35,ACTUAL,2008-06,2010-08,INDUSTRY,4,1,1
NCT00919906,PHASE1|PHASE2,176,ESTIMATED,2009-04,2010-09,INDUSTRY,7,1,1
NCT01070706,PHASE1|PHASE2,15,ACTUAL,2009-03,2009-12,OTHER_GOV,1,1,1
NCT05271604,PHASE2,42,ACTUAL,2022-12-13,2025-09-22,INDUSTRY,5,7,1
NCT02223884,PHASE2,30,ACTUAL,2011-07,2014-08,OTHER,1,1,1
NCT00891007,PHASE2,90,ACTUAL,2009-06,2010-07,INDUSTRY,1,1,1
NCT01459367,PHASE3,607,ACTUAL,2011-10,2013-03,INDUSTRY,1,37,1
NCT01829607,PHASE2,30,ACTUAL,2011-01,2012-10,OTHER,1,1,1
NCT00131911,PHASE2,93,ACTUAL,2005-06,2010-10,NIH,10,1,1
NCT01253811,PHASE3,6,ACTUAL,2011-01,2015-03,INDUSTRY,2,4,3
NCT03911271,PHASE2,97,ACTUAL,2019-05-30,2024-04-23,OTHER,1,3,1
NCT01855971,PHASE2,44,ACTUAL,2013-06-11,2015-07-31,OTHER,1,1,1
NCT01694771,PHASE3,1134,ACTUAL,2012-09,2013-08,INDUSTRY,1,90,1
NCT02122471,PHASE3,1410,ACTUAL,2014-04,2015-05,INDUSTRY,1,167,1
NCT00997971,PHASE3,86,ACTUAL,2007-09,2009-08,INDUSTRY,2,9,1
NCT00872144,PHASE3,16,ACTUAL,2010-06,2012-12,OTHER,1,1,1
NCT02263534,PHASE2|PHASE3,48,ACTUAL,2014-11-10,2017-06,OTHER,1,1,1
NCT00320034,PHASE2,15,ESTIMATED,2006-04,2008-06,OTHER,1,0,0
NCT01384734,PHASE2,254,ACTUAL,2011-07-26,2013-02-18,INDUSTRY,1,54,10
NCT01958164,PHASE3,16,ACTUAL,2013-09,2014-04,INDUSTRY,2,5,1
NCT01984164,PHASE2,176,ACTUAL,2014-08-20,2018-12-03,OTHER,2,1,1
NCT00320099,PHASE3,508,ACTUAL,2006-01,2009-01,OTHER,1,8,1
NCT00807599,PHASE2,67,ACTUAL,2008-12-10,2018-07,OTHER,1,7,1
NCT00299832,PHASE3,40,ACTUAL,2006-04,2007-05,INDUSTRY,1,1,1
NCT01755598,PHASE2,3575,ACTUAL,2014-08-19,2018-11-16,INDUSTRY,2,9,3
NCT00932893,PHASE3,347,ACTUAL,2009-09,2012-03,INDUSTRY,1,264,22
NCT02025114,PHASE1|PHASE2,34,ACTUAL,2014-09,2018-03-08,OTHER,1,3,1
NCT00205816,PHASE3,26,ACTUAL,2004-01,2005-11,INDUSTRY,1,3,2
NCT05178316,PHASE2,282,ACTUAL,2021-12-29,2023-12-05,INDUSTRY,1,52,1
NCT02356016,PHASE2|PHASE3,75,ACTUAL,2013-08,2016-05,OTHER,1,0,0
NCT03505021,PHASE3,496,ACTUAL,2018-06-21,2020-07-23,INDUSTRY,1,104,14
NCT01646814,PHASE2,247,ACTUAL,2012-09,2013-06,INDUSTRY,1,10,1
NCT00325416,PHASE1|PHASE2,177,ACTUAL,2001-11-19,2013-07-15,OTHER,1,1,1
NCT05061706,PHASE3,480,ACTUAL,2021-09-30,2024-04-12,INDUSTRY,1,50,7
NCT00345904,PHASE3,120,,2006-07,,INDUSTRY,1,4,1
NCT00002567,PHASE2,45,ESTIMATED,1994-03,2000-11,OTHER,2,1,1
NCT00808067,PHASE3,5897,ACTUAL,2008-11,2012-12,INDUSTRY,1,567,35
NCT00622700,PHASE3,618,ACTUAL,2008-02,2012-12,INDUSTRY,1,131,21
NCT02135536,PHASE2,36,ACTUAL,2014-05,2016-02,INDUSTRY,1,17,3
NCT01876511,PHASE2,113,ACTUAL,2013-09,2019-08,OTHER,3,7,1
NCT04119011,PHASE1|PHASE2,72,ACTUAL,2019-10-01,2020-03-31,OTHER,1,1,1
NCT00000644,PHASE2,100,,,1997-11,NIH,2,3,1
NCT01309334,PHASE3,152,ACTUAL,2011-02,2013-09,OTHER,1,17,1
NCT03580564,PHASE2,109,ACTUAL,2018-08-01,2020-08-22,INDUSTRY,1,1,1
NCT00865709,PHASE2,198,ACTUAL,2009-03,2011-01,INDUSTRY,1,116,10
NCT02474199,PHASE1|PHASE2,15,ACTUAL,2016-06-06,2019-12-16,NIH,2,3,1
NCT02738632,PHASE3,300,ESTIMATED,2015-05,2016-08,INDUSTRY,1,1,1
NCT01393132,PHASE2,9,ACTUAL,2011-03,2012-12,OTHER,3,1,1
NCT04072198,PHASE2,73,ACTUAL,2019-09-26,2024-08-30,OTHER,1,8,1
NCT06440187,PHASE2,38,ACTUAL,2018-06-08,2021-04-30,OTHER,1,1,1
NCT00698763,PHASE2,32,ACTUAL,2008-08,2009-04,INDUSTRY,2,7,4
NCT01450163,PHASE3,200,ACTUAL,2011-08,2014-10,OTHER,3,1,1
NCT00509093,PHASE2,32,ACTUAL,2008-10,2014-05-09,OTHER,1,4,1
NCT00491114,PHASE2,8,ACTUAL,2003-07,,INDUSTRY,1,7,1
NCT00646516,PHASE3,615,ESTIMATED,2003-10,,INDUSTRY,1,0,0
NCT00343616,PHASE3,135,ACTUAL,2005-04,2008-05,NETWORK,4,12,6
NCT02280616,PHASE2,76,ACTUAL,2011-06,2013-04,INDUSTRY,1,1,1
NCT03045406,PHASE3,1170,ACTUAL,2017-04-13,2019-06-01,OTHER,1,127,11
NCT02622906,PHASE2,24,ACTUAL,2012-03,2012-03,OTHER,1,1,1
NCT01932606,PHASE2,28,ACTUAL,2013-08,2014-10,OTHER,4,1,1
NCT00626665,PHASE3,25,ACTUAL,2007-12,2008-04,OTHER_GOV,1,0,0
NCT01612767,PHASE2|PHASE3,329,ACTUAL,2012-11,2015-09,INDUSTRY,1,35,5
NCT01487200,PHASE2,24,ACTUAL,2012-07,2012-11,INDUSTRY,1,2,1
NCT04323800,PHASE2,180,ACTUAL,2020-06-10,2021-04-22,OTHER,2,25,1
NCT02909400,PHASE2,20,ACTUAL,2016-09,2017-07,INDUSTRY,5,1,1
NCT03531892,PHASE3,198,ACTUAL,2018-06-06,2020-11-09,INDUSTRY,1,82,1
NCT00095836,PHASE2,27,ACTUAL,2003-03,2011-03,OTHER,1,2,1
NCT01631136,PHASE3,932,ACTUAL,2012-07,2017-05-02,OTHER,1,91,1
NCT00392171,PHASE2,120,ACTUAL,2006-06-09,2009-09-15,INDUSTRY,4,0,0
NCT00289744,PHASE3,178,ACTUAL,2004-02-16,2009-04-15,INDUSTRY,2,1,1
NCT03082534,PHASE2,78,ACTUAL,2017-03-28,2025-07-21,OTHER,12,4,1
NCT01115634,PHASE2,60,ACTUAL,2008-09,2015-09,OTHER_GOV,4,1,1
NCT03061734,PHASE2,92,ACTUAL,2017-02-18,2018-02-08,INDUSTRY,1,1,1
NCT04331834,PHASE3,275,ACTUAL,2020-04-03,2020-06-25,OTHER,1,1,1
NCT04313634,PHASE2,74,ACTUAL,2020-06-09,2023-06-06,OTHER,1,1,1
NCT01027364,PHASE3,123,ACTUAL,2009-12,2012-07,INDUSTRY,1,51,17
NCT02753998,PHASE3,145,ACTUAL,2016-12,2022-02,OTHER,2,1,1
NCT01225263,PHASE2,89,ACTUAL,2010-09,2015-01,OTHER,1,1,1
NCT01015287,PHASE3,4033,ACTUAL,2009-12,2013-01,INDUSTRY,1,153,19
NCT01105221,PHASE3,150,ESTIMATED,2010-04,2010-11,OTHER_GOV,1,3,1
NCT00770081,PHASE3,75,ACTUAL,2008-09,2011-04,INDUSTRY,2,87,1
NCT00513019,PHASE2,35,ACTUAL,2007-08,2009-08,OTHER,4,1,1
NCT00711828,PHASE2,21,ACTUAL,2008-08,2013-11,OTHER,9,2,1
NCT05278728,PHASE1|PHASE2,31,ACTUAL,2009-07,2013-08,OTHER,1,2,1
NCT00322491,PHASE2,49,ACTUAL,2004-03,2006-06,INDUSTRY,2,8,1
NCT00145691,PHASE3,100,,2005-09,,OTHER,1,1,1
NCT03581591,PHASE3,1,ACTUAL,2018-01-31,2019-12-06,OTHER,3,1,1
NCT01940991,PHASE2,82,ACTUAL,2013-08,2013-11,INDUSTRY,1,1,1
NCT04973891,PHASE1|PHASE2,52,ACTUAL,2021-04-07,2021-07-08,OTHER,1,1,1
NCT02961374,PHASE2,46,ACTUAL,2017-10-27,2020-02-23,NIH,2,8,2
NCT01640574,PHASE3,680,ACTUAL,2012-02,2015-07,OTHER,1,1,1
NCT03383874,PHASE3,67,ACTUAL,2018-09-06,2024-09-23,OTHER,1,1,1
NCT01909791,PHASE3,702,ACTUAL,2013-10,2018-09-11,OTHER,1,103,2
NCT00893074,PHASE1|PHASE2,24,ACTUAL,2009-04,2011-10,OTHER,1,1,1
NCT03195491,PHASE3,400,ACTUAL,2017-12-25,2021-06-08,INDUSTRY,2,30,2
NCT02429791,PHASE3,510,ACTUAL,2015-04-14,2016-09-16,INDUSTRY,1,65,13
NCT00855218,PHASE2,307,ACTUAL,2009-03,2011-07,INDUSTRY,1,107,13
NCT02240030,PHASE3,351,ACTUAL,2014-11,2016-12,INDUSTRY,1,74,5
NCT00718419,PHASE2,56,ACTUAL,2008-07,2010-09,INDUSTRY,2,4,2
NCT01851330,PHASE3,647,ACTUAL,2013-05,2013-12,INDUSTRY,1,52,1
NCT02969928,PHASE2|PHASE3,46,ACTUAL,2015-03,2016-12,OTHER,1,1,1
NCT02769390,PHASE2,80,ACTUAL,2015-07,2015-11,OTHER,1,0,0
NCT02863718,PHASE3,515,ACTUAL,2014-04-30,2019-03-07,OTHER,1,1,1
NCT00839397,PHASE3,52,ACTUAL,2002-05,2004-11,INDUSTRY,1,0,0
NCT01744197,PHASE2,61,ACTUAL,2013-01,2013-02,INDUSTRY,3,1,1
NCT02234310,PHASE3,33,ACTUAL,2014-11-13,2019-08-20,INDUSTRY,1,27,11
NCT02646020,PHASE2,138,ACTUAL,2015-12,2020-10-01,OTHER,1,1,1
NCT05944120,PHASE3,443,ACTUAL,2023-03-06,2024-01-31,OTHER,1,1,1
NCT05119920,PHASE2,226,ACTUAL,2022-01-03,2022-07-27,INDUSTRY,2,19,1
NCT04378920,PHASE1|PHASE2,37,ACTUAL,2020-04-14,2021-08-24,OTHER,2,2,1
NCT00796120,PHASE3,121,ACTUAL,2008-11,2012-08,INDUSTRY,1,21,5
NCT04836182,PHASE2,72,ACTUAL,2021-06-08,2022-10-19,INDUSTRY,1,19,3
NCT02133924,PHASE2,76,ACTUAL,2016-08,2020-12-10,OTHER,1,12,1
NCT06429059,PHASE2,50,ACTUAL,2024-06-12,2025-05-22,OTHER,1,2,1
NCT00615459,PHASE3,169,ACTUAL,2008-02,2008-12,INDUSTRY,1,20,7
NCT00570180,PHASE2,36,ACTUAL,2008-08-25,2015-09-15,OTHER,1,7,1
NCT02542280,PHASE3,360,ACTUAL,2013-07,2015-07,OTHER,1,0,0
NCT00646880,PHASE3,41,ACTUAL,2003-03,,INDUSTRY,1,1,1
NCT00819780,PHASE2,285,ACTUAL,2009-04-24,2012-05-30,INDUSTRY,4,95,6
NCT00030680,PHASE2,44,ACTUAL,2001-11,2012-03,NETWORK,1,21,7
NCT01802879,PHASE2,9,ACTUAL,2013-06-24,2018-11-19,INDUSTRY,1,7,4
NCT01544296,PHASE2,42,ESTIMATED,2012-02,2013-06,INDUSTRY,1,1,1
NCT01112579,PHASE2,81,ACTUAL,2010-04,2014-01,INDUSTRY,1,19,8
NCT02103062,PHASE2,41,ACTUAL,2014-05-05,2014-11-10,INDUSTRY,1,6,1
NCT00119262,PHASE2,226,ACTUAL,2005-10,2009-08,NIH,4,1,1
NCT01354262,PHASE2,150,ACTUAL,2011-03,2012-01,INDUSTRY,2,1,1
NCT00283946,PHASE3,876,ACTUAL,2006-02,2007-11,INDUSTRY,2,8,1
NCT05212688,PHASE2,119,ACTUAL,2022-07-19,2024-09-25,OTHER,1,1,1
NCT03396588,PHASE3,120,ACTUAL,2017-12-07,2024-04-10,OTHER,1,1,1
NCT01673503,PHASE3,35,,2011-05,,OTHER,2,1,1
NCT00266227,PHASE3,559,ACTUAL,2006-01,2007-10,INDUSTRY,1,0,0
NCT01228227,PHASE3,310,ESTIMATED,2010-10,2011-04,OTHER,1,1,1
NCT01099527,PHASE1|PHASE2,59,ACTUAL,2009-10,2013-08,OTHER,1,1,1
NCT01965327,PHASE2,12,ACTUAL,2013-08,2014-03,OTHER,1,1,1
NCT05254561,PHASE2|PHASE3,160,ACTUAL,2020-11-20,2021-06-20,OTHER_GOV,1,1,1
NCT01978561,PHASE2,40,ACTUAL,2013-10,2015-08,INDUSTRY,1,0,0
NCT00287261,PHASE2,17,ACTUAL,2006-02,2008-03,OTHER,2,6,6
NCT04647890,PHASE2,30,ACTUAL,2021-07-19,2022-10-12,INDUSTRY,3,10,5
NCT00000490,PHASE3,,,1973-06,,OTHER,5,0,0
NCT01952990,PHASE2,18,ACTUAL,2013-09,2013-10,INDUSTRY,1,1,1
NCT03774290,PHASE2,107,ACTUAL,2018-06-01,2020-02-05,INDUSTRY,1,1,1
NCT01607697,PHASE2,42,ACTUAL,2012-03,2014-01,OTHER,1,1,1
NCT02299297,PHASE2,12,ACTUAL,2015-01,2017-12,OTHER,1,1,1
NCT02388997,PHASE2,31,ACTUAL,2013-02-01,2017-05-04,OTHER,1,1,1
NCT02544997,PHASE2,5,ACTUAL,2015-09,2020-02,OTHER,1,1,1
NCT01684410,PHASE2,30,ACTUAL,2012-08,2013-10,INDUSTRY,1,6,1
NCT04125810,PHASE2,190,ACTUAL,2019-09-02,2020-02-07,INDUSTRY,2,7,2
NCT02367313,PHASE2,455,ACTUAL,2015-02,2016-12,INDUSTRY,1,62,6
NCT01298713,PHASE2,111,ACTUAL,2008-03,2011-06,OTHER,2,1,1
NCT00718913,PHASE2,40,ACTUAL,2008-04,2009-09,OTHER,1,8,1
NCT00440713,PHASE3,40,,2004-01,,OTHER,1,0,0
NCT03200860,PHASE2,80,ACTUAL,2017-12-18,2019-09-18,OTHER,3,5,1
NCT02940860,PHASE3,1538,ACTUAL,2016-11-29,2018-05-29,INDUSTRY,3,141,1
NCT03242460,PHASE2,55,ACTUAL,2015-05-12,2019-04-24,OTHER,1,1,1
NCT02637024,PHASE2,280,ESTIMATED,2016-05,2021-12,OTHER,2,10,1
NCT00006459,PHASE3,,,2000-07,,INDUSTRY,1,31,1
NCT03192059,PHASE2,43,ACTUAL,2017-07-01,2021-06-30,OTHER,3,4,1
NCT05775796,PHASE2,30,ACTUAL,2023-03-15,2024-05-28,OTHER,4,1,1
NCT05587062,PHASE3,168,ACTUAL,2019-10-01,2022-07-31,INDUSTRY,2,1,1
NCT02620046,PHASE3,746,ACTUAL,2016-04-15,2024-06-12,INDUSTRY,2,301,33
NCT01151046,PHASE2,118,ACTUAL,2010-06,2014-06,INDUSTRY,1,33,5
NCT01872546,PHASE2,18,ACTUAL,2013-01,2013-04,OTHER,1,1,1
NCT02469246,PHASE3,567,ACTUAL,2015-06-29,2017-12-11,INDUSTRY,1,80,12
NCT02694146,PHASE3,74,ACTUAL,2016-03,2018-05,OTHER,1,2,1
NCT00194688,PHASE2,278,,2003-03,,OTHER,1,1,1
NCT01436227,PHASE2,32,ACTUAL,2012-01-17,2024-03-13,OTHER,1,1,1
NCT03455218,PHASE2|PHASE3,40,ACTUAL,2018-04-25,2019-04-20,OTHER,2,1,1
NCT00014274,PHASE2|PHASE3,238,ACTUAL,2001-01,2008-03,NETWORK,3,29,11
NCT00856518,PHASE2|PHASE3,42,ACTUAL,2009-03,2014-08,FED,2,1,1
NCT00107718,PHASE2,64,ACTUAL,2004-11-15,2006-05-19,INDUSTRY,1,20,2
NCT00609518,PHASE2,111,ACTUAL,2008-02,2009-10,INDUSTRY,1,14,4
NCT02165397,PHASE3,181,ACTUAL,2014-07-07,2019-11-07,INDUSTRY,1,48,9
NCT02387710,PHASE2,18,ACTUAL,2015-03,2016-06,OTHER,1,1,1
NCT00485810,PHASE1|PHASE2,31,ACTUAL,2004-06,,INDUSTRY,1,1,1
NCT01070810,PHASE1|PHASE2,88,ACTUAL,2010-02,2014-11,OTHER,1,1,1
NCT01636713,PHASE3,581,ACTUAL,2012-07,2013-10,INDUSTRY,1,44,5
NCT01177813,PHASE3,986,ACTUAL,2010-07,2012-03,INDUSTRY,1,124,9
NCT05911360,PHASE3,205,ACTUAL,2023-07-07,2026-01-23,INDUSTRY,2,56,12
NCT03679260,PHASE2,22,ACTUAL,2018-09-25,2023-03-24,OTHER,1,1,1
NCT01695460,PHASE3,48,ACTUAL,2012-09,2015-12,OTHER,1,2,1
NCT02556424,PHASE3,114,ACTUAL,2016-01,2021-02-15,OTHER,1,16,1
NCT00274924,PHASE2,100,ACTUAL,2006-09-26,2013-06,NETWORK,1,104,1
NCT04801823,PHASE3,212,ACTUAL,2021-06-01,2025-06-29,OTHER,2,1,1
NCT00080223,PHASE2,83,ACTUAL,2003-08-31,2015-04-30,INDUSTRY,2,27,1
NCT01490723,PHASE2,20,ACTUAL,2013-01,2019-04-24,OTHER,2,1,1
NCT00579423,PHASE2,30,ACTUAL,2000-11,2003-05,OTHER,2,1,1
NCT00243659,PHASE3,30,ACTUAL,2006-04,2008-06,INDUSTRY,1,17,8
NCT02222480,PHASE2,103,ACTUAL,2014-10,2015-05,INDUSTRY,1,1,1
NCT02422979,PHASE1|PHASE2,40,ACTUAL,2015-06,2019-02-25,INDUSTRY,1,7,1
NCT00250796,PHASE2,12,ACTUAL,2000-09,2006-01,OTHER,2,2,1
NCT01037062,PHASE2,282,ACTUAL,2003-12,2006-12,INDUSTRY,1,48,1
NCT07366762,PHASE3,40,ACTUAL,2024-07-10,2025-05-01,OTHER,1,1,1
NCT01347762,PHASE2|PHASE3,84,ACTUAL,2010-06,2017-06-09,OTHER,2,1,1
NCT00261846,PHASE2,571,ACTUAL,2006-01-18,2009-09-25,INDUSTRY,1,111,27
NCT01700946,PHASE2,80,ACTUAL,2013-04-15,2021-07-24,OTHER,2,3,1
NCT02877888,PHASE1|PHASE2,320,ACTUAL,2016-08,2018-10-30,OTHER,1,0,0
NCT00936390,PHASE3,1538,ACTUAL,2009-09,2020-10-03,NETWORK,1,518,2
NCT02153190,PHASE2,36,ACTUAL,2014-05,2015-06,OTHER,2,3,3
NCT02642497,PHASE2|PHASE3,90,ACTUAL,2015-08,2016-02,OTHER,1,0,0
NCT01333397,PHASE2,176,ACTUAL,2011-03,2011-09,INDUSTRY,1,8,2
NCT00025597,PHASE2,,,1999-07,,OTHER,1,11,11
NCT02853110,PHASE2,100,ACTUAL,2016-04,2018-11-01,OTHER,1,4,2
NCT01822210,PHASE2,7,ACTUAL,2013-01,2016-05,OTHER,1,1,1
NCT02290613,PHASE2,38,ACTUAL,2014-07-01,2017-11-27,OTHER,2,1,1
NCT01615120,PHASE2,77,ACTUAL,2012-08-14,2016-11-09,INDUSTRY,1,26,1
NCT06410924,PHASE2,67,ACTUAL,2024-06-13,2025-05-20,INDUSTRY,2,12,1
NCT00818324,PHASE3,154,ACTUAL,2009-01,2010-09,INDUSTRY,1,5,1
NCT00150423,PHASE3,384,,2001-01,,INDUSTRY,1,0,0
NCT00633659,PHASE2,6,ACTUAL,2007-09,2008-06,INDUSTRY,2,1,1
NCT04333459,PHASE2,132,ACTUAL,2021-08-23,2024-10-15,FED,2,2,1
NCT04469959,PHASE2,79,ACTUAL,2021-02-15,2026-04-29,OTHER,5,2,1
NCT02647359,PHASE2,39,ACTUAL,2016-01-31,2021-01-22,INDUSTRY,1,3,2
NCT01165346,PHASE2,44,ACTUAL,2009-08-31,2016-03-31,OTHER,1,4,1
NCT01552096,PHASE2,90,ACTUAL,2011-12,2013-10,OTHER,4,2,1
NCT02203396,PHASE2,40,ACTUAL,2014-08,2016-09,OTHER,1,1,1
NCT02487446,PHASE3,357,ACTUAL,2015-07-28,2016-09-12,INDUSTRY,1,58,1
NCT04684446,PHASE1|PHASE2,100,ACTUAL,2021-09-15,2021-11-26,INDUSTRY,1,4,1
NCT00005646,PHASE2,36,ACTUAL,2000-04,2004-01,OTHER,1,5,1
NCT01464190,PHASE3,659,ACTUAL,2011-09,2012-10,INDUSTRY,1,15,15
NCT03277690,PHASE3,84,ACTUAL,2017-09-26,2020-06-30,INDUSTRY,1,45,12
NCT00239590,PHASE2,28,ACTUAL,2001-06,2004-04-24,OTHER,1,1,1
NCT03144674,PHASE2,110,ACTUAL,2017-12-18,2021-01-15,INDUSTRY,1,86,12
NCT03664518,PHASE2,48,ACTUAL,2018-12-04,2022-06-30,OTHER,2,1,1
NCT05973318,PHASE3,110,ACTUAL,2017-04-10,2018-09-17,INDUSTRY,1,1,1
NCT02739997,PHASE3,100,ACTUAL,2016-04-08,2017-07-28,INDUSTRY,2,0,0
NCT03374397,PHASE3,52,ACTUAL,2017-12-06,2019-08-31,OTHER,1,1,1
NCT03328897,PHASE3,418,ACTUAL,2017-04-26,2019-07-23,INDUSTRY,1,27,1
NCT00163410,PHASE3,500,,2003-04,2004-12,INDUSTRY,1,16,1
NCT02108210,PHASE2|PHASE3,50,ACTUAL,2014-06,2015-12,OTHER,1,1,1
NCT01120210,PHASE2,62,ACTUAL,2010-06,2011-09,INDUSTRY,1,9,4
NCT01684020,PHASE2,10,ACTUAL,2012-11-28,2016-04-26,OTHER,1,1,1
NCT00308282,PHASE2,136,ACTUAL,2006-03-28,2007-06-18,INDUSTRY,1,14,1
NCT05285982,PHASE3,54,ACTUAL,2022-04-06,2025-08-13,INDUSTRY,1,28,17
NCT01967524,PHASE3,80,ACTUAL,2013-09,2016-08,OTHER,1,6,1
NCT04278924,PHASE2,41,ACTUAL,2020-11-09,2024-04-29,INDUSTRY,1,55,11
NCT00545623,PHASE2,130,ACTUAL,2007-04,2010-09,OTHER,1,1,1
NCT03369223,PHASE1|PHASE2,356,ACTUAL,2017-12-06,2024-11-07,INDUSTRY,1,45,11
NCT04285580,PHASE3,37,ACTUAL,2020-06-11,2022-05-14,INDUSTRY,2,6,1
NCT00258180,PHASE2,3,ACTUAL,2005-08-15,2009-02-24,OTHER,3,1,1
NCT02798380,PHASE2,30,ACTUAL,2016-07,2018-10,INDUSTRY,1,1,1
NCT00005879,PHASE2,199,ACTUAL,2000-08,2008-07,OTHER,1,2,1
NCT01464879,PHASE2,20,ACTUAL,2011-12,2012-05,INDUSTRY,1,1,1
NCT00254579,PHASE2,251,ACTUAL,2005-12,2009-12,INDUSTRY,1,65,9
NCT01494662,PHASE2,140,ACTUAL,2012-02,2023-02-01,OTHER,1,18,1
NCT01926262,PHASE2,69,ACTUAL,2013-11,2014-04,OTHER,2,1,1
NCT01446562,PHASE2,34,ACTUAL,2007-05,2016-05,OTHER,1,1,1
NCT00309062,PHASE3,,,2003-12,2006-06,INDUSTRY,1,1,1
NCT01233362,PHASE2,386,ACTUAL,2010-12,2013-02,OTHER,3,1,1
NCT02617446,PHASE2,120,ACTUAL,2015-12,2018-08-14,INDUSTRY,1,11,2
NCT00173888,PHASE2,15,ACTUAL,2003-07,2012-11,OTHER,1,1,1
NCT04770688,PHASE1|PHASE2,25,ACTUAL,2020-11-19,2024-06-20,OTHER,4,1,1
NCT01950390,PHASE2,169,ACTUAL,2014-01-24,2021-10-06,NIH,3,482,1
NCT05566990,PHASE3,34,ACTUAL,2019-07-19,2021-06-03,INDUSTRY,1,11,1
NCT00328718,PHASE3,526,,2005-10,2007-04,INDUSTRY,1,26,7
NCT02004418,PHASE1|PHASE2,21,ACTUAL,2014-03,2019-11,OTHER,1,1,1
NCT05355818,PHASE3,98,ACTUAL,2022-07-14,2024-12-05,INDUSTRY,1,37,7
NCT01570790,PHASE1|PHASE2,8,ACTUAL,2003-05,2005-06,OTHER,5,1,1
NCT01520818,PHASE3,666,ACTUAL,2000-03,2001-04,INDUSTRY,3,77,5
NCT01692197,PHASE2,43,ACTUAL,2013-02-01,2017-06-07,OTHER,1,1,1
NCT01463397,PHASE2,191,ACTUAL,2012-03,2013-05,INDUSTRY,1,61,7
NCT00719797,PHASE3,509,ACTUAL,2008-07,2011-05,OTHER,1,44,1
NCT07011797,PHASE2,250,ACTUAL,2025-06-17,2026-03-23,INDUSTRY,1,17,1
NCT00254397,PHASE2,98,ACTUAL,2005-11,2012-10,OTHER,1,1,1
NCT00643097,PHASE2,40,ACTUAL,2007-09,2012-01,OTHER,1,2,1
NCT00711997,PHASE1|PHASE2,9,ACTUAL,2009-08,2010-10,INDUSTRY,1,4,2
NCT03778697,PHASE1|PHASE2,100,ACTUAL,2017-12-01,2019-04-30,OTHER,1,1,1
NCT00669110,PHASE2,40,ACTUAL,2008-05,2010-05,INDUSTRY,1,9,1
NCT01370213,PHASE2,25,ACTUAL,2011-09,2016-04,OTHER,2,4,1
NCT02546960,PHASE2,848,ACTUAL,2015-11-12,2016-09-12,INDUSTRY,1,17,1
NCT00269360,PHASE2,270,ACTUAL,2001-03,,OTHER,1,1,1
NCT00226460,PHASE2,,,1997-08,,INDUSTRY,1,1,1
NCT04773782,PHASE1|PHASE2,29,ACTUAL,2022-02-24,2025-11-21,INDUSTRY,3,26,9
NCT00670982,PHASE2,29,ACTUAL,2008-05,2011-12,OTHER,1,7,1
NCT02103023,PHASE3,160,ACTUAL,2014-03,2014-11,OTHER,1,1,1
NCT00146523,PHASE3,247,ACTUAL,2005-05,2006-07,INDUSTRY,1,19,4
NCT01242423,PHASE2|PHASE3,100,ACTUAL,2006-11,2010-10,OTHER,1,1,1
NCT00055523,PHASE2,300,,2002-04,,INDUSTRY,1,43,1
NCT02630459,PHASE2,475,ACTUAL,2016-01-06,2017-09-25,INDUSTRY,1,44,1
NCT00050479,PHASE3,100,,2002-12,,NIH,1,1,1
NCT03009396,PHASE3,54,ACTUAL,2017-03-18,2018-11-13,INDUSTRY,1,24,7
NCT01070862,PHASE3,,,2003-05,,OTHER,1,3,1
NCT01051596,PHASE2,75,ACTUAL,2009-09,2013-06,OTHER,1,1,1
NCT01544790,PHASE3,112,ACTUAL,2012-04,2016-08,OTHER,2,1,1
NCT04034290,PHASE2,224,ACTUAL,2019-10-18,2020-06-30,OTHER,1,1,1
NCT00268697,PHASE3,1267,ACTUAL,2005-10,2007-01,INDUSTRY,1,9,4
NCT01921218,PHASE3,13,ACTUAL,2013-08,2019-12-12,OTHER,1,1,1
NCT04599790,PHASE2,30,ACTUAL,2020-10-01,2021-11-29,OTHER,1,1,1
NCT00065013,PHASE2,24,ACTUAL,2003-03,2006-12,NIH,1,0,0
NCT00101413,PHASE2,52,ACTUAL,2004-04,2005-06,INDUSTRY,2,2,2
NCT01053013,PHASE2,58,ACTUAL,2010-04-15,2016-04-16,OTHER,3,1,1
NCT00818220,PHASE2,211,ACTUAL,2008-02,2014-03,OTHER,2,1,1
NCT03290560,PHASE2,92,ACTUAL,2018-01-19,2020-01-23,INDUSTRY,1,12,1
NCT01161160,PHASE2,209,ACTUAL,2010-07-01,2010-08-23,INDUSTRY,1,2,2
NCT02789020,PHASE2,96,ACTUAL,2016-12,2023-05-11,OTHER,1,1,1
NCT01961882,PHASE2,134,ACTUAL,2013-10,2017-11-16,INDUSTRY,1,14,3
NCT01657682,PHASE2,56,ACTUAL,2012-10,2019-04,INDUSTRY,1,1,1
NCT00411424,PHASE1|PHASE2,54,ACTUAL,2007-09,2009-06,INDUSTRY,1,10,6
NCT02132624,PHASE1|PHASE2,15,ACTUAL,2014-04,2017-05-31,OTHER,2,1,1
NCT02425423,PHASE3,100,ACTUAL,2013-06,2014-03,INDUSTRY,1,3,2
NCT00242580,PHASE3,111,ACTUAL,2005-09,2008-01,INDUSTRY,2,1,1
NCT03068780,PHASE3,223,ACTUAL,2017-03-29,2020-06-11,INDUSTRY,1,51,26
NCT00926380,PHASE2,94,ACTUAL,2009-06,2016-12,OTHER,1,1,1
NCT05931380,PHASE3,238,ACTUAL,2023-07-31,2025-06-19,INDUSTRY,1,16,1
NCT00186680,PHASE1|PHASE2,99,ESTIMATED,1996-09,2005-06,OTHER,1,1,1
NCT01416480,PHASE3,332,ACTUAL,2010-05,2011-02,INDUSTRY,1,1,1
NCT02674880,PHASE2,41,ACTUAL,2016-03,2019-01,OTHER,1,1,1
NCT01970579,PHASE3,153,ACTUAL,2013-10,2015-12,INDUSTRY,2,7,1
NCT02231879,PHASE2|PHASE3,20,ACTUAL,2014-10-14,2020-10-08,NIH,5,1,1
NCT02074579,PHASE2,101,ACTUAL,2014-07,2016-04,INDUSTRY,1,1,1
NCT00045279,PHASE2,,,2002-04,2005-09,OTHER,1,1,1
NCT00006379,PHASE2,58,ACTUAL,2000-06,2004-01,OTHER,8,1,1
NCT01541046,PHASE2,55,ACTUAL,2011-11,2014-06,OTHER,1,1,1
NCT00020046,PHASE2,,,1999-12,,NIH,3,1,1
NCT00933790,PHASE3,331,ACTUAL,2009-09-14,2016-12-31,OTHER_GOV,2,3,1
NCT02419118,PHASE2|PHASE3,4,ACTUAL,2015-01,2015-10-01,OTHER,1,1,1
NCT02888990,PHASE2,71,ACTUAL,2007-08,2011-05,OTHER,1,64,4
NCT01841697,PHASE3,642,ACTUAL,2013-06-13,2014-11-17,INDUSTRY,1,0,0
NCT01146197,PHASE1|PHASE2,33,ACTUAL,2010-02,2012-12,OTHER,1,1,1
NCT03284710,PHASE1|PHASE2,132,ACTUAL,2017-06-19,2019-12-12,NIH,1,6,3
NCT00231413,PHASE2,383,ACTUAL,2005-03-04,2006-03-27,INDUSTRY,1,11,2
NCT00537420,PHASE2,551,ACTUAL,2007-10,2008-07,INDUSTRY,1,29,1
NCT04476420,PHASE3,39,ACTUAL,2021-02-11,2021-09-30,OTHER,1,1,1
NCT00824720,PHASE2,55,ACTUAL,2008-12,2009-04,INDUSTRY,2,4,1
NCT03624920,PHASE2,77,ACTUAL,2018-07-12,2019-12-20,INDUSTRY,1,34,5
NCT03097120,PHASE3,309,ACTUAL,1995-01,2001-01,OTHER,1,1,1
NCT02145520,PHASE2,200,ACTUAL,2012-10,2015-05,INDUSTRY,2,1,1
NCT05249920,PHASE3,1362,ACTUAL,2022-03-18,2023-02-17,OTHER,4,1,1
NCT06439420,PHASE2,70,ACTUAL,2024-07-08,2025-09-25,OTHER,6,1,1
NCT05140382,PHASE2,52,ACTUAL,2021-12-15,2023-08-25,INDUSTRY,2,27,8
NCT03954782,PHASE2,61,ACTUAL,2020-06-22,2023-02-24,OTHER,2,8,1
NCT01366924,PHASE1|PHASE2,23,ACTUAL,2007-05,2010-07,FED,2,2,1
NCT00298623,PHASE3,222,ACTUAL,2006-03,2007-02,INDUSTRY,1,0,0
NCT00827359,PHASE2,25,ACTUAL,2009-03,2018-01,OTHER,2,3,1
NCT02460159,PHASE3,135,ACTUAL,2015-06-23,2016-12-22,INDUSTRY,2,0,0
NCT04311580,PHASE2,52,ACTUAL,2000-01-01,2013-12-31,OTHER,1,0,0
NCT00005080,PHASE2,74,ACTUAL,2000-05,2006-01,NIH,14,1,1
NCT00955279,PHASE2,173,ACTUAL,2009-11,2012-05,INDUSTRY,1,53,9
NCT04233879,PHASE3,599,ACTUAL,2020-02-28,2022-11-17,INDUSTRY,1,95,13
NCT05322889,PHASE2,35,ACTUAL,2020-04-09,2022-10-04,OTHER,2,1,1
NCT00024089,PHASE2,60,ACTUAL,2001-07,2006-03,NIH,1,1,1
NCT01613768,PHASE2,29,ACTUAL,2012-05-08,2017-08-23,OTHER,4,1,1
NCT00910650,PHASE2,14,ACTUAL,2009-10-13,2019-05-30,OTHER,1,1,1
NCT07015489,PHASE2,44,ACTUAL,2022-01-01,2025-05-01,OTHER,1,1,1
NCT00225589,PHASE3,840,,2002-08,2006-05,INDUSTRY,1,57,8
NCT00100789,PHASE2,67,ACTUAL,2005-01,2008-02,NETWORK,1,123,1
NCT03223350,PHASE2,30,ACTUAL,2017-12-20,2019-08-05,OTHER,1,1,1
NCT00196950,PHASE2,50,ACTUAL,2003-09,2003-10,INDUSTRY,1,1,1
NCT00969150,PHASE3,362,ACTUAL,2009-09,2010-11,INDUSTRY,1,25,1
NCT03880240,PHASE1|PHASE2,17,ACTUAL,2019-08-05,2024-11-30,OTHER,2,1,1
NCT01643850,PHASE2,36,ACTUAL,2012-04-23,2017-12-07,INDUSTRY,6,8,2
NCT00060840,PHASE2,150,ACTUAL,2003-07,2008-06,INDUSTRY,1,11,3
NCT00360789,PHASE1|PHASE2,30,ESTIMATED,2005-06,,OTHER,1,1,1
NCT00104689,PHASE2,60,ESTIMATED,2003-06-30,2007-03-31,OTHER,1,9,1
NCT00114868,PHASE3,14035,ACTUAL,1998-06,2001-04,OTHER,1,1,1
NCT00003468,PHASE2,11,ACTUAL,1996-07,2004-07,OTHER,1,1,1
NCT00191750,PHASE2,80,,2004-07,,INDUSTRY,1,3,1
NCT01357850,PHASE2,82,ACTUAL,2010-09-15,2012-09-18,INDUSTRY,1,15,2
NCT00036491,PHASE1|PHASE2,24,ACTUAL,2001-01,2006-01,NIH,1,3,1
NCT00115791,PHASE3,276,ACTUAL,2004-06,2005-06,INDUSTRY,2,54,7
NCT04002674,PHASE2,43,ACTUAL,2019-07-01,2025-04-30,OTHER,1,1,1
NCT01725789,PHASE3,454,ACTUAL,2012-11,2016-04,OTHER_GOV,1,6,1
NCT00511368,PHASE2,92,ACTUAL,2006-04,2008-07,INDUSTRY,1,18,1
NCT00255450,PHASE3,750,,2005-01,,INDUSTRY,1,41,1
NCT03245450,PHASE1|PHASE2,40,ACTUAL,2018-03-05,2021-05-17,INDUSTRY,4,39,8
NCT00545389,PHASE2,38,ACTUAL,2003-02-10,2004-10-20,INDUSTRY,1,1,1
NCT03838068,PHASE2|PHASE3,33,ACTUAL,2017-01-18,2018-12-30,OTHER,1,1,1
NCT02804191,PHASE2,62,ACTUAL,2016-07,2019-06,INDUSTRY,1,3,1
NCT01471691,PHASE1|PHASE2,14,ACTUAL,2011-11,2014-02,INDIV,3,4,1
NCT00312091,PHASE1|PHASE2,44,ACTUAL,2006-12,2008-09,NIH,1,4,1
NCT00349791,PHASE3,549,ACTUAL,2002-06,2003-10,INDUSTRY,1,3,3
NCT02306291,PHASE1|PHASE2,91,ACTUAL,2015-03,2017-12,INDUSTRY,1,8,3
NCT00358774,PHASE1|PHASE2,40,,2001-03,2002-03,OTHER,1,0,0
NCT02716974,PHASE2,26,ACTUAL,2016-06,2022-04,OTHER,1,3,1
NCT01773707,PHASE2,212,ACTUAL,2013-03,2021-12-14,NIH,2,17,2
NCT01849367,PHASE1|PHASE2,4,ACTUAL,2013-05,2015-07,OTHER,1,1,1
NCT00993967,PHASE3,200,ACTUAL,2007-06,2012-06,INDUSTRY,1,11,5
NCT00176800,PHASE2,69,ACTUAL,2001-11,2006-02,OTHER,1,1,1
NCT01090492,PHASE2,243,ACTUAL,2010-08-04,2011-05-31,INDUSTRY,2,55,11
NCT04787211,PHASE2,48,ACTUAL,2021-06-20,2021-12-02,INDUSTRY,1,6,1
NCT04591444,PHASE3,121,ACTUAL,2017-01,2019-10,OTHER,2,1,1
NCT03607071,PHASE2,20,ACTUAL,2018-05-15,2019-06-30,OTHER,1,1,1
NCT01429844,PHASE3,274,ACTUAL,2001-01,2007-10,OTHER,2,14,6
NCT00676234,PHASE2,80,ESTIMATED,2008-05,2009-06,OTHER,1,1,1
NCT00504634,PHASE2,8,ACTUAL,2004-01,2007-08,OTHER,1,1,1
NCT00515164,PHASE2,22,ACTUAL,2007-08,2008-04,INDUSTRY,2,8,1
NCT00005864,PHASE2,,,2000-04,,OTHER,1,4,1
NCT00890409,PHASE3,256,ACTUAL,2002-05,2004-06,OTHER,1,1,1
NCT00002609,PHASE2,40,ACTUAL,1994-08,2003-02,OTHER,1,1,1
NCT00219609,PHASE2|PHASE3,1058,,2005-01,2006-03,INDUSTRY,1,82,14
NCT05042609,PHASE3,142,ACTUAL,2021-09-20,2023-06-29,INDUSTRY,2,30,3
NCT00694109,PHASE3,144,ACTUAL,2008-04,2014-09,INDUSTRY,14,33,7
NCT00396032,PHASE3,150,ACTUAL,2006-10,2008-12,INDUSTRY,1,0,0
NCT03391232,PHASE1|PHASE2,11,ACTUAL,2018-05-03,2019-07-17,INDUSTRY,1,2,2
NCT00958763,PHASE2,219,ACTUAL,2006-03,2008-12,OTHER,1,3,1
NCT04900363,PHASE1|PHASE2,108,ACTUAL,2021-05-21,2024-06-28,INDUSTRY,1,1,1
NCT00909987,PHASE2,46,ACTUAL,2009-03,2013-01,OTHER,1,12,1
NCT03850587,PHASE2,261,ACTUAL,2018-08-30,2020-05-12,INDUSTRY,1,10,1
NCT00344032,PHASE3,354,ACTUAL,2006-07-28,2007-12-01,INDUSTRY,1,4,1
NCT00164398,PHASE2,50,ESTIMATED,2004-06,2006-10,FED,1,1,1
NCT05470998,PHASE3,50,ACTUAL,2022-07-25,2024-10-01,OTHER,1,1,1
NCT00709098,PHASE3,49,ACTUAL,2008-09,2010-06,INDUSTRY,1,34,3
NCT02985398,PHASE3,128,ACTUAL,2016-12,2018-04,INDUSTRY,1,20,1
NCT05078463,PHASE2,20,ACTUAL,2021-09-15,2022-08-11,OTHER,1,1,1
NCT01890265,PHASE2,160,ACTUAL,2013-07-30,2017-11-16,INDUSTRY,1,42,7
NCT00043407,PHASE1|PHASE2,42,ACTUAL,2002-03,2004-09,INDUSTRY,1,0,0
NCT00196365,PHASE3,97,ACTUAL,2005-01,2007-07,INDUSTRY,1,18,1
NCT00254592,PHASE2,43,ACTUAL,2005-10,2013-09-04,OTHER,1,1,1
NCT00520936,PHASE2,72,ACTUAL,2007-09,2010-02,INDUSTRY,9,1,1
NCT03989336,PHASE2,84,ACTUAL,2020-12-23,2022-05-22,OTHER,1,1,1
NCT00052936,PHASE3,1506,ACTUAL,2001-01,2010-08-05,OTHER,1,174,2
NCT00226811,PHASE2,78,ACTUAL,2006-01,2008-05,INDUSTRY,1,18,7
NCT01515644,PHASE3,164,ACTUAL,2011-10,2013-02,INDUSTRY,1,1,1
NCT00077844,PHASE2|PHASE3,3532,ESTIMATED,2004-01,2005-09,INDUSTRY,1,0,0
NCT02596971,PHASE1|PHASE2,91,ACTUAL,2015-12-22,2018-04-11,INDUSTRY,1,21,3
NCT00275509,PHASE3,56,ACTUAL,2007-01,2010-06,OTHER,1,1,1
NCT02858999,PHASE2,40,ACTUAL,2010-01,2016-07,OTHER,1,18,1
NCT00000332,PHASE2,0,,1998-05,2000-01,NIH,1,1,1
NCT04735432,PHASE3,110,ACTUAL,2021-02-05,2021-11-02,INDUSTRY,1,47,11
NCT00013598,PHASE2,30,,2001-03,,NIH,2,1,1
NCT06471998,PHASE2,30,ACTUAL,2025-02-28,2026-03-31,OTHER,1,1,1
NCT00424463,PHASE3,181,ACTUAL,2007-01,2009-05,INDUSTRY,1,1,1
NCT00090363,PHASE2,447,ACTUAL,2004-07,2008-12,INDUSTRY,1,60,14
NCT00231387,PHASE3,60,,2002-09,2005-05,INDUSTRY,1,1,1
NCT01963598,PHASE2,253,ACTUAL,2013-11,2015-01,INDUSTRY,1,43,4
NCT01160263,PHASE3,16,ACTUAL,2012-10,2014-10,OTHER,1,2,1
NCT00165867,PHASE2,40,,2005-04,,INDUSTRY,1,7,2
NCT02298192,PHASE3,420,ACTUAL,2014-11-21,2015-12-23,INDUSTRY,2,84,9
NCT00958971,PHASE2,43,ACTUAL,2009-07,2011-03,INDUSTRY,1,38,8
NCT04189744,PHASE3,5436,ACTUAL,2019-12-15,2022-10-21,OTHER,3,1,1
NCT01617434,PHASE3,451,ACTUAL,2012-09,2013-10,INDUSTRY,2,86,9
NCT00093899,PHASE3,611,ACTUAL,2004-11,2005-09,INDUSTRY,3,0,0
NCT02727699,PHASE2,185,ACTUAL,2017-03-23,2019-03-15,INDUSTRY,1,25,3
NCT00989963,PHASE2,36,ACTUAL,2010-02-01,2011-09-13,INDUSTRY,1,17,6
NCT03488563,PHASE2,313,ACTUAL,2018-03-30,2019-06-17,INDUSTRY,1,22,1
NCT01244763,PHASE2,145,ACTUAL,2010-10-29,2012-06-13,INDUSTRY,2,38,2
NCT01802632,PHASE1|PHASE2,603,ACTUAL,2013-03-04,2015-05-01,INDUSTRY,2,45,10
NCT02540993,PHASE3,5734,ACTUAL,2015-09-17,2020-04-14,INDUSTRY,1,978,48
NCT00724165,PHASE2,106,ACTUAL,2006-09,2009-07,OTHER,1,1,1
NCT00009867,PHASE2,35,ACTUAL,2000-12,2004-06,NIH,4,1,1
NCT00887107,PHASE2,32,ACTUAL,2007-10,,OTHER,1,1,1
NCT00030407,PHASE2,34,ACTUAL,2001-10,2005-09,OTHER,1,1,1
NCT03592836,PHASE3,80,ACTUAL,2013-05-01,2017-12-22,OTHER,2,1,1
NCT02546934,PHASE3,254,ESTIMATED,2016-03,2020-04,OTHER,1,1,1
NCT00958334,PHASE2,65,ACTUAL,2006-09-07,2008-10-15,INDUSTRY,1,11,1
NCT01548664,PHASE2,50,ACTUAL,2009-05,2010-09,OTHER,1,1,1
NCT00136409,PHASE2,34,ACTUAL,2002-05,2005-08,OTHER,4,2,1
NCT02780609,PHASE1|PHASE2,22,ACTUAL,2017-07-20,2021-02-20,OTHER,1,1,1
NCT03261999,PHASE3,144,ACTUAL,2017-09-26,2018-11-19,INDUSTRY,1,21,5
NCT00047099,PHASE3,446,ESTIMATED,2001-08,2012-02,OTHER,1,2,1
NCT00246363,PHASE1|PHASE2,40,ACTUAL,2005-01,2007-12,OTHER,2,1,1
NCT05250063,PHASE2,15,ACTUAL,2022-02-18,2025-01-22,INDUSTRY,1,10,2
NCT02989493,PHASE2,61,ACTUAL,2017-04-12,2020-03-13,OTHER,1,1,1
NCT04080921,PHASE1|PHASE2,22,ACTUAL,2014-06-16,2019-06-30,OTHER,2,1,1
NCT00052065,PHASE1|PHASE2,28,,2003-02,2006-03,INDUSTRY,1,1,1
NCT05107765,PHASE1|PHASE2,67,ACTUAL,2022-05-12,2024-08-16,OTHER,1,1,1
NCT03890900,PHASE1|PHASE2,55,ACTUAL,2020-03-01,2022-07-01,OTHER,1,1,1
NCT05787600,PHASE3,54,ACTUAL,2023-03-03,2023-04-20,OTHER,4,1,1
NCT00526136,PHASE2,735,ACTUAL,2007-03,,INDUSTRY,1,152,24
NCT01091636,PHASE2|PHASE3,184,ACTUAL,2010-03,2020-01-10,OTHER_GOV,1,1,1
NCT00952536,PHASE2,60,ACTUAL,2005-02,2010-06,OTHER_GOV,1,1,1
NCT03627611,PHASE2,69,ACTUAL,2018-08-14,2020-06-22,OTHER,3,1,1
NCT06827171,PHASE2,40,ACTUAL,2025-02-20,2025-06-30,OTHER,1,1,1
NCT05017571,PHASE2,152,ACTUAL,2021-11-08,2025-09-02,NIH,3,1,1
NCT01412944,PHASE3,43,ACTUAL,2011-12,2013-04,INDUSTRY,1,27,8
NCT00413244,PHASE3,51,ACTUAL,2007-01,2014-01,OTHER,1,1,1
NCT03172234,PHASE2|PHASE3,90,ACTUAL,2017-06-15,2018-05-15,OTHER,1,1,1
NCT02229734,PHASE2,60,ESTIMATED,2014-12,2017-08,OTHER,1,1,1
NCT05291234,PHASE2,106,ACTUAL,2022-08-15,2025-11-19,INDUSTRY,1,32,1
NCT04642664,PHASE2,22,ACTUAL,2018-12-01,2020-12-01,OTHER,4,2,1
NCT02021409,PHASE2,126,ACTUAL,2014-01-28,2015-10-15,INDUSTRY,2,51,14
NCT00989599,PHASE3,123,ACTUAL,2004-09,2007-12,OTHER,1,1,1
NCT03641209,PHASE1|PHASE2,40,ACTUAL,2018-09-03,2023-11-03,OTHER,2,1,1
NCT00946309,PHASE1|PHASE2,45,ACTUAL,2010-07,2014-05,OTHER,1,1,1
NCT01315132,PHASE2,47,ACTUAL,2008-04-10,2018-09-19,OTHER,5,1,1
NCT02453932,PHASE3,543,ACTUAL,2013-10,2017-05,OTHER,1,1,1
NCT01614132,PHASE1|PHASE2,33,ACTUAL,2009-01,2018-10,OTHER,1,15,1
NCT05226598,PHASE3,739,ACTUAL,2022-03-24,2024-09-24,INDUSTRY,1,149,19
NCT00930163,PHASE2,218,ACTUAL,2009-07,2010-07,INDUSTRY,1,0,0
NCT01703793,PHASE2,240,ACTUAL,2012-09,2013-01,INDUSTRY,1,22,1
NCT06009393,PHASE2,26,ACTUAL,2023-12-22,2024-06-29,INDUSTRY,1,1,1
NCT03530267,PHASE2,124,ACTUAL,2018-09-28,2024-02-01,OTHER,1,25,1
NCT00672867,PHASE3,102,ESTIMATED,2007-12,2012-11,INDUSTRY,1,1,1
NCT00068107,PHASE2,13,ACTUAL,2003-09,2013-12,OTHER,1,1,1
NCT01665092,PHASE2,250,ACTUAL,2013-01,2018-03,OTHER,1,14,1
NCT02432807,PHASE3,303,ACTUAL,2015-05,2018-05-31,INDUSTRY,1,16,1
NCT02952807,PHASE2,160,ACTUAL,2016-01,2017-01,OTHER_GOV,1,1,1
NCT01977300,PHASE3,159,ACTUAL,2003-01,2011-08,OTHER,1,1,1
NCT01568892,PHASE3,30,ACTUAL,2012-04-18,2012-10-31,INDUSTRY,1,25,1
NCT00045136,PHASE1|PHASE2,,,2002-01,2003-01,INDUSTRY,1,5,1
NCT01369511,PHASE2,400,ACTUAL,2011-07,2014-02,INDUSTRY,1,45,11
NCT02702011,PHASE2,48,ACTUAL,2016-03-20,2016-09-05,INDUSTRY,1,4,1
NCT03176771,PHASE2|PHASE3,256,ACTUAL,2017-06-21,2020-09-29,INDUSTRY,1,82,1
NCT04304144,PHASE2,25,ACTUAL,2020-03-18,2023-11-14,INDUSTRY,1,3,1
NCT02014844,PHASE2,28,ACTUAL,2014-03,2016-12,INDUSTRY,1,4,1
NCT02008344,PHASE3,1161,ACTUAL,2013-12,2015-01,INDUSTRY,1,247,11
NCT01419444,PHASE1|PHASE2,14,ACTUAL,2011-08,2013-08,OTHER,1,1,1
NCT03544944,PHASE3,297,ACTUAL,2018-01-02,2018-05-30,INDUSTRY,1,1,1
NCT00125944,PHASE3,300,,2005-07,,INDUSTRY,2,4,1
NCT00532844,PHASE2,52,ACTUAL,2007-09,2008-11,INDUSTRY,1,1,1
NCT02247544,PHASE2,105,ACTUAL,2014-03,2019-03-12,NETWORK,2,21,1
NCT03169244,PHASE2,42,ACTUAL,2017-09-04,2019-08-19,OTHER,1,1,1
NCT01263834,PHASE2|PHASE3,39,ACTUAL,2010-12,2014-01,OTHER,1,1,1
NCT00734734,PHASE2,64,ACTUAL,2008-06,2008-07,INDUSTRY,1,2,1
NCT00413764,PHASE3,358,ACTUAL,2004-03-23,2005-11-15,INDUSTRY,1,0,0
NCT00149864,PHASE3,264,ACTUAL,2000-02,2003-12,INDUSTRY,1,0,0
NCT03375164,PHASE1|PHASE2,4,ACTUAL,2018-01-04,2023-04-25,INDUSTRY,1,1,1
NCT05587309,PHASE3,1250,ACTUAL,2022-10-30,2025-06-16,INDUSTRY,1,122,1
NCT02485509,PHASE1|PHASE2,28,ACTUAL,2013-03,2013-12,INDUSTRY,1,1,1
NCT00092209,PHASE3,840,,2002-04,2002-11,INDUSTRY,1,0,0
NCT02232399,PHASE2,72,ACTUAL,2014-10-15,2017-04-25,OTHER,1,2,2
NCT00962767,PHASE3,168,ACTUAL,2002-05,2007-12,INDUSTRY,1,0,0
NCT01444092,PHASE3,123,ACTUAL,2011-11,2014-09,INDUSTRY,1,24,5
NCT04279392,PHASE1|PHASE2,10,ACTUAL,2020-09-01,2022-12-30,OTHER,3,1,1
NCT05763667,PHASE3,15,ACTUAL,2024-01-01,2024-07-01,OTHER,2,1,1
NCT00275600,PHASE2|PHASE3,82,ACTUAL,2003-01,2007-09,OTHER,1,1,1
NCT02854800,PHASE2|PHASE3,74,ACTUAL,2016-07-08,2017-04-10,OTHER,2,1,1
NCT01734811,PHASE3,120,ACTUAL,2012-10,2016-05,INDUSTRY,2,2,1
NCT01055171,PHASE2,44,ACTUAL,2010-01,2012-08,OTHER,2,1,1
NCT01285271,PHASE3,30,ACTUAL,2011-05,2011-09,OTHER,5,1,1
NCT02660944,PHASE2,64,ACTUAL,2016-01-03,2020-05-28,INDUSTRY,1,16,1
NCT00608244,PHASE2,59,ACTUAL,2007-11,2008-06,INDUSTRY,1,1,1
NCT00092144,PHASE3,500,ESTIMATED,2004-02-26,2004-06-15,INDUSTRY,1,0,0
NCT01530334,PHASE2,61,ACTUAL,2012-07,2014-07,INDUSTRY,1,24,1
NCT00442364,PHASE2,60,ACTUAL,2007-03,2008-06,INDUSTRY,1,7,1
NCT02247232,PHASE3,793,ACTUAL,2014-12,2021-06-29,INDUSTRY,1,7,7
NCT00606632,PHASE3,226,ACTUAL,2008-03,2009-11,INDUSTRY,2,14,1
NCT00182663,PHASE2,30,ESTIMATED,2003-06,2007-04,OTHER,4,1,1
NCT00230763,PHASE3,396,ACTUAL,2005-09,2007-10,INDUSTRY,2,102,1
NCT01680965,PHASE1|PHASE2,44,ACTUAL,2012-11-14,2020-08,OTHER,1,4,1
NCT01163500,PHASE2|PHASE3,59,ACTUAL,2008-07,2009-03,OTHER,1,1,1
NCT03559192,PHASE2,181,ACTUAL,2018-07-16,2020-05-06,INDUSTRY,1,53,6
NCT00682292,PHASE3,227,ACTUAL,2001-05,2006-11,OTHER,1,1,1
NCT02426892,PHASE2,33,ACTUAL,2015-12-23,2021-11-30,OTHER,1,1,1
NCT03945292,PHASE2,40,ACTUAL,2019-08-07,2021-11-08,INDUSTRY,1,21,6
NCT01395511,PHASE2,40,ACTUAL,2009-12,2010-10,OTHER,1,1,1
NCT00725764,PHASE2,14,ACTUAL,2007-08-27,2009-05-02,INDUSTRY,1,11,1
NCT00249509,PHASE2,132,,2000-09,2004-09,NIH,1,1,1
NCT00554164,PHASE3,1073,ACTUAL,2007-11,2017-03,OTHER,1,1,1
NCT00006164,PHASE3,1050,ACTUAL,2000-06,2007-04,NIH,4,11,1
NCT00546832,PHASE3,650,ACTUAL,2007-10,2008-10,INDUSTRY,1,49,1
NCT00174798,PHASE2,118,ACTUAL,2005-05,2006-05,INDUSTRY,1,22,1
NCT00256698,PHASE3,514,ACTUAL,2004-01,2009-04,INDUSTRY,1,85,12
NCT00642707,PHASE2,44,ACTUAL,2008-03,2008-11,INDUSTRY,2,1,1
NCT01060007,PHASE2,80,ACTUAL,2009-11,2013-04,OTHER,1,1,1
NCT00621907,PHASE3,140,ACTUAL,2008-03,2009-05,OTHER,1,1,1
NCT00008736,PHASE2,,,,,NIH,1,1,1
NCT02243436,PHASE1|PHASE2,67,ACTUAL,2014-11-11,2019-01,OTHER,1,14,1
NCT01987011,PHASE3,420,ACTUAL,2013-08,2013-10,INDUSTRY,1,4,1
NCT01225211,PHASE2,312,ACTUAL,2010-10,2014-04,INDUSTRY,1,55,7
NCT00706771,PHASE2,70,ESTIMATED,2010-02,2012-09,OTHER_GOV,3,2,1
NCT01898871,PHASE2,81,ACTUAL,2012-02,2012-07,OTHER_GOV,2,2,1
NCT01316471,PHASE2,273,ACTUAL,2011-05,2015-11,OTHER,3,1,1
NCT00745199,PHASE2,62,ACTUAL,2008-05,2008-11,OTHER,2,1,1
NCT01911299,PHASE2,55,ACTUAL,2013-05,2014-05,OTHER,5,1,1
NCT00950599,PHASE2,423,ACTUAL,2003-05,2004-05,INDUSTRY,1,0,0
NCT01535599,PHASE3,768,ACTUAL,2012-03,2013-05,INDUSTRY,1,0,0
NCT01071499,PHASE2|PHASE3,43,ACTUAL,2010-03,2012-11,OTHER,1,1,1
NCT04275999,PHASE2,30,ACTUAL,2021-04-16,2024-01-17,OTHER,1,1,1
NCT04149899,PHASE1|PHASE2,77,ACTUAL,2019-11-14,2021-01-31,INDUSTRY,2,1,1
NCT01188499,PHASE1|PHASE2,176,ACTUAL,2010-10,2013-10,INDUSTRY,1,7,1
NCT04959032,PHASE3,228,ACTUAL,2021-07-08,2024-07-25,INDUSTRY,1,43,4
NCT00520598,PHASE2,511,ACTUAL,2007-10,2011-05,INDUSTRY,5,0,0
NCT00152867,PHASE3,86,ACTUAL,2005-01,2010-09,OTHER,3,2,1
NCT01290367,PHASE2,100,ACTUAL,2011-08,2013-07,INDUSTRY,1,14,2
NCT03907267,PHASE2|PHASE3,40,ACTUAL,2015-01-01,2019-12-01,OTHER,1,1,1
NCT01229267,PHASE3,1257,ACTUAL,2010-11-30,2015-12-23,INDUSTRY,1,0,0
NCT01968967,PHASE3,2139,ACTUAL,2013-10-29,2016-07-05,INDUSTRY,1,249,12
NCT03667300,PHASE2,209,ACTUAL,2017-03-16,2019-05-14,OTHER,3,1,1
NCT05021900,PHASE2,40,ACTUAL,2021-10-13,2023-03-31,INDUSTRY,2,3,1
NCT00577707,PHASE2,9,ACTUAL,2007-11,2011-12,OTHER,2,1,1
NCT00650507,PHASE3,300,ACTUAL,2008-03,2012-12,OTHER,1,1,1
NCT01387607,PHASE3,343,ACTUAL,2012-02-06,2016-10-31,INDUSTRY,1,22,1
NCT05322707,PHASE3,1485,ACTUAL,2022-04-15,2023-08-15,INDUSTRY,1,1,1
NCT01110707,PHASE2,131,ACTUAL,2005-01-10,2006-11-15,INDUSTRY,2,1,1
NCT02040207,PHASE3,487,ACTUAL,2014-06,2016-12,INDUSTRY,1,1,1
NCT00153036,PHASE3,821,ACTUAL,2003-04,2008-02,INDUSTRY,1,142,19
NCT00507936,PHASE2,280,ACTUAL,2007-08,2008-10,INDUSTRY,5,49,7
NCT03707171,PHASE3,30,ACTUAL,2018-10-01,2019-02-01,OTHER,1,1,1
NCT00730171,PHASE3,1743,ACTUAL,2008-09,2012-03,INDUSTRY,2,116,1
NCT02697734,PHASE3,73,ACTUAL,2016-10-03,2019-06-19,INDUSTRY,1,36,14
NCT02155764,PHASE2,60,ACTUAL,2016-09-01,2018-12-01,OTHER,2,1,1
NCT05193409,PHASE2,151,ACTUAL,2022-02-02,2022-10-10,INDUSTRY,1,15,1
NCT00133809,PHASE2,8,ACTUAL,2002-07,2014-12,OTHER,1,1,1
NCT02555709,PHASE1|PHASE2,74,ACTUAL,2015-08,2016-03,INDUSTRY,1,14,1
NCT02523599,PHASE3,305,ACTUAL,2015-08,2016-04,INDUSTRY,1,23,1
NCT03636932,PHASE2,40,ACTUAL,2019-04-30,2021-02-04,OTHER,1,1,1
NCT05998317,PHASE2|PHASE3,60,ACTUAL,2023-10-08,2023-11-15,OTHER,3,1,1
NCT01330017,PHASE2,539,ACTUAL,2011-03,2011-05,INDUSTRY,2,0,0
NCT04502589,PHASE1|PHASE2,4,ACTUAL,2020-10-15,2021-08-11,OTHER,1,1,1
NCT04065074,PHASE2,16,ACTUAL,2019-07-30,2019-10-11,INDUSTRY,1,5,1
NCT00003274,PHASE2,48,ACTUAL,1998-03,2001-09,OTHER,1,2,1
NCT00270374,PHASE3,498,ACTUAL,1999-10,,INDUSTRY,2,0,0
NCT02443818,PHASE2,16,ACTUAL,2015-05,2016-11,OTHER,1,11,1
NCT04702997,PHASE2,81,ACTUAL,2021-02-09,2021-10-20,INDUSTRY,1,12,1
NCT03765697,PHASE3,259,ACTUAL,2003-07-16,2005-07-12,INDUSTRY,1,0,0
NCT03704610,PHASE3,31,ACTUAL,2019-03-28,2021-06-21,OTHER,1,10,1
NCT05852613,PHASE3,20,ACTUAL,2023-05-06,2023-06-01,OTHER,1,1,1
NCT01881113,PHASE3,101,ACTUAL,2013-06,2013-10,INDUSTRY,1,1,1
NCT00774423,PHASE2|PHASE3,141,ACTUAL,2006-01,2011-09,OTHER,1,1,1
NCT00000223,PHASE2,0,,1993-06,,NIH,1,1,1
NCT03895996,PHASE1|PHASE2,25,ACTUAL,2019-06-20,2022-05-17,INDUSTRY,1,1,1
NCT00102362,PHASE3,627,,2004-12,2006-10,OTHER,1,13,1
NCT02490696,PHASE2,23,ACTUAL,2015-06-01,2018-12,OTHER,1,1,1
NCT05639946,PHASE3,44,ACTUAL,2023-01-01,2024-10-07,OTHER,2,1,1
NCT04994288,PHASE2|PHASE3,547,ACTUAL,2021-08-03,2023-06-20,OTHER,1,1,1
NCT00423488,PHASE3,93,ACTUAL,2005-07-12,2007-02-16,INDUSTRY,3,0,0
NCT00952003,PHASE2,40,ACTUAL,2009-07,2014-10-22,OTHER,2,7,1
NCT00416403,PHASE2,35,ACTUAL,2006-07,2007-09,OTHER,1,4,1
NCT05948761,PHASE1|PHASE2,40,ACTUAL,2023-07-04,2024-08-30,OTHER,1,2,1
NCT02857361,PHASE2,10,ACTUAL,2016-07,2016-08,OTHER,1,1,1
NCT01991561,PHASE2,390,ACTUAL,2013-06,2014-07,INDUSTRY,4,2,1
NCT02175342,PHASE2,202,ACTUAL,1998-03-01,1999-04-01,INDUSTRY,1,0,0
NCT04270942,PHASE2,6,ACTUAL,2020-02-26,2024-01-22,INDUSTRY,1,8,1
NCT00193973,PHASE2,20,ACTUAL,2001-07,2008-07,OTHER,1,15,2
NCT01661673,PHASE2,52,ACTUAL,2012-11,2013-10,INDUSTRY,2,1,1
NCT00165269,PHASE2,100,ACTUAL,1992-05,2000-06,OTHER,1,2,1
NCT04426669,PHASE1|PHASE2,23,ACTUAL,2020-05-15,2025-05-28,INDUSTRY,11,1,1
NCT02462083,PHASE3,555,ACTUAL,2015-08-11,2017-01-31,INDUSTRY,1,46,1
NCT04539769,PHASE2,20,ACTUAL,2017-09-01,2019-04-30,OTHER,2,1,1
NCT02437669,PHASE2,35,ACTUAL,2015-05,2018-04,OTHER,1,1,1
NCT00667069,PHASE3,424,ACTUAL,2008-04-07,2020-04,OTHER,1,17,1
NCT02384083,PHASE1|PHASE2,47,ACTUAL,2015-09,2018-02,OTHER,1,10,1
NCT00268983,PHASE3,14,ACTUAL,2004-10,2009-09,INDUSTRY,1,3,3
NCT00344383,PHASE2,61,ACTUAL,2003-11,,INDUSTRY,1,0,0
NCT00229541,PHASE3,129,ACTUAL,2003-10,,OTHER,1,1,1
NCT03538054,PHASE2,27,ACTUAL,2018-06-26,2020-03-18,OTHER,1,1,1
NCT01575054,PHASE3,468,ACTUAL,2012-05,2014-09,INDUSTRY,1,12,9
NCT00415350,PHASE3,72,ACTUAL,2008-04,2009-12,OTHER,2,16,1
NCT02475850,PHASE3,5451,ACTUAL,2015-08,2019-12,OTHER,2,10,1
NCT03301350,PHASE2,29,ACTUAL,2017-11-07,2020-03-23,OTHER,2,6,1
NCT04176250,PHASE2,93,ACTUAL,2020-01-16,2022-10-05,OTHER,1,4,1
NCT01792050,PHASE2,169,ACTUAL,2013-02,2016-07-01,INDUSTRY,1,40,2
NCT00001750,PHASE2,32,,1998-09,,NIH,1,1,1
NCT01057550,PHASE3,201,ACTUAL,2001-10,2006-11,OTHER_GOV,1,1,1
NCT00326391,PHASE3,229,ACTUAL,2006-04,2006-12,INDUSTRY,1,0,0
NCT04917874,PHASE3,47,ACTUAL,2021-05-25,2023-07-31,INDUSTRY,4,6,1
NCT03811574,PHASE3,401,ACTUAL,2019-01-21,2020-11-20,INDUSTRY,2,28,2
NCT03468790,PHASE3,393,ACTUAL,2018-05-09,2021-01-12,INDUSTRY,1,2,1
NCT06545097,PHASE3,279,ACTUAL,2024-09-03,2024-12-30,INDUSTRY,1,4,1
NCT04952610,PHASE3,130,ACTUAL,2021-12-13,2026-04-10,OTHER,1,23,2
NCT04379713,PHASE3,1511,ACTUAL,2020-05-21,2022-08-31,INDUSTRY,1,97,11
NCT00398060,PHASE3,389,ACTUAL,2003-01,2004-12,OTHER_GOV,2,1,1
NCT07064720,PHASE2|PHASE3,60,ACTUAL,2024-07-12,2025-12-22,OTHER,1,1,1
NCT06222320,PHASE2|PHASE3,34,ACTUAL,2024-01-24,2024-10-01,OTHER,2,1,1
NCT01406223,PHASE3,282,ACTUAL,2011-07,2013-12,OTHER,1,2,1
NCT05089123,PHASE3,320,ACTUAL,2020-03-03,2020-05-28,OTHER_GOV,1,2,1
NCT00201123,PHASE2,89,ACTUAL,2005-04,2007-01,OTHER,2,2,2
NCT02251223,PHASE1|PHASE2,208,ACTUAL,2001-02,2002-02,INDUSTRY,1,0,0
NCT02070159,PHASE3,43,ACTUAL,2011-12,2012-12,OTHER,1,1,1
NCT00315796,PHASE3,120,,2004-08,,OTHER,1,1,1
NCT02927496,PHASE3,220,ACTUAL,2018-06-19,2020-12-19,OTHER,3,1,1
NCT02407262,PHASE2,80,ACTUAL,2015-05,2015-12,OTHER,1,1,1
NCT01932762,PHASE2,98,ACTUAL,2013-10-01,2014-12-04,INDUSTRY,1,0,0
NCT00218127,PHASE2,142,ACTUAL,2001-11,2005-07,NIH,2,1,1
NCT04609761,PHASE2,17,ACTUAL,2021-01-12,2025-10-15,OTHER,1,1,1
NCT00478842,PHASE3,20,ACTUAL,2007-11,2016-12,OTHER,1,1,1
NCT01389973,PHASE2,20,ACTUAL,2011-09,2013-06,INDUSTRY,1,10,2
NCT03443869,PHASE3,601,ACTUAL,2018-05-03,2022-04-05,INDUSTRY,1,94,16
NCT00234741,PHASE2,12,,2005-11,,INDUSTRY,1,1,1
NCT02801305,PHASE2,90,ACTUAL,2016-06,2017-01,OTHER,1,1,1
NCT00191854,PHASE2,147,ACTUAL,2005-03,2008-08,INDUSTRY,1,18,6
NCT01766817,PHASE2,325,ACTUAL,2013-01-31,2016-02-29,INDUSTRY,1,72,6
NCT00590317,PHASE2,64,ACTUAL,2005-03,2008-09,OTHER,1,2,1
NCT00724568,PHASE1|PHASE2,74,ACTUAL,2008-05,2009-04,OTHER,1,6,2
NCT04009291,PHASE2,59,ACTUAL,2019-08-27,2020-03-06,INDUSTRY,3,15,6
NCT02326090,PHASE2,161,ACTUAL,2014-12,2015-04,INDUSTRY,1,1,1
NCT01374490,PHASE3,250,ACTUAL,2011-06-07,2012-10-31,INDUSTRY,2,21,1
NCT01152190,PHASE3,97,ACTUAL,2010-09,2012-07,INDUSTRY,1,5,3
NCT05029297,PHASE3,161,ACTUAL,2010-11-04,2018-10-23,INDUSTRY,1,0,0
NCT00484120,PHASE2,123,ACTUAL,2007-06,2008-11,INDUSTRY,1,4,1
NCT00383682,PHASE2,60,,1997-07,,NIH,2,1,1
NCT01181882,PHASE2,30,ACTUAL,2010-08,2012-03,OTHER,1,1,1
NCT00937859,PHASE3,301,ACTUAL,2009-06,2010-07,INDUSTRY,1,1,1
NCT03366480,PHASE1|PHASE2,103,ACTUAL,2016-12-01,2020-06-01,INDUSTRY,2,1,1
NCT00807079,PHASE1|PHASE2,12,ACTUAL,2008-09,2011-05,OTHER,1,1,1
NCT06196879,PHASE2,479,ACTUAL,2024-02-27,2025-12-16,INDUSTRY,1,155,15
NCT03129646,PHASE3,439,ACTUAL,2018-01-24,2020-12-11,OTHER,1,7,4
NCT00483496,PHASE2,16,ACTUAL,2007-09,2008-04,INDUSTRY,1,3,2
NCT01704196,PHASE2,179,ACTUAL,2013-04,2014-08,NIH,1,10,1
NCT04983888,PHASE2,20,ACTUAL,2021-11-17,2025-06-16,OTHER,1,1,1
NCT02550288,PHASE3,309,ACTUAL,2015-09-29,2016-05-30,INDUSTRY,1,0,0
NCT00251927,PHASE3,626,ACTUAL,2001-10,2009-04,INDUSTRY,1,59,12
NCT00642161,PHASE3,430,ESTIMATED,2002-11,2004-09,INDUSTRY,1,0,0
NCT02838342,PHASE2,28,ACTUAL,2015-05-19,2020-04,OTHER,1,2,1
NCT00291642,PHASE2,551,ACTUAL,2006-01-01,2006-04-01,INDUSTRY,3,1,1
NCT06784570,PHASE2,240,ACTUAL,2021-01-01,2024-03-01,OTHER_GOV,2,1,1
NCT02801370,PHASE3,262,ACTUAL,2016-06,2016-11,INDUSTRY,2,2,2
NCT05156970,PHASE2,81,ACTUAL,2021-06-24,2024-06-24,OTHER,2,1,1
NCT00287170,PHASE1|PHASE2,15,ACTUAL,2006-07,,INDUSTRY,1,1,1
NCT01418170,PHASE2,26,ACTUAL,2011-09,2012-08,OTHER,3,1,1
NCT05819970,PHASE1|PHASE2,40,ACTUAL,2022-10-20,2023-02-23,OTHER,1,1,1
NCT01646073,PHASE3,425,ACTUAL,2012-08,2013-12,INDUSTRY,1,16,1
NCT03336983,PHASE2,126,ACTUAL,2017-12-01,2022-06-30,OTHER,2,1,1
NCT01030783,PHASE3,517,ACTUAL,2009-12,2012-07,INDUSTRY,1,86,16
NCT00263341,PHASE3,1135,ACTUAL,2005-12,2014-08,OTHER,1,12,8
NCT00319241,PHASE2,120,,1998-01,2003-10,OTHER,2,1,1
NCT00413205,PHASE2,491,ACTUAL,2007-01,2010-05,INDUSTRY,1,64,12
NCT02293317,PHASE2,37,ACTUAL,2014-11,2015-03,INDUSTRY,1,1,1
NCT00338117,PHASE3,554,ACTUAL,1995-08,,INDUSTRY,2,0,0
NCT05563389,PHASE2|PHASE3,100,ACTUAL,2022-06-15,2023-02-25,OTHER,1,1,1
NCT00934050,PHASE2,103,ACTUAL,2009-06,2011-06,INDUSTRY,1,38,2
NCT01236391,PHASE2,115,ACTUAL,2011-02,2014-01,INDUSTRY,1,18,4
NCT03727074,PHASE3,462,ACTUAL,2018-12-21,2019-12-19,INDUSTRY,1,1,1
NCT03143218,PHASE3,5920,ACTUAL,2017-04-17,2020-03-31,OTHER,2,2,2
NCT00699790,PHASE2,58,ACTUAL,2009-02,2009-12,INDUSTRY,1,12,1
NCT00559910,PHASE2,230,ACTUAL,2008-02,2009-12,INDUSTRY,1,45,13
NCT00003013,PHASE3,450,ESTIMATED,1996-10,,OTHER,1,28,11
NCT00196560,PHASE3,50,ACTUAL,2003-09,2007-06,OTHER,1,1,1
NCT00000160,PHASE3,,,1972-01,,NIH,2,0,0
NCT07359924,PHASE2,20,ACTUAL,2022-02-03,2022-08-08,OTHER,1,1,1
NCT00265824,PHASE3,700,ACTUAL,2005-05,2012-03,OTHER,1,47,3
NCT02685059,PHASE2,174,ACTUAL,2016-06,2018-03,OTHER,1,1,1
NCT01142479,PHASE2|PHASE3,60,ACTUAL,2010-05,2011-04,OTHER_GOV,3,1,1
NCT00715962,PHASE2,100,ACTUAL,2010-01,2011-06,FED,1,1,1
NCT03551496,PHASE3,201,ACTUAL,2018-08-31,2022-04-21,INDUSTRY,1,42,5
NCT00240279,PHASE3,10,,2003-01,2008-10,INDUSTRY,1,1,1
NCT00489996,PHASE2,100,ACTUAL,2003-01,,INDUSTRY,1,1,1
NCT05459688,PHASE2,175,ACTUAL,2022-04-06,2023-11-07,INDUSTRY,1,36,1
NCT00441727,PHASE3,2426,ACTUAL,2007-02,2008-08,INDUSTRY,2,189,20
NCT00953927,PHASE2,2797,ACTUAL,2009-07,2012-10,OTHER,1,3,1
NCT02311361,PHASE1|PHASE2,65,ACTUAL,2015-03-25,2019-10-23,NIH,5,1,1
NCT02553473,PHASE3,121,ACTUAL,2015-10,2020-01,OTHER_GOV,1,0,0
NCT05322473,PHASE2,234,ACTUAL,2022-04-25,2023-05-09,INDUSTRY,1,57,7
NCT00700973,PHASE2|PHASE3,141,ACTUAL,2009-02,2012-01,FED,2,1,1
NCT02945969,PHASE3,151,ACTUAL,2016-11,2021-01,OTHER,2,1,1
NCT04067869,PHASE3,392,ACTUAL,2010-02-16,2010-12-13,OTHER,2,1,1
NCT01001208,PHASE3,478,ACTUAL,2009-11,2010-12,INDUSTRY,1,0,0
NCT01023308,PHASE3,767,ACTUAL,2009-12-21,2015-07-30,INDUSTRY,1,210,34
NCT04437017,PHASE3,557,ACTUAL,2020-02-03,2022-05-01,OTHER,1,1,1
NCT04491240,PHASE1|PHASE2,30,ACTUAL,2020-07-20,2020-10-01,OTHER,3,1,1
NCT00656240,PHASE2,,,,,INDUSTRY,2,1,1
NCT03535740,PHASE2,103,ACTUAL,2019-01-31,2020-09-30,INDUSTRY,1,80,15
NCT00931489,PHASE2,131,ACTUAL,2009-08,2014-06,OTHER,1,1,1
NCT05148091,PHASE1|PHASE2,478,ACTUAL,2021-12-01,2023-08-04,INDUSTRY,1,5,1
NCT00005618,PHASE2,,,2000-02,,OTHER,1,1,1
NCT00319410,PHASE3,130,,2005-07,,OTHER_GOV,1,1,1
NCT00002610,PHASE3,203,ACTUAL,1996-01,2002-06,NETWORK,1,235,7
NCT01850160,PHASE3,124,ACTUAL,2013-04,2015-03,INDUSTRY,1,8,2
NCT00191620,PHASE2,64,,2004-03,,INDUSTRY,1,4,4
NCT00370682,PHASE2,120,ACTUAL,2007-04,2008-02,FED,1,1,1
NCT05981924,PHASE2,66,ACTUAL,2023-08-01,2024-01-20,OTHER,2,1,1
NCT03432923,PHASE3,260,ACTUAL,2018-02-02,2018-04-21,INDUSTRY,1,19,1
NCT00864123,PHASE2,30,ACTUAL,2008-01,2009-11,OTHER,1,1,1
NCT01316380,PHASE3,465,ACTUAL,2011-03,2012-04,INDUSTRY,1,62,12
NCT03423979,PHASE2,80,ACTUAL,2017-12-19,2019-06-04,INDUSTRY,2,5,2
NCT02025179,PHASE2,25,ACTUAL,2013-01,2015-08-14,OTHER,3,1,1
NCT03702946,PHASE3,60,ACTUAL,2017-07-15,2018-01-15,OTHER,1,2,1
NCT02803203,PHASE1|PHASE2,49,ACTUAL,2016-06-29,2022-03-01,OTHER,2,7,1
NCT02501603,PHASE2,72,ESTIMATED,2016-07,2021-12-31,OTHER,2,1,1
NCT00066027,PHASE3,128,ACTUAL,2002-06-01,2005-10-01,OTHER,1,2,1
NCT04210986,PHASE1|PHASE2,75,ACTUAL,2020-01-06,2023-01-05,OTHER,1,1,1
NCT04673786,PHASE3,509,ACTUAL,2021-01-11,2021-08-04,INDUSTRY,1,1,1
NCT00881686,PHASE1|PHASE2,238,ACTUAL,2008-06,2008-12,OTHER,4,1,1
NCT01527786,PHASE3,25,ACTUAL,2010-11,2014-02,OTHER,1,1,1
NCT00308386,PHASE3,550,ACTUAL,2006-08-10,2011-07-27,OTHER,3,2,1
NCT01471470,PHASE2,31,ACTUAL,2010-07,2017-12,OTHER,1,1,1
NCT00260117,PHASE1|PHASE2,16000,ESTIMATED,2005-01,2008-03,NIH,2,1,1
NCT01515189,PHASE3,831,ACTUAL,2012-02-17,2016-02-06,INDUSTRY,1,88,22
NCT07155668,PHASE3,87,ACTUAL,2025-07-01,2026-05-28,INDUSTRY,1,13,1
NCT02133690,PHASE3,7500,ACTUAL,2014-05,2016-03,INDUSTRY,1,6,1
NCT01202591,PHASE1|PHASE2,127,ACTUAL,2010-12,2014-09,INDUSTRY,2,21,8
NCT02783690,PHASE2,88,ACTUAL,2016-05-18,2020-10-21,OTHER,1,2,1
NCT02822118,PHASE1|PHASE2,216,ACTUAL,2013-01,2015-12,OTHER,1,5,1
NCT02741518,PHASE1|PHASE2,22,ACTUAL,2017-04-01,2018-10-18,OTHER,1,1,1
NCT03368118,PHASE2,22,ACTUAL,2018-01-20,2022-07-12,INDUSTRY,1,1,1
NCT03519997,PHASE2,35,ACTUAL,2018-04-26,2023-04-21,OTHER,1,2,1
NCT00632697,PHASE3,104,ACTUAL,2001-10,2006-12,OTHER,1,1,1
NCT00494013,PHASE3,442,ACTUAL,2007-08,2008-09,INDUSTRY,1,56,9
NCT03338010,PHASE3,536,ACTUAL,2018-03-22,2020-03-18,INDUSTRY,1,32,1
NCT00941720,PHASE2,71,ACTUAL,2009-06-11,2013-02-28,OTHER,1,1,1
NCT03675282,PHASE1|PHASE2,82,ACTUAL,2018-08-14,2024-04-23,OTHER,3,1,1
NCT00563823,PHASE2,34,ESTIMATED,2006-02,2008-09,OTHER,1,2,1
NCT03473223,PHASE3,18226,ACTUAL,2018-03-21,2023-02-16,INDUSTRY,1,903,49
NCT01218659,PHASE3,68,ACTUAL,2011-09-08,2014-05-27,INDUSTRY,1,25,10
NCT00986479,PHASE2,22,ACTUAL,2009-12,2011-12,INDUSTRY,1,1,1
NCT00843596,PHASE1|PHASE2,30,ACTUAL,2009-10,2011-12,OTHER,1,1,1
NCT03620162,PHASE3,900,ACTUAL,2018-10-18,2020-12-14,INDUSTRY,1,34,4
NCT00888446,PHASE2,91,ACTUAL,2005-10,2007-12,NETWORK,2,5,3
NCT01502046,PHASE2,25,ACTUAL,2011-09,2012-06,OTHER,1,1,1
NCT01178203,PHASE1|PHASE2,,,2010-07,2010-07,OTHER,2,0,0
NCT02448927,PHASE3,170,ACTUAL,2015-05,2018-05-02,OTHER,1,4,2
NCT03462927,PHASE2,63,ACTUAL,2018-02-08,2018-08-04,INDUSTRY,1,1,1
NCT00374127,PHASE2,35,ACTUAL,2004-12,2008-08,OTHER,1,1,1
NCT03931642,PHASE2,41,ACTUAL,2019-07-05,2021-10-01,OTHER,1,28,1
NCT03799627,PHASE2,175,ACTUAL,2019-01-31,2020-06-05,INDUSTRY,2,41,1
NCT03012386,PHASE1|PHASE2,26,ACTUAL,2017-01,2021-07,OTHER,2,1,1
NCT02601469,PHASE2,26,ACTUAL,2015-09-04,2016-12-29,INDUSTRY,1,1,1
NCT02585869,PHASE2,161,ACTUAL,1999-12,2001-06,INDUSTRY,2,0,0
NCT05313035,PHASE2|PHASE3,360,ACTUAL,2022-04-13,2022-07-22,INDUSTRY,1,3,1
NCT02440308,PHASE2,10,ACTUAL,2015-04,2015-06-30,OTHER,1,1,1
NCT01545908,PHASE2,130,ESTIMATED,2012-03,2014-08,OTHER,1,2,1
NCT01319708,PHASE1|PHASE2,50,ACTUAL,2011-03,2015-09,OTHER,1,1,1
NCT00355108,PHASE3,170,ACTUAL,2006-09,2010-05,OTHER,2,1,1
NCT00358917,PHASE3,599,ACTUAL,2006-08,2008-11,INDUSTRY,1,1,1
NCT01191489,PHASE3,1042,ACTUAL,2012-09,2014-09,OTHER,1,2,1
NCT00337168,PHASE2,36,ACTUAL,2006-10,2008-12,NETWORK,1,91,1
NCT00490074,PHASE1|PHASE2,147,ACTUAL,2007-07,2008-12,OTHER_GOV,1,2,2
NCT01959074,PHASE3,100,ACTUAL,2014-05,2015-06,OTHER,1,6,1
NCT00246974,PHASE2,125,ESTIMATED,2003-05,2007-10,INDUSTRY,1,14,1
NCT00969618,PHASE3,211,ACTUAL,2009-11,2012-01,INDUSTRY,1,12,1
NCT02811497,PHASE2,28,ACTUAL,2016-09,2018-11-08,OTHER,3,1,1
NCT00206310,PHASE3,5013,,2003-09,2007-07,INDUSTRY,1,375,21
NCT00699010,PHASE2,30,ACTUAL,2008-03,2008-08,INDUSTRY,1,1,1
NCT00639210,PHASE3,573,ACTUAL,2005-09,2007-09,OTHER,6,1,1
NCT05877313,PHASE2,20,ACTUAL,2023-08-02,2024-02-01,INDUSTRY,1,3,1
NCT00286013,PHASE2,24,ACTUAL,2004-05-01,2006-05-31,OTHER,1,4,1
NCT00053820,PHASE3,670,ESTIMATED,2002-07,,OTHER_GOV,1,12,4
NCT03580824,PHASE1|PHASE2,91,ACTUAL,2019-04-30,2022-06-14,OTHER,1,1,1
NCT03410524,PHASE3,250,ACTUAL,2018-01-09,2018-10-31,OTHER,1,2,1
NCT01554124,PHASE1|PHASE2,51,ACTUAL,2013-02,2014-12,NETWORK,1,1,1
NCT02831023,PHASE2,80,ACTUAL,2016-07,2017-01,OTHER,1,1,1
NCT00002459,PHASE3,224,ACTUAL,1988-04,2001-08,NETWORK,2,28,10
NCT00850759,PHASE3,240,ACTUAL,2009-10,2012-05,OTHER,2,1,1
NCT01861379,PHASE3,107,ACTUAL,2007-01,2013-01,OTHER,1,0,0
NCT00928746,PHASE3,142,ACTUAL,2009-06,2009-08,INDUSTRY,1,7,1
NCT00253188,PHASE3,653,ACTUAL,1997-02,,INDUSTRY,2,0,0
NCT00684827,PHASE2,32,ACTUAL,2002-10,2003-02,INDUSTRY,1,4,1
NCT01217827,PHASE3,89,ACTUAL,2010-04,2011-01,OTHER,1,2,1
NCT01458327,PHASE2,3,ACTUAL,2010-12-15,2014-06-27,INDUSTRY,1,1,1
NCT00006161,PHASE3,140,,1996-12,,NIH,2,5,1
NCT05062486,PHASE2,55,ACTUAL,2021-10-04,2024-11-07,OTHER,1,1,1
NCT00561925,PHASE3,1068,ACTUAL,2007-11,2011-11,INDUSTRY,1,202,21
NCT05764525,PHASE3,285,ACTUAL,2021-07-19,2022-11-03,INDUSTRY,2,5,1
NCT04538625,PHASE3,287,ACTUAL,2020-10-07,2023-08-07,INDUSTRY,6,52,5
NCT00132925,PHASE3,460,,2003-11,,INDUSTRY,1,1,1
NCT05124925,PHASE2,21,ACTUAL,2022-07-27,2024-06-26,INDUSTRY,1,1,1
NCT01284725,PHASE3,100,ACTUAL,2011-02-16,2016-02-06,OTHER,1,1,1
NCT02255617,PHASE1|PHASE2,4,ACTUAL,2014-07-23,2019-07-25,OTHER,1,1,1
NCT04856917,PHASE2,123,ACTUAL,2021-05-15,2022-02-01,INDUSTRY,1,15,2
NCT00147589,PHASE3,320,,2004-09,,INDUSTRY,1,41,5
NCT00332189,PHASE3,111,ACTUAL,2006-07,2009-08,INDUSTRY,1,14,1
NCT00134550,PHASE2,13,ACTUAL,2005-02,2007-03,OTHER,2,2,1
NCT00535574,PHASE3,90,ACTUAL,2008-11,2010-12,OTHER_GOV,1,3,1
NCT03849118,PHASE3,300,ACTUAL,2019-08-15,2022-10-20,INDUSTRY,1,31,8
NCT00473590,PHASE2,102,ACTUAL,2007-06,2009-11,INDUSTRY,1,0,0
NCT00350597,PHASE2,50,,2004-09,,OTHER,1,1,1
NCT00425360,PHASE3,1110,ESTIMATED,2006-09,,OTHER_GOV,1,45,1
NCT00647920,PHASE3,47,ACTUAL,2003-07,2005-04,INDUSTRY,1,1,1
NCT05999682,PHASE1|PHASE2,20,ACTUAL,2023-09-01,2024-01-05,OTHER,2,1,1
NCT01777282,PHASE3,374,ACTUAL,2013-02-23,2015-01-27,INDUSTRY,1,49,1
NCT05844423,PHASE2,802,ACTUAL,2023-03-29,2025-08-25,INDUSTRY,1,32,1
NCT04147923,PHASE2,70,ACTUAL,2019-11-05,2023-06-02,INDUSTRY,1,1,1
NCT04676659,PHASE2,240,ACTUAL,2018-05-12,2020-05-30,OTHER,1,24,1
NCT04032080,PHASE2,10,ACTUAL,2019-09-05,2022-06-01,OTHER,1,1,1
NCT01377246,PHASE3,100,ACTUAL,2011-05,2017-10-18,OTHER,1,6,1
NCT00303446,PHASE2,57,ACTUAL,2006-03,2009-12,NIH,2,1,1
NCT03991988,PHASE2,32,ACTUAL,2019-09-25,2022-11-18,OTHER,1,4,1
NCT00617188,PHASE2,26,ACTUAL,2007-06,2008-04,OTHER,1,1,1
NCT02879227,PHASE2,23,ACTUAL,2010-01,2014-12,OTHER,1,0,0
NCT00000127,PHASE3,,,1992-10,,NIH,1,0,0
NCT01927120,PHASE2,20,ACTUAL,2014-03-25,2016-08-25,OTHER,1,1,1
NCT00000282,PHASE2,0,,1994-09,1999-08,OTHER,1,1,1
NCT01136382,PHASE2,304,ACTUAL,2010-07,2013-04,INDUSTRY,1,87,7
NCT06517823,PHASE3,190,ACTUAL,2024-04-26,2024-10-04,INDUSTRY,1,1,1
NCT01820559,PHASE2,452,ACTUAL,2009-04,2010-06,INDUSTRY,1,0,0
NCT01768559,PHASE3,894,ACTUAL,2013-01,2014-12,INDUSTRY,1,199,18
NCT00010946,PHASE3,,,1998-09,,NIH,1,3,1
NCT00400803,PHASE2,38,ACTUAL,2007-03,2010-05,OTHER,1,2,1
NCT00822003,PHASE1|PHASE2,16,ACTUAL,2008-02,2008-06,OTHER,1,1,1
NCT02625961,PHASE2,296,ACTUAL,2016-02-10,2025-11-05,INDUSTRY,1,0,0
NCT00842361,PHASE2,66,ACTUAL,2009-01,2009-06,INDUSTRY,2,8,1
NCT06323161,PHASE3,274,ACTUAL,2024-03-26,2025-09-09,INDUSTRY,1,53,6
NCT01826461,PHASE2,151,ACTUAL,2013-03,2013-12,INDUSTRY,1,9,1
NCT02422186,PHASE3,139,ACTUAL,2015-08-20,2017-08-10,INDUSTRY,1,69,12
NCT02515942,PHASE2,114,ACTUAL,2015-09-25,2017-08-14,INDUSTRY,1,0,0
NCT00371670,PHASE2,223,ACTUAL,2004-12,2006-07,INDUSTRY,1,2,2
NCT05047770,PHASE3,2013,ACTUAL,2021-10-07,2022-08-29,INDUSTRY,1,46,1
NCT06435273,PHASE2,36,ACTUAL,2024-08-05,2025-10-15,INDUSTRY,1,18,5
NCT03104283,PHASE2,48,ACTUAL,2017-06-05,2019-12-01,OTHER,1,5,1
NCT01471041,PHASE2|PHASE3,54,ACTUAL,2011-12,2013-03,INDUSTRY,3,2,1
NCT00636454,PHASE2|PHASE3,257,ACTUAL,2008-05,2013-06,OTHER,1,3,1
NCT00859105,PHASE3,497,ACTUAL,2008-02,2008-11,INDUSTRY,1,0,0
NCT01519154,PHASE3,347,ACTUAL,2018-02-09,2024-06-04,OTHER,1,1,1
NCT01980056,PHASE1|PHASE2,10,ACTUAL,2013-10-25,2015-01-19,OTHER,1,1,1
NCT00003422,PHASE3,1800,ESTIMATED,1998-01,,OTHER_GOV,1,9,2
NCT00157482,PHASE2,108,,2005-01,,OTHER,1,4,1
NCT00033982,PHASE3,50,,2002-04-11,,NIH,3,1,1
NCT00875524,PHASE2,180,ACTUAL,2009-03,2014-08,INDUSTRY,4,1,1
NCT01564459,PHASE2,170,ACTUAL,2012-03-26,2013-04-18,INDUSTRY,1,0,0
NCT03802123,PHASE2,52,ACTUAL,2018-12-18,2021-10-19,INDUSTRY,2,15,1
NCT00040859,PHASE2,48,ACTUAL,2002-09,2005-01,OTHER,2,6,1
NCT04849559,PHASE1|PHASE2,27,ACTUAL,2021-02-01,2021-09-24,INDUSTRY,1,1,1
NCT00658580,PHASE3,361,ACTUAL,2000-04,2013-12,OTHER,1,4,4
NCT04182880,PHASE2,20,ACTUAL,2020-01-06,2020-02-28,INDUSTRY,1,1,1
NCT00528879,PHASE3,915,ACTUAL,2007-09,2008-11,INDUSTRY,1,75,5
NCT00853996,PHASE2,25,ACTUAL,2009-02,2010-12,OTHER,1,1,1
NCT00193362,PHASE3,200,,2004-06,2005-06,OTHER,1,0,0
NCT02662062,PHASE2,28,ACTUAL,2017-07-11,2022-05-12,OTHER,1,7,1
NCT00004146,PHASE2,55,ACTUAL,2000-03,2010-01,NIH,3,8,1
NCT00158288,PHASE2,140,,1997-03,,NIH,8,1,1
NCT01014988,PHASE2,202,ACTUAL,2009-11,2015-02,INDUSTRY,1,110,13
NCT05226546,PHASE2|PHASE3,56,ACTUAL,2021-02-01,2021-08-01,OTHER,2,1,1
NCT03475186,PHASE2,75,ACTUAL,2019-03-25,2025-03-25,OTHER,4,423,2
NCT04148573,PHASE2,44,ACTUAL,2019-10-01,2022-05-20,INDUSTRY,2,7,1
NCT03441373,PHASE2|PHASE3,320,ACTUAL,2016-02-03,2017-02-09,INDUSTRY,2,18,1
NCT00416273,PHASE3,217,ACTUAL,2006-12,2013-05,INDUSTRY,1,38,1
NCT01502969,PHASE2|PHASE3,799,ACTUAL,2010-05,2011-09,OTHER,5,2,1
NCT00309686,PHASE3,300,ACTUAL,2006-04,,INDUSTRY,3,0,0
NCT04347486,PHASE2,32,ACTUAL,2020-04-29,2021-12-07,OTHER,2,1,1
NCT04831086,PHASE3,247,ACTUAL,2021-05-05,2024-10-30,OTHER,4,1,1
NCT03019783,PHASE2|PHASE3,60,ACTUAL,2011-12,2015-06,OTHER,1,1,1
NCT00748605,PHASE2,842,ACTUAL,2007-06,2008-11,INDUSTRY,1,40,1
NCT00626405,PHASE2,95,ACTUAL,2008-08,2010-07,OTHER,1,259,1
NCT04510194,PHASE3,1323,ACTUAL,2021-01-01,2022-12-14,OTHER,2,7,1
NCT00064194,PHASE3,310,ACTUAL,2001-11-28,2008-04-30,NETWORK,2,3,1
NCT01026194,PHASE3,204,ACTUAL,2009-12,2011-06,INDUSTRY,1,1,1
NCT05327088,PHASE2,64,ACTUAL,2021-09-12,2022-02-12,OTHER,2,1,1
NCT04276688,PHASE2,127,ACTUAL,2020-02-10,2020-03-30,OTHER,1,1,1
NCT00216203,PHASE1|PHASE2,36,ACTUAL,2005-05,2008-12,OTHER,1,11,1
NCT00373503,PHASE2,8,ACTUAL,2005-08,2007-06,OTHER,1,1,1
NCT02218203,PHASE2,26,ACTUAL,2003-04,2008-01,OTHER,3,1,1
NCT00079742,PHASE2,68,ACTUAL,2003-09,,INDUSTRY,1,0,0
NCT04247542,PHASE2,53,ACTUAL,2020-03-06,2023-10-03,INDUSTRY,1,29,1
NCT01698242,PHASE3,320,ACTUAL,2011-05,2015-12,OTHER,3,1,1
NCT02688270,PHASE2,65,ACTUAL,2016-06,2016-12,INDUSTRY,1,1,1
NCT03846973,PHASE3,220,ACTUAL,2018-12-02,2021-01-31,INDUSTRY,1,1,1
NCT02073773,PHASE3,9,ACTUAL,2014-01,2015-11,OTHER,1,1,1
NCT07194941,PHASE2,40,ACTUAL,2022-08-25,2025-02-28,OTHER,1,1,1
NCT02863354,PHASE2,43,ACTUAL,2016-08,2019-05,OTHER,1,4,1
NCT00489554,PHASE3,230,ACTUAL,2007-07-03,2008-03-31,INDUSTRY,2,2,1
NCT00123656,PHASE2,30,ACTUAL,2004-08,2006-12,OTHER,1,1,1
NCT00620256,PHASE2,129,ACTUAL,2007-11,2008-07,INDUSTRY,2,1,1
NCT00034151,PHASE2,52,ACTUAL,2002-03,2007-09,INDUSTRY,1,0,0
NCT05041322,PHASE2,13,ACTUAL,2020-11-29,2024-11-01,OTHER,1,1,1
NCT02591251,PHASE2,100,ACTUAL,2015-10,2016-03,OTHER,1,1,1
NCT02358902,PHASE2|PHASE3,45,ACTUAL,2013-03,2014-11,OTHER,1,0,0
NCT05303402,PHASE2|PHASE3,241,ACTUAL,2022-05-12,2023-07-29,INDUSTRY,1,6,2
NCT00094302,PHASE3,3445,ACTUAL,2006-08,2013-06,OTHER,3,270,6
NCT00896337,PHASE3,125,ACTUAL,2009-05,2011-09,INDUSTRY,1,28,1
NCT00061945,PHASE1|PHASE2,302,ACTUAL,2003-06,2007-12,NIH,14,1,1
NCT00446095,PHASE1|PHASE2,81,ACTUAL,2007-04,2010-04,INDUSTRY,1,11,1
NCT01034995,PHASE2,580,ESTIMATED,2010-02,2011-03,INDUSTRY,1,73,12
NCT01629277,PHASE2,12,ACTUAL,2011-07,2012-05,OTHER,1,1,1
NCT00280839,PHASE3,87,ACTUAL,,,OTHER,1,1,1
NCT01926639,PHASE2,14,ACTUAL,2009-10,2014-10,OTHER,1,1,1
NCT04873375,PHASE2,18,ACTUAL,2022-01-01,2024-10-09,OTHER,3,1,1
NCT02829775,PHASE2|PHASE3,9,ACTUAL,2004-01,2008-01,INDUSTRY,3,8,7
NCT00141375,PHASE3,132,,2002-08,,INDUSTRY,1,7,1
NCT01520103,PHASE2,139,ACTUAL,2012-01,2016-10-31,OTHER,2,1,1
NCT05997927,PHASE2,149,ACTUAL,2023-07-20,2024-07-09,INDUSTRY,1,1,1
NCT00193427,PHASE2,75,ACTUAL,2004-04,2008-11,OTHER,1,1,1
NCT03360461,PHASE2,10,ACTUAL,2018-02-14,2020-02-14,OTHER,2,1,1
NCT00252161,PHASE3,316,ACTUAL,2005-11,2015-04,OTHER,1,35,1
NCT01925261,PHASE2,120,ESTIMATED,2014-01,2016-09,INDUSTRY,1,1,1
NCT04865770,PHASE3,106,ACTUAL,2021-04-28,2024-11-21,INDUSTRY,2,49,8
NCT00122070,PHASE3,15,ACTUAL,2005-05,2007-09,OTHER,1,1,1
NCT00742573,PHASE2,170,ACTUAL,2008-08,2014-01-10,OTHER,1,1,1
NCT00318669,PHASE3,390,ACTUAL,2005-12,2006-11,INDUSTRY,1,16,1
NCT02182583,PHASE3,163,ACTUAL,1998-10,2000-06,INDUSTRY,1,0,0
NCT02679105,PHASE2|PHASE3,38,ACTUAL,2015-05,2016-10,OTHER,1,3,1
NCT02459405,PHASE2,504,ACTUAL,2013-03,2016-02,OTHER,1,4,4
NCT01389466,PHASE1|PHASE2,346,ACTUAL,2010-02,2011-11,INDUSTRY,1,4,1
NCT00626522,PHASE2,808,ACTUAL,2008-02,2008-11,INDUSTRY,1,9,4
NCT00352222,PHASE3,150,,2004-01,2005-07,INDUSTRY,4,10,5
NCT06449131,PHASE2,19,ACTUAL,2017-05-01,2023-05-01,OTHER,1,1,1
NCT02074631,PHASE2,63,ACTUAL,2015-02,2022-10-06,OTHER,2,2,1
NCT00602602,PHASE2,19,ACTUAL,2007-03,2011-09,OTHER,1,1,1
NCT00947453,PHASE2,15,ACTUAL,2009-07,2011-12,OTHER,1,1,1
NCT00696553,PHASE3,60,ESTIMATED,2006-03,2010-01,OTHER,1,1,1
NCT00064753,PHASE2|PHASE3,4110,ACTUAL,2002-05,2011-10,NIH,3,30,3
NCT00505037,PHASE2,156,ACTUAL,2007-10,2008-09,INDUSTRY,2,6,1
NCT05263245,PHASE2,12,ACTUAL,2023-05-25,2025-03-11,OTHER,1,2,1
NCT02802345,PHASE3,274,ACTUAL,2016-06-30,2017-12-19,INDUSTRY,1,85,13
NCT02065245,PHASE1|PHASE2,65,ACTUAL,2014-03-03,2019-10-02,INDUSTRY,1,1,1
NCT00025545,PHASE2,,,1996-03,2002-10,OTHER,1,1,1
NCT00527995,PHASE3,40,ACTUAL,2001-08,,OTHER,2,1,1
NCT01047839,PHASE3,100,ACTUAL,2010-01,2013-08,INDUSTRY,1,10,5
NCT01656239,PHASE2,358,ACTUAL,2012-08,2013-08,INDUSTRY,1,56,1
NCT01286077,PHASE2,106,ACTUAL,2009-09,2012-11,INDUSTRY,1,21,8
NCT06521775,PHASE2,6,ACTUAL,2024-08-12,2025-08-12,OTHER,1,1,1
NCT02303977,PHASE2,37,ACTUAL,2015-06-26,2020-04-30,OTHER,1,0,0
NCT00685360,PHASE2,481,ACTUAL,2008-05-08,2010-06-11,INDUSTRY,3,17,9
NCT03712280,PHASE2,50,ACTUAL,2018-12-01,2020-07-14,INDUSTRY,2,5,2
NCT00657579,PHASE2,,,,,INDUSTRY,2,1,1
NCT01789879,PHASE2,60,ACTUAL,2014-03-04,2014-09-01,OTHER,2,1,1
NCT05032196,PHASE1|PHASE2,47,ACTUAL,2021-09-06,2024-05-24,INDUSTRY,1,23,10
NCT02137746,PHASE2,24,ACTUAL,2013-12,2015-04,INDUSTRY,1,7,1
NCT02266888,PHASE2,45,ACTUAL,2015-01-22,2019-06-30,NIH,1,7,1
NCT04657003,PHASE3,938,ACTUAL,2021-03-29,2023-03-16,INDUSTRY,3,75,8
NCT00632242,PHASE2,28,ESTIMATED,2008-01,2008-12,INDUSTRY,2,1,1
NCT01819727,PHASE3,261,ACTUAL,2013-05,2015-11-25,INDUSTRY,1,31,1
NCT00181142,PHASE2|PHASE3,60,,1999-10,2004-12,OTHER,1,1,1
NCT00363142,PHASE3,211,ACTUAL,2006-05,2008-06,INDUSTRY,2,51,2
NCT00054886,PHASE2,63,,2003-01,,INDUSTRY,1,15,1
NCT00000870,PHASE2,200,,,,NIH,1,20,1
NCT02250573,PHASE3,,,2005-12,2006-04,OTHER,1,5,3
NCT00925873,PHASE3,303,ACTUAL,1996-06,2000-04,OTHER,1,1,1
NCT00734383,PHASE2|PHASE3,137,ACTUAL,2005-04,2012-05,OTHER,1,1,1
NCT03101241,PHASE2,95,ACTUAL,2017-08-29,2018-07-16,INDUSTRY,1,22,1
NCT00444041,PHASE1|PHASE2,43,ACTUAL,2007-01,2009-12,OTHER,1,1,1
NCT00035841,PHASE2,60,,2002-04,2004-07,INDUSTRY,1,3,1
NCT04467541,PHASE1|PHASE2,430,ACTUAL,2019-12-24,2020-01-31,OTHER,1,1,1
NCT02542254,PHASE2,36,ACTUAL,2015-10,2015-12,INDUSTRY,1,1,1
NCT04025554,PHASE1|PHASE2,8,ACTUAL,2019-10-25,2023-10-24,NIH,1,1,1
NCT00333294,PHASE2,50,,2004-09,,INDUSTRY,1,4,1
NCT04313166,PHASE2,55,ACTUAL,2020-03-19,2021-11-18,INDUSTRY,1,1,1
NCT00619866,PHASE2,155,ACTUAL,2008-02-19,2009-04-20,INDUSTRY,1,0,0
NCT02172456,PHASE3,22,ACTUAL,2002-05,2002-10,INDUSTRY,1,0,0
NCT01146522,PHASE1|PHASE2,8,ACTUAL,2010-05,2011-10,INDUSTRY,1,1,1
NCT00049322,PHASE2,30,ACTUAL,2003-06,2012-02,OTHER,1,1,1
NCT01336322,PHASE2,40,ACTUAL,2011-05,2017-12,OTHER,1,1,1
NCT06569251,PHASE2,68,ACTUAL,2024-03-01,2024-11-24,OTHER,2,1,1
NCT04681729,PHASE3,82,ACTUAL,2020-12-10,2023-02-02,INDUSTRY,1,33,5
NCT00003953,PHASE2,39,ACTUAL,1999-02,2001-11,OTHER,1,2,1
NCT00671853,PHASE3,120,ACTUAL,2008-04,2011-03,OTHER,4,1,1
NCT01070537,PHASE2,41,ACTUAL,2008-02,2009-04,OTHER,1,1,1
NCT00388037,PHASE2,31,ACTUAL,2007-01,2012-01,NIH,15,1,1
NCT00499837,PHASE2,21,ACTUAL,2007-09,2008-07,INDUSTRY,1,1,1
NCT02614872,PHASE2,30,ACTUAL,2016-07-26,2019-04-11,INDUSTRY,1,1,1
NCT00171795,PHASE3,67,ACTUAL,2002-11,2005-05,INDUSTRY,1,0,0
NCT00911495,PHASE1|PHASE2,15,ACTUAL,2009-05,2010-07,INDUSTRY,1,3,1
NCT06837961,PHASE3,241,ACTUAL,2025-04-29,2025-11-03,INDUSTRY,2,1,1
NCT03141970,PHASE3,170,ACTUAL,2015-07-01,2020-10-31,OTHER,1,5,2
NCT03412773,PHASE3,684,ACTUAL,2017-12-18,2022-07-11,INDUSTRY,1,122,11
NCT04006873,PHASE2,12,ACTUAL,2019-09-03,2020-10-29,OTHER,1,1,1
NCT01174173,PHASE3,11,ACTUAL,2010-06,2014-01,OTHER,2,1,1
NCT00002883,PHASE3,250,ESTIMATED,1996-10,2006-11,OTHER,2,1,1
NCT04959305,PHASE2,245,ACTUAL,2021-04-22,2022-02-28,INDUSTRY,1,1,1
NCT00752856,PHASE2,51,ACTUAL,2008-08-26,2011-05-05,OTHER,1,6,1
NCT00208156,PHASE3,87,ACTUAL,2005-05,2006-11,INDUSTRY,1,13,1
NCT04549922,PHASE2,111,ACTUAL,2020-10-19,2020-12-09,OTHER,1,3,1
NCT03580122,PHASE2,4,ACTUAL,2017-12-05,2018-01-12,OTHER,1,1,1
NCT03164122,PHASE1|PHASE2,12,ACTUAL,2017-05-22,2018-06-07,OTHER,1,1,1
NCT04633122,PHASE2,108,ACTUAL,2020-11-25,2022-07-20,INDUSTRY,1,18,1
NCT00793351,PHASE2,25,ESTIMATED,2008-09,2013-11,OTHER,1,1,1
NCT01511237,PHASE3,379,ACTUAL,2011-12,2015-06,OTHER_GOV,1,36,1
NCT03930745,PHASE2,81,ACTUAL,2019-09-09,2021-12-06,NIH,1,4,1
NCT00420745,PHASE3,1009,ACTUAL,2007-01-25,2008-03-01,INDUSTRY,1,31,4
NCT00522145,PHASE2,41,ACTUAL,2007-05,2009-10,INDUSTRY,1,10,1
NCT04677972,PHASE3,254,ACTUAL,2022-08-02,2023-09-19,INDUSTRY,2,12,1
NCT00235677,PHASE3,60,,2003-08,,OTHER,1,1,1
NCT04841577,PHASE3,976,ACTUAL,2021-04-27,2021-09-22,INDUSTRY,1,14,3
NCT00357877,PHASE3,983,ACTUAL,2006-07,2009-08,OTHER,1,4,1
NCT01755975,PHASE1|PHASE2,49,ACTUAL,2012-12,2023-10,OTHER,2,7,1
NCT00794157,PHASE3,347,ACTUAL,2008-11,2009-10,INDUSTRY,1,60,6
NCT01447212,PHASE3,202,ACTUAL,2011-12,2014-06,OTHER,2,1,1
NCT05083312,PHASE3,6,ACTUAL,2021-09-30,2022-09-05,INDUSTRY,1,3,2
NCT01131312,PHASE3,5060,ACTUAL,2008-02-20,2009-02-05,NIH,1,3,1
NCT01701401,PHASE3,870,ACTUAL,2012-09,2014-03,INDUSTRY,1,88,7
NCT04857112,PHASE2,322,ACTUAL,2021-09-29,2024-09-03,INDUSTRY,1,185,19
NCT02418481,PHASE1|PHASE2,40,ACTUAL,2015-04,2016-06,OTHER,1,1,1
NCT01633541,PHASE2,55,ACTUAL,2012-03,2021-11-06,OTHER,1,1,1
NCT02841241,PHASE2,7,ACTUAL,2016-04,2017-03,OTHER,1,1,1
NCT00252941,PHASE1|PHASE2,20,,2005-11,2006-04,OTHER,2,1,1
NCT00220805,PHASE2,96,ACTUAL,2004-01,2005-05,INDUSTRY,1,7,1
NCT00122694,PHASE2,20,,2005-01,,OTHER,1,1,1
NCT00278694,PHASE2,109,ACTUAL,2005-09,2016-02,OTHER,1,1,1
NCT00077766,PHASE3,313,ACTUAL,2004-03,2005-08,INDUSTRY,1,48,12
NCT03834766,PHASE3,130,ACTUAL,2019-02-06,2019-10-19,INDUSTRY,1,3,1
NCT01157429,PHASE2,24,ACTUAL,2010-06,2012-06,OTHER,2,1,1
NCT05674929,PHASE2,13,ACTUAL,2023-05-30,2024-10-02,INDUSTRY,1,2,1
NCT02567253,PHASE2,56,ACTUAL,2016-03,2020-12-31,OTHER,2,1,1
NCT00504153,PHASE2,19,ACTUAL,2007-07,2011-06,NIH,4,1,1
NCT00744302,PHASE2,180,ACTUAL,2006-04,2009-12,OTHER,2,1,1
NCT00022737,PHASE3,220,ACTUAL,2002-10,2006-10,NIH,2,1,1
NCT01253837,PHASE1|PHASE2,34,ESTIMATED,2007-09,2011-05,INDUSTRY,2,2,1
NCT01484145,PHASE2,25,ACTUAL,2011-12,2012-03,INDUSTRY,1,1,1
NCT03599245,PHASE3,1055,ACTUAL,2018-07-12,2025-07-17,INDUSTRY,1,159,26
NCT00170872,PHASE3,135,,2004-11,2005-07,INDUSTRY,2,0,0
NCT05684172,PHASE2|PHASE3,208,ACTUAL,2023-01-24,2023-08-24,OTHER,3,1,1
NCT02681939,PHASE2,30,ACTUAL,2016-02,2016-04,OTHER,1,1,1
NCT03175939,PHASE2,263,ACTUAL,1998-04-01,2008-12-31,OTHER,1,0,0
NCT03101475,PHASE2,22,ACTUAL,2018-11-23,2021-03-03,NETWORK,2,10,6
NCT01527539,PHASE3,25,ACTUAL,2001-11-23,2004-10-12,INDUSTRY,2,4,1
NCT00289939,PHASE3,530,,2000-09,,OTHER_GOV,3,1,1
NCT01271777,PHASE2,22,ACTUAL,2011-01,2011-11,INDUSTRY,2,2,1
NCT02898077,PHASE3,440,ACTUAL,2017-03-02,2020-06-30,INDUSTRY,2,32,4
NCT03019575,PHASE3,17,ACTUAL,2017-02-02,2020-05-05,INDUSTRY,1,15,6
NCT05330975,PHASE3,3317,ACTUAL,2022-04-01,2024-11-08,INDUSTRY,1,62,1
NCT00120575,PHASE2|PHASE3,6,ACTUAL,2005-01,2009-02-03,OTHER,2,7,4
NCT03165357,PHASE3,26,ACTUAL,2015-10-10,2016-03-10,OTHER,2,1,1
NCT02640612,PHASE3,430,ACTUAL,2016-01-22,2017-11-01,INDUSTRY,1,91,14
NCT00353912,PHASE3,571,ACTUAL,2006-06,2007-04,INDUSTRY,1,1,1
NCT01044381,PHASE1|PHASE2,24,ACTUAL,2010-12,2011-05,INDUSTRY,1,1,1
NCT01820481,PHASE2,209,ACTUAL,2012-09,2013-11,INDUSTRY,1,1,1
NCT00776919,PHASE3,1315,ACTUAL,2008-10,2009-09,INDUSTRY,1,24,3
NCT02593019,PHASE2,24,ACTUAL,2015-12,2018-10,OTHER,1,1,1
NCT02151461,PHASE2,96,ACTUAL,2014-07,2015-08,INDUSTRY,1,9,1
NCT01512342,PHASE2,33,ACTUAL,2011-08,2014-06,OTHER,1,1,1
NCT00915486,PHASE2,211,ACTUAL,2009-05,2012-03,INDUSTRY,1,34,6
NCT01061073,PHASE3,73,ACTUAL,2010-01,2012-10,OTHER,1,1,1
NCT02804373,PHASE2|PHASE3,50,ACTUAL,2014-06,2019-01,OTHER,1,1,1
NCT03885973,PHASE2|PHASE3,76,ACTUAL,2018-07-28,2018-08-22,OTHER,1,1,1
NCT01016470,PHASE3,100,ACTUAL,2009-10,2011-05,INDUSTRY,1,1,1
NCT00570986,PHASE3,1465,ACTUAL,2007-11,2009-06,INDUSTRY,1,116,2
NCT00098683,PHASE2,10,ACTUAL,2005-01,2007-10,NETWORK,2,85,4
NCT05885841,PHASE2,83,ACTUAL,2022-02-15,2023-05-09,INDUSTRY,1,2,1
NCT03583554,PHASE1|PHASE2,18,ACTUAL,2018-09-01,2019-10-19,OTHER,1,1,1
NCT00240994,PHASE2,35,ACTUAL,2005-01,2009-11,NIH,3,4,1
NCT00080951,PHASE2,14,ACTUAL,2004-03,2005-04,OTHER,1,0,0
NCT03070353,PHASE2|PHASE3,10,ACTUAL,2015-07-01,2016-06-30,OTHER,2,0,0
NCT03370653,PHASE2,20,ACTUAL,2017-12-30,2019-09-24,INDUSTRY,1,4,4
NCT03426553,PHASE3,50,ACTUAL,2018-01-15,2018-09-17,OTHER,2,1,1
NCT05271253,PHASE2|PHASE3,75,ACTUAL,2021-04-10,2021-11-29,OTHER,2,1,1
NCT00977353,PHASE2,40,ACTUAL,2009-04,2011-07,OTHER,3,1,1
NCT03875937,PHASE1|PHASE2,31,ACTUAL,2019-09-17,2020-02-12,OTHER,1,2,1
NCT00209937,PHASE3,675,,2003-01,,INDUSTRY,1,0,0
NCT00432237,PHASE3,1703,ACTUAL,2007-03,2007-12,INDUSTRY,1,0,0
NCT01424072,PHASE1|PHASE2,75,ACTUAL,2010-01,2010-07,OTHER,2,1,1
NCT00053495,PHASE2,353,ACTUAL,2003-01,2003-06,INDUSTRY,1,4,1
NCT00002195,PHASE3,290,,,,INDUSTRY,1,9,1
NCT00538239,PHASE3,711,ACTUAL,2007-10,2010-10,INDUSTRY,2,0,0
NCT00318539,PHASE2,90,,2003-12,,INDUSTRY,1,1,1
NCT02037477,PHASE3,20,ACTUAL,2014-01,2014-03,INDUSTRY,1,1,1
NCT00293657,PHASE2,150,,2005-12,2006-04,INDUSTRY,1,23,1
NCT01607957,PHASE3,800,ACTUAL,2012-06-17,2014-01-31,INDUSTRY,1,115,13
NCT00996801,PHASE2,526,ACTUAL,2009-11,2011-06,INDUSTRY,2,0,0
NCT00903981,PHASE3,208,ACTUAL,2009-03,2009-10,INDUSTRY,1,1,1
NCT00142181,PHASE2,27,ACTUAL,2003-03,2005-10,OTHER,2,3,1
NCT02996305,PHASE2,88,ACTUAL,2016-01,2018-06-07,INDUSTRY,1,13,2
NCT05065905,PHASE1|PHASE2,78,ACTUAL,2006-01-19,2006-03-29,INDUSTRY,6,2,1
NCT01331005,PHASE2,125,ACTUAL,2011-05,2013-12,OTHER,1,32,1
NCT02163694,PHASE3,513,ACTUAL,2014-04-08,2019-04-05,INDUSTRY,1,219,37
NCT00000994,PHASE3,240,,,,NIH,1,22,1
NCT00361894,PHASE3,2531,ACTUAL,2006-02,2007-01,INDUSTRY,2,143,19
NCT00381394,PHASE2,61,ACTUAL,2006-08-04,2007-09-14,INDUSTRY,1,3,1
NCT02651194,PHASE3,104,ACTUAL,2015-12,2016-10,INDUSTRY,1,0,0
NCT00436566,PHASE2,122,ACTUAL,2007-03-16,2009-04,OTHER,2,1,1
NCT03618966,PHASE2,22,ACTUAL,2014-11-01,2016-05-01,OTHER,1,0,0
NCT00620022,PHASE3,90,ACTUAL,2008-04,2009-01,INDUSTRY,1,20,6
NCT01642251,PHASE1|PHASE2,156,ACTUAL,2012-09-28,2016-12-08,NIH,5,428,1
NCT00998322,PHASE2,34,ACTUAL,2009-10,2013-12,INDUSTRY,1,2,1
NCT03919929,PHASE2|PHASE3,60,ACTUAL,2019-05-03,2023-10-03,OTHER,3,1,1
NCT02259231,PHASE1|PHASE2,41,ACTUAL,2014-10-31,2018-05-09,INDUSTRY,3,10,1
NCT05081102,PHASE3,288,ACTUAL,2024-03-27,2024-05-28,INDUSTRY,1,1,1
NCT00042653,PHASE3,380,ESTIMATED,2002-05,2003-07,INDUSTRY,2,0,0
NCT00734253,PHASE2,317,ACTUAL,2008-08,2010-08,INDUSTRY,1,1,1
NCT02655653,PHASE3,114,ACTUAL,2008-10,2010-10,OTHER,1,0,0
NCT05850637,PHASE2,60,ACTUAL,2019-01-30,2021-02-11,OTHER,1,1,1
NCT00390845,PHASE2,50,ACTUAL,2006-08-30,2008-08-11,INDUSTRY,1,13,4
NCT00056095,PHASE2,57,ACTUAL,2002-11-04,2008-02-13,OTHER,1,26,1
NCT00484939,PHASE3,280,ACTUAL,2007-07,2013-03,INDUSTRY,1,55,12
NCT01292577,PHASE1|PHASE2,33,ACTUAL,2010-09,2014-05,OTHER,2,1,1
NCT04599777,PHASE2,30,ACTUAL,2020-10-01,2022-10-11,OTHER,1,2,1
NCT03317457,PHASE2,103,ACTUAL,2017-12-15,2022-08-12,OTHER,2,1,1
NCT00280670,PHASE2,20,ACTUAL,2005-01,2008-08,OTHER,3,1,1
NCT00014170,PHASE2,92,ACTUAL,2001-03,2003-07,NIH,3,1,1
NCT00639769,PHASE2,41,ACTUAL,2002-02,2007-05,OTHER,1,8,1
NCT05463354,PHASE2,410,ACTUAL,2022-07-11,2022-08-18,INDUSTRY,2,1,1
NCT03391154,PHASE3,180,ACTUAL,2017-05-01,2020-08-30,OTHER,1,1,1
NCT00396422,PHASE2,60,ACTUAL,2006-09,,INDUSTRY,1,0,0
NCT00093756,PHASE1|PHASE2,52,ACTUAL,2004-09,2012-01,NIH,3,143,1
NCT00241722,PHASE3,805,ACTUAL,2005-08-01,2007-02-01,INDUSTRY,2,227,17
NCT00029029,PHASE2,,,2000-10-13,2002-10-24,OTHER,2,6,1
NCT05416931,PHASE2,14,ACTUAL,2022-06-20,2023-03-10,INDUSTRY,1,1,1
NCT00086931,PHASE1|PHASE2,37,ACTUAL,2003-09,2007-05,OTHER,1,1,1
NCT01660672,PHASE1|PHASE2,7,ACTUAL,2013-01,2013-07,OTHER,3,1,1
NCT02151695,PHASE2,41,ACTUAL,2015-05,2018-10-31,OTHER,1,1,1
NCT04907539,PHASE2,25,ACTUAL,2021-11-08,2024-04-02,INDUSTRY,1,22,4
NCT00241839,PHASE3,150,ACTUAL,2005-08,2011-05,OTHER,3,1,1
NCT00743639,PHASE2|PHASE3,30,ACTUAL,2005-07,2006-06,OTHER,1,1,1
NCT00001457,PHASE2,60,,1995-09,,NIH,4,1,1
NCT00849381,PHASE3,1239,ACTUAL,2009-04,2012-12,INDUSTRY,1,9,3
NCT02038881,PHASE2,87,ACTUAL,2014-04-28,2017-05-10,INDUSTRY,1,12,2
NCT01218581,PHASE2|PHASE3,32,ACTUAL,2005-12,2010-01,OTHER,1,1,1
NCT02457819,PHASE3,237,ACTUAL,2015-06-30,2017-02-02,INDUSTRY,1,36,1
NCT00450619,PHASE2,44,ACTUAL,2007-02,2012-11,NIH,1,3,1
NCT03926130,PHASE3,1158,ACTUAL,2019-07-23,2023-08-23,INDUSTRY,1,580,34
NCT01034228,PHASE2,50,ACTUAL,2007-07,2008-06,OTHER,1,1,1
NCT00035542,PHASE3,,,2001-12,2003-10,INDUSTRY,1,50,1
NCT03127670,PHASE2,30,ACTUAL,2016-11-14,2017-12-31,OTHER,1,1,1
NCT05045469,PHASE2,24,ACTUAL,2021-08-04,2024-05-23,OTHER,2,1,1
NCT00615069,PHASE2,35,ACTUAL,2006-05,2008-03,INDUSTRY,1,1,1
NCT01317641,PHASE1|PHASE2,136,ACTUAL,2011-03,2013-07,INDUSTRY,1,23,6
NCT01126541,PHASE3,224,ACTUAL,2006-09,2011-11,INDUSTRY,1,53,1
NCT01338805,PHASE2,56,ACTUAL,2011-06,2012-07,INDUSTRY,1,16,6
NCT02915705,PHASE3,61,ACTUAL,2016-09-08,2018-02-12,INDUSTRY,1,16,7
NCT02166905,PHASE1|PHASE2,40,ACTUAL,2014-10-10,2020-08-20,OTHER,3,1,1
NCT00060905,PHASE3,370,,2003-01,,INDUSTRY,1,18,1
NCT00003805,PHASE3,859,ACTUAL,1997-11,2000-06,NETWORK,9,28,13
NCT01214005,PHASE2,60,ACTUAL,2009-06,2012-02,OTHER,2,1,1
NCT01286766,PHASE2,6,ACTUAL,2009-09,2012-06,OTHER,1,1,1
NCT00846456,PHASE1|PHASE2,20,ACTUAL,2009-01,2013-02,OTHER,2,0,0
NCT02713256,PHASE2,15,ACTUAL,2016-04-19,2017-04-24,INDUSTRY,1,3,2
NCT00490451,PHASE2,101,ACTUAL,2007-08,2010-02,INDUSTRY,1,13,3
NCT00003353,PHASE2,,,1998-11-16,2002-12,NETWORK,1,17,1
NCT03819153,PHASE3,3533,ACTUAL,2019-06-17,2024-01-09,INDUSTRY,1,413,28
NCT06469853,PHASE2,10,ACTUAL,2024-02-01,2024-12-04,INDUSTRY,1,1,1
NCT02497937,PHASE2,11,ACTUAL,2016-04-13,2017-08-21,INDUSTRY,1,2,1
NCT01692145,PHASE2,,,,,INDUSTRY,1,1,1
NCT02526745,PHASE1|PHASE2,440,ACTUAL,2015-12,2016-07,OTHER,1,0,0
NCT05468372,PHASE2,82,ACTUAL,2022-07-01,2026-02-01,OTHER,1,1,1
NCT00007995,PHASE2,75,ESTIMATED,1999-07,2007-11,OTHER,1,1,1
NCT01358695,PHASE2,111,ACTUAL,2011-05,2012-02,INDUSTRY,2,6,1
NCT02032277,PHASE3,634,ACTUAL,2014-04-02,2016-03-18,INDUSTRY,1,158,15
NCT04258839,PHASE3,95,ACTUAL,2020-01-23,2023-03-16,INDUSTRY,1,28,1
NCT05597839,PHASE1|PHASE2,24,ACTUAL,2022-11-15,2025-08-15,INDUSTRY,1,17,1
NCT04141501,PHASE2,37,ACTUAL,2020-06-08,2023-03-14,OTHER,1,1,1
NCT03427866,PHASE2,44,ACTUAL,2018-08-28,2024-05-01,OTHER,1,5,1
NCT01276756,PHASE2|PHASE3,100,ACTUAL,2010-12,2012-11,OTHER,1,1,1
NCT00370851,PHASE3,82,ACTUAL,2006-08,2008-02,OTHER,1,1,1
NCT00002766,PHASE3,170,ACTUAL,1996-03,2011-09,OTHER,2,7,1
NCT02419729,PHASE3,45,ACTUAL,2015-03,2015-10,OTHER,1,1,1
NCT03252431,PHASE3,393,ACTUAL,2018-04-12,2019-09-25,INDUSTRY,2,1,1
NCT05046431,PHASE3,704,ACTUAL,2021-05-06,2023-10-06,INDUSTRY,1,1,1
NCT01294202,PHASE2,26,ACTUAL,2011-03,2013-04,INDUSTRY,1,8,1
NCT00651937,PHASE2,80,ACTUAL,2008-03,2016-01,OTHER,2,1,1
NCT02268045,PHASE3,272,ACTUAL,2013-05,2016-05,INDUSTRY,1,87,12
NCT02066545,PHASE2,327,ACTUAL,2014-04,2014-11,INDUSTRY,1,20,1
NCT01956695,PHASE2,45,ACTUAL,2013-09-18,2018-01-11,OTHER,2,12,1
NCT01185795,PHASE2,150,ACTUAL,2008-09,2009-01,INDUSTRY,1,0,0
NCT00637195,PHASE3,152,ACTUAL,2008-03-11,2008-06-20,INDUSTRY,2,2,1
NCT01946477,PHASE2,186,ACTUAL,2014-05-29,2025-04-30,INDUSTRY,1,49,4
NCT02318277,PHASE1|PHASE2,176,ACTUAL,2015-01-05,2019-08-28,INDUSTRY,4,13,1
NCT05225675,PHASE2,54,ACTUAL,2022-03-31,2024-06-04,INDUSTRY,1,40,11
NCT00005775,PHASE3,1433,ACTUAL,1999-07,2000-12,NETWORK,5,15,1
NCT00042575,PHASE3,120,,2002-06,,INDUSTRY,1,9,1
NCT01726075,PHASE2|PHASE3,450,ACTUAL,2013-02,2015-11,INDUSTRY,1,11,7
NCT01009775,PHASE2,64,ACTUAL,2009-11,2011-03,INDUSTRY,1,13,2
NCT00193375,PHASE2,60,ACTUAL,2003-08,2008-04,OTHER,1,0,0
NCT04437875,PHASE1|PHASE2,38,ACTUAL,2020-06-17,2020-08-03,OTHER,1,1,1
NCT04706975,PHASE2,126,ACTUAL,2021-01-11,2022-05-18,INDUSTRY,2,36,2
NCT05238675,PHASE2,322,ACTUAL,2022-04-28,2024-05-01,INDUSTRY,1,112,23
NCT01113957,PHASE2,168,ACTUAL,2010-03,2013-06,INDUSTRY,1,32,8
NCT06438757,PHASE2,69,ACTUAL,2024-06-19,2025-11-20,INDUSTRY,1,1,1
NCT03374657,PHASE1|PHASE2,12,ACTUAL,2018-08-22,2026-05-12,INDUSTRY,1,1,1
NCT01828957,PHASE2,69,ACTUAL,2013-04,2015-05,INDUSTRY,1,2,1
NCT01135212,PHASE3,290,ACTUAL,2010-04,2011-04,INDUSTRY,1,1,1
NCT00481481,PHASE3,346,ACTUAL,2007-04,2009-04,INDUSTRY,1,56,13
NCT00427219,PHASE2,74,ACTUAL,2007-01-23,2008-02-27,INDUSTRY,1,13,1
NCT00003230,PHASE1|PHASE2,33,ESTIMATED,1998-01,2000-07,OTHER,1,9,1
NCT02006030,PHASE2,30,ACTUAL,2014-10-15,2016-07-31,INDUSTRY,1,4,1
NCT00656656,PHASE2,23,ACTUAL,2008-01,2011-07,OTHER,1,1,1
NCT02347956,PHASE1|PHASE2,19,ACTUAL,2015-01,2015-11,OTHER,1,1,1
NCT00859222,PHASE1|PHASE2,51,ACTUAL,2009-03,2013-09,OTHER,1,5,1
NCT01966822,PHASE3,75,ACTUAL,2014-01,2015-10,OTHER,1,3,1
NCT00729222,PHASE2,60,ACTUAL,2008-11,2009-03,INDUSTRY,1,0,0
NCT02390102,PHASE3,117,ACTUAL,2012-06,2015-06,OTHER,2,1,1
NCT00022672,PHASE3,208,ACTUAL,2001-01,2009-10,INDUSTRY,1,132,26
NCT00949039,PHASE3,101,ACTUAL,2009-02,2014-03,OTHER,1,1,1
NCT06744777,PHASE3,284,ACTUAL,2024-12-17,2025-04-28,OTHER,3,4,1
NCT00771875,PHASE2,30,ACTUAL,2008-09,2012-12,OTHER,1,2,1
NCT01211275,PHASE1|PHASE2,32,ACTUAL,2009-05-22,2012-11-13,OTHER,1,1,1
NCT03969901,PHASE2|PHASE3,115,ACTUAL,2019-10-08,2024-05-07,INDUSTRY,1,67,18
NCT02132312,PHASE3,78,ACTUAL,2014-07,2016-09-12,INDUSTRY,2,11,1
NCT01055912,PHASE2,170,ACTUAL,2010-01,2010-09,INDUSTRY,1,25,1
NCT06169319,PHASE2,231,ACTUAL,2024-01-03,2024-09-30,INDUSTRY,1,39,1
NCT00214630,PHASE3,825,ACTUAL,2003-12,2007-08,INDUSTRY,1,56,5
NCT01085630,PHASE2,72,ACTUAL,2010-04,2017-07,OTHER,1,145,1
NCT02837328,PHASE2,59,ACTUAL,2017-03-01,2017-09-15,OTHER,1,1,1
NCT05151328,PHASE3,648,ACTUAL,2022-03-18,2023-10-12,INDUSTRY,1,1,1
NCT01473407,PHASE3,612,ACTUAL,2012-01-31,2014-02-11,INDUSTRY,2,85,2
NCT00000207,PHASE3,0,,1992-05,1997-04,OTHER,1,1,1
NCT03459807,PHASE2,50,ACTUAL,2018-03-23,2018-12-06,OTHER,4,2,1
NCT00567892,PHASE2,55,ACTUAL,2008-01,2011-06,OTHER,1,1,1
NCT04111822,PHASE3,40,ACTUAL,2018-10-31,2020-10-31,OTHER,2,1,1
NCT00709722,PHASE1|PHASE2,21,ACTUAL,2003-10,2007-04,INDUSTRY,1,6,2
NCT00773331,PHASE3,281,ACTUAL,2009-07,2010-12,INDUSTRY,1,13,1
NCT02118831,PHASE1|PHASE2,56,ACTUAL,2012-03,2014-02,OTHER,3,0,0
NCT03688802,PHASE2,18,ACTUAL,2018-09-25,2019-09-30,INDUSTRY,1,1,1
NCT01626495,PHASE1|PHASE2,73,ACTUAL,2011-08-17,2018-05-07,OTHER,2,1,1
NCT02744495,PHASE3,502,ACTUAL,2016-02,2016-11,OTHER,3,1,1
NCT02205372,PHASE1|PHASE2,31,ACTUAL,2014-07,2015-08,INDUSTRY,1,1,1
NCT01842672,PHASE1|PHASE2,41,ACTUAL,2013-03,2021-08,OTHER,5,2,1
NCT00728195,PHASE2,498,ACTUAL,2008-11,2010-02,INDUSTRY,1,45,10
NCT03926195,PHASE2,109,ACTUAL,2019-05-28,2020-08-14,INDUSTRY,4,71,8
NCT03304639,PHASE2,9,ACTUAL,2018-06-12,2022-06-07,NIH,8,254,1
NCT00312975,PHASE2,90,ACTUAL,2006-05,2008-04,INDUSTRY,1,26,5
NCT02961257,PHASE3,196,ACTUAL,2017-05-05,2021-12-02,OTHER,1,31,2
NCT07131657,PHASE2,40,ACTUAL,2025-09-02,2025-12-03,INDUSTRY,2,1,1
NCT00494481,PHASE2,64,ACTUAL,2006-01,2007-06,INDUSTRY,1,12,5
NCT00116519,PHASE2,300,,2005-07,,INDUSTRY,1,54,1
NCT00065130,PHASE3,27,ACTUAL,2000-04,2003-12,INDUSTRY,2,1,1
NCT04414930,PHASE2,68,ACTUAL,2020-11-09,2024-12-30,OTHER,2,1,1
NCT01324128,PHASE3,1059,ACTUAL,2011-03,2012-04,INDUSTRY,1,15,15
NCT04553367,PHASE1|PHASE2,200,ACTUAL,2020-07-02,2021-12-01,NETWORK,2,1,1
NCT04182100,PHASE2,29,ACTUAL,2019-12-20,2021-03-08,INDUSTRY,1,8,1
NCT00003700,PHASE2,163,ACTUAL,1999-01,2004-02,OTHER,1,50,1
NCT02945800,PHASE2,59,ACTUAL,2016-10-25,2024-11-19,OTHER,4,14,1
NCT03050307,PHASE3,234,ACTUAL,2017-04-17,2020-02-19,INDUSTRY,1,81,4
NCT00274807,PHASE2,40,ACTUAL,2001-06,2007-04,OTHER,1,0,0
NCT02309411,PHASE2,46,ACTUAL,2015-01-15,2017-04-05,INDUSTRY,1,29,15
NCT00051844,PHASE2,179,ACTUAL,2002-08,,INDUSTRY,1,52,6
NCT05375734,PHASE2,29,ACTUAL,2021-08-17,2025-07-25,OTHER,3,1,1
NCT00054041,PHASE2,84,ACTUAL,2004-06,2007-01,NIH,3,1,1
NCT00515554,PHASE3,1500,ACTUAL,2008-05,2019-07,OTHER,1,1,1
NCT01673854,PHASE2,70,ACTUAL,2012-09-13,2014-07-25,INDUSTRY,1,14,1
NCT02422966,PHASE2,110,ACTUAL,2015-12,2019-01,INDUSTRY,1,5,1
NCT02242266,PHASE2,121,ACTUAL,2005-07-28,2006-06-04,INDUSTRY,1,0,0
NCT00298766,PHASE1|PHASE2,70,ACTUAL,2005-06,2009-07,INDUSTRY,1,4,1
NCT01497366,PHASE3,527,ACTUAL,2011-12,2013-01,INDUSTRY,1,97,8
NCT01670656,PHASE2,439,ACTUAL,2013-01-21,2013-09-11,INDUSTRY,1,0,0
NCT02203331,PHASE2,319,ACTUAL,2014-10-16,2016-10-24,INDUSTRY,1,117,14
NCT03297502,PHASE3,582,ACTUAL,2016-06,2017-06,INDUSTRY,1,0,0
NCT00000572,PHASE3,40,ACTUAL,1987-06,1991-04,OTHER,2,0,0
NCT02462395,PHASE2|PHASE3,32,ACTUAL,2014-09,2016-09,OTHER,1,1,1
NCT00574795,PHASE3,193,ACTUAL,2007-09,2008-08,INDUSTRY,1,24,1
NCT00509639,PHASE3,74,ACTUAL,2005-05,2008-02,INDUSTRY,1,11,2
NCT03403777,PHASE2,8,ACTUAL,2017-11-15,2019-02-28,OTHER_GOV,7,1,1
NCT02720445,PHASE2,348,ACTUAL,2017-01-13,2025-08-25,OTHER,1,36,1
NCT03911557,PHASE2,14,ACTUAL,2019-06-08,2025-10-10,OTHER,1,1,1
NCT01567657,PHASE2,200,ACTUAL,2012-01,2013-01,OTHER,1,1,1
NCT04827901,PHASE2,44,ACTUAL,2021-10-19,2024-10-03,OTHER,1,2,1
NCT01859312,PHASE2,8,ACTUAL,2013-05-06,2016-12-02,NIH,3,1,1
NCT01342081,PHASE3,489,ACTUAL,2011-05,2012-09,INDUSTRY,2,1,1
NCT00418457,PHASE3,2108,ACTUAL,2007-01,2018-02,OTHER,1,6,6
NCT00071812,PHASE2,283,ACTUAL,2003-12,2005-01,INDUSTRY,1,63,1
NCT00398112,PHASE2,18,ACTUAL,2007-08,2008-11,NIH,3,1,1
NCT00437281,PHASE1|PHASE2,65,ACTUAL,2007-04,2012-11,INDUSTRY,1,18,3
NCT00470665,PHASE3,460,,2002-08,,INDUSTRY,1,0,0
NCT00595465,PHASE3,389,ACTUAL,2007-12,2008-02,INDUSTRY,1,4,2
NCT02105467,PHASE3,421,ACTUAL,2014-06-05,2015-02-26,INDUSTRY,1,0,0
NCT00908700,PHASE3,51,ACTUAL,2009-08,2010-11,OTHER,2,1,1
NCT01213407,PHASE2,87,ACTUAL,2010-04,2015-06,INDUSTRY,1,8,1
NCT03756129,PHASE2,70,ACTUAL,2019-02-08,2020-03-23,INDUSTRY,1,12,2
NCT02963831,PHASE1|PHASE2,67,ACTUAL,2017-09-07,2022-06-25,OTHER,3,6,1
NCT00056953,PHASE2,160,,1999-09,,NIH,3,1,1
NCT02638545,PHASE3,37,ACTUAL,2015-09,2017-01,OTHER,1,1,1
NCT00246545,PHASE2,39,ACTUAL,2005-10,2007-12,OTHER,1,1,1
NCT00212745,PHASE1|PHASE2,8,ACTUAL,2004-02,2009-03,OTHER,1,1,1
NCT01775995,PHASE1|PHASE2,35,ACTUAL,2013-01,2013-12,OTHER,2,1,1
NCT00738595,PHASE2,400,ESTIMATED,2008-08,2009-03,INDUSTRY,1,9,1
NCT00326339,PHASE2,189,ACTUAL,2006-08,2007-10,INDUSTRY,1,38,2
NCT00784277,PHASE3,597,ACTUAL,2008-10,2009-07,INDUSTRY,3,0,0
NCT00482677,PHASE3,562,ACTUAL,2007-11-14,2016-03-01,NETWORK,1,22,4
NCT02459457,PHASE3,321,ACTUAL,2015-07-01,2020-07-01,OTHER,1,1,1
NCT05052801,PHASE3,547,ACTUAL,2022-03-07,2025-06-20,INDUSTRY,2,300,37
NCT00158119,PHASE3,160,,2001-07,2007-09,NIH,2,1,1
NCT00624728,PHASE1|PHASE2,21,ACTUAL,2008-02,2011-11,OTHER,3,2,1
NCT02825628,PHASE2,55,ACTUAL,2016-05,2018-06,INDUSTRY,1,8,4
NCT03248128,PHASE3,906,ACTUAL,2017-10-20,2022-03-21,INDUSTRY,1,183,16
NCT05264467,PHASE2|PHASE3,106,ACTUAL,2018-03-12,2021-07-09,OTHER,3,1,1
NCT01170767,PHASE3,501,ACTUAL,2009-06,2012-12,OTHER,1,1,1
NCT00719667,PHASE3,2000,ESTIMATED,2008-07,2011-10,NETWORK,1,2,1
NCT04500067,PHASE3,76,ACTUAL,2020-05-07,2020-09-15,INDUSTRY,2,9,1
NCT06019000,PHASE2,151,ACTUAL,2023-09-26,2025-11-11,INDUSTRY,1,14,1
NCT00094900,PHASE2,11,ACTUAL,2004-10,2010-09,NIH,3,1,1
NCT01578707,PHASE3,391,ACTUAL,2012-06,2013-11,INDUSTRY,2,76,10
NCT04036292,PHASE3,758,ACTUAL,2019-07-23,2020-04-10,INDUSTRY,1,22,1
NCT02558192,PHASE3,90,ACTUAL,2014-01,2014-10,OTHER,1,1,1
NCT01624311,PHASE2,5,ACTUAL,2007-08,2015-05,OTHER,2,3,1
NCT00421811,PHASE1|PHASE2,56,ESTIMATED,2007-04,2009-03,INDUSTRY,1,7,1
NCT01895244,PHASE2,44,ACTUAL,2012-09,2021-09,OTHER,3,1,1
NCT03776344,PHASE2,62,ACTUAL,2018-10-10,2019-07-31,OTHER,1,1,1
NCT00002145,PHASE3,145,,,,INDUSTRY,2,15,1
NCT00457002,PHASE3,6758,ACTUAL,2007-06,2011-05,INDUSTRY,2,296,35
NCT00104572,PHASE2,44,ACTUAL,2004-03,2013-12,NIH,5,1,1
NCT04366245,PHASE1|PHASE2,72,ACTUAL,2020-04-23,2020-12-30,OTHER,1,14,1
NCT02418195,PHASE2,247,ACTUAL,2015-04-20,2020-12-30,OTHER,1,1,1
NCT00810095,PHASE2,40,ACTUAL,2009-03,2011-04,INDUSTRY,1,1,1
NCT00516139,PHASE3,122,ACTUAL,2007-08,2010-07,INDUSTRY,1,63,1
NCT01283139,PHASE2,834,ACTUAL,2011-03-31,2013-11-14,INDUSTRY,1,107,22
NCT02446977,PHASE2,50,ACTUAL,2015-03,2015-12,INDIV,1,1,1
NCT00250575,PHASE3,43,ACTUAL,2005-11,2009-12,INDUSTRY,1,8,1
NCT00619957,PHASE3,285,ACTUAL,2002-06,2007-05,INDUSTRY,1,23,10
NCT01152281,PHASE2,722,ACTUAL,2010-05,2017-04-30,OTHER,1,1,1
NCT00468481,PHASE3,385,ACTUAL,2007-04,2008-08,INDUSTRY,3,9,1
NCT03740919,PHASE3,751,ACTUAL,2019-04-07,2021-07-02,INDUSTRY,1,111,18
NCT01953419,PHASE2,34,ACTUAL,2010-09,2013-12,OTHER,1,1,1
NCT02171130,PHASE3,129,ACTUAL,2014-05,2015-08,INDUSTRY,3,9,2
NCT01980030,PHASE1|PHASE2,24,ESTIMATED,2013-11,2015-12,OTHER,1,1,1
NCT00230828,PHASE3,,,2005-05,2006-01,INDUSTRY,1,0,0
NCT01880528,PHASE2,23,ACTUAL,2013-05-31,2013-06-05,OTHER,3,3,1
NCT01830465,PHASE2,45,ACTUAL,2006-08,2008-08,OTHER,1,1,1
NCT00280865,PHASE2,500,,2002-04,,INDUSTRY,1,110,4
NCT00189800,PHASE3,,,,,INDUSTRY,1,10,1
NCT00798707,PHASE3,709,ACTUAL,2008-12,2010-04,INDUSTRY,1,78,2
NCT01286207,PHASE3,1959,ACTUAL,1995-03,1997-05,INDUSTRY,1,0,0
NCT00281892,PHASE3,97,ACTUAL,2004-09,2008-05,OTHER,2,46,1
NCT06137092,PHASE3,50,ACTUAL,2023-07-22,2023-09-27,INDUSTRY,1,5,1
NCT05392192,PHASE2,51,ACTUAL,2022-04-07,2023-04-13,INDUSTRY,1,14,1
NCT04285736,PHASE2|PHASE3,100,ACTUAL,2014-12,2016-05,OTHER,1,0,0
NCT00630344,PHASE2,36,ACTUAL,2008-02,2012-05,OTHER,1,2,1
NCT03645434,PHASE2,73,ACTUAL,2018-10-10,2019-08-07,INDUSTRY,1,5,2
NCT02952534,PHASE2,277,ACTUAL,2017-02-15,2021-07-18,INDUSTRY,1,149,12
NCT03058666,PHASE3,477,ACTUAL,2017-03-29,2018-06-01,INDUSTRY,1,22,1
NCT01154166,PHASE3,347,ACTUAL,2010-02-15,2011-09-01,INDUSTRY,1,18,1
NCT03541356,PHASE2,32,ACTUAL,2018-05-08,2019-06-11,INDUSTRY,1,5,1
NCT04091451,PHASE3,1430,ACTUAL,2019-09-17,2024-02-15,INDUSTRY,1,3,1
NCT01817751,PHASE2,47,ACTUAL,2013-04-11,2020-08-27,OTHER,4,1,1
NCT02243202,PHASE2,335,ACTUAL,2014-09,2015-06,INDUSTRY,1,17,1
NCT02425137,PHASE2,51,ACTUAL,2015-04,2017-05,INDUSTRY,1,4,1
NCT00994929,PHASE2,9,ACTUAL,2010-01,2012-04,OTHER,2,1,1
NCT05349331,PHASE2,74,ACTUAL,2022-05-05,2025-12-31,OTHER,1,1,1
NCT01433172,PHASE1|PHASE2,73,ACTUAL,2012-03-26,2016-01-31,OTHER,2,1,1
NCT03495102,PHASE3,1842,ACTUAL,2018-04-05,2019-05-28,INDUSTRY,1,208,16
NCT02072395,PHASE2,17,ACTUAL,2012-02,2016-06,OTHER,1,1,1
NCT02430077,PHASE2,10,ACTUAL,2016-06,2022-10,OTHER,1,2,1
NCT00523757,PHASE3,8,ACTUAL,2007-08,2010-04-30,OTHER,1,1,1
NCT01974401,PHASE2,20,ACTUAL,2010-01,2011-03,OTHER,4,1,1
NCT01555112,PHASE1|PHASE2,12,ACTUAL,2012-03,2013-07,INDUSTRY,2,1,1
NCT00434681,PHASE3,48,,2006-10,,INDUSTRY,2,1,1
NCT02218619,PHASE2,20,ACTUAL,2015-08,2019-12-31,OTHER,1,1,1
NCT00276965,PHASE3,139,ACTUAL,2006-09,2012-03,OTHER,2,3,1
NCT05149365,PHASE3,190,ACTUAL,2021-12-22,2023-09-24,OTHER,2,1,1
NCT04353128,PHASE2|PHASE3,450,ACTUAL,2020-04-20,2020-10-01,OTHER,3,1,1
NCT01812928,PHASE2,60,ACTUAL,2013-03,2013-08,OTHER,3,1,1
NCT03355365,PHASE2,54,ACTUAL,2018-09-21,2023-02-09,OTHER,1,1,1
NCT01728467,PHASE2,20,ACTUAL,2012-11,2014-03,INDUSTRY,1,1,1
NCT02434367,PHASE2,50,ACTUAL,2014-08,2017-06-30,INDUSTRY,2,2,1
NCT06720467,PHASE2,22,ACTUAL,2024-06-11,2025-03-15,OTHER_GOV,1,1,1
NCT02638207,PHASE3,142,ACTUAL,2017-09-27,2019-09-05,INDUSTRY,1,26,9
NCT00288392,PHASE2,60,,2005-06,,INDUSTRY,1,2,1
NCT03574792,PHASE2,62,ACTUAL,2018-05-03,2021-04-19,OTHER,2,1,1
NCT01524692,PHASE2,35,ACTUAL,2012-03,2014-01,OTHER,1,1,1
NCT00004492,PHASE1|PHASE2,20,ESTIMATED,1999-10,,OTHER,1,1,1
NCT00043836,PHASE2,20,,2002-07,2003-02,INDUSTRY,3,2,1
NCT04371536,PHASE3,1,ACTUAL,2021-07-09,2022-02-01,OTHER,2,1,1
NCT03482011,PHASE3,530,ACTUAL,2018-04-24,2019-03-21,INDUSTRY,1,69,9
NCT04225156,PHASE3,101,ACTUAL,2020-06-02,2026-03-11,INDUSTRY,1,87,18
NCT00515502,PHASE2,24,ACTUAL,2007-06-21,2007-11-06,INDUSTRY,1,3,1
NCT02655237,PHASE3,281,ACTUAL,2016-03-05,2017-05-17,INDUSTRY,1,25,1
NCT00833495,PHASE2,155,ACTUAL,2009-01,2009-03,INDUSTRY,1,1,1
NCT04409795,PHASE2|PHASE3,3,ACTUAL,2021-08-26,2024-12-31,OTHER,2,1,1
NCT01076075,PHASE3,427,ACTUAL,2010-06-03,2011-07-11,INDUSTRY,1,0,0
NCT00909077,PHASE3,155,ACTUAL,2004-08,2012-06-01,OTHER,1,10,1
NCT03150875,PHASE3,290,ACTUAL,2017-09-01,2023-02-22,INDUSTRY,1,2,1
NCT00662857,PHASE2,29,ACTUAL,2008-04,2008-11,INDUSTRY,1,2,1
NCT00345501,PHASE2|PHASE3,208,ACTUAL,2005-11,,OTHER,3,1,1
NCT03734601,PHASE2,22,ACTUAL,2018-11-05,2019-12-26,OTHER,9,1,1
NCT02562781,PHASE3,184,ACTUAL,2014-11,2020-12,OTHER,1,2,1
NCT02532881,PHASE2,492,ACTUAL,2015-08,2016-08,OTHER,1,5,1
NCT03640312,PHASE2,62,ACTUAL,2019-08-30,2022-05-31,OTHER,1,2,1
NCT01004081,PHASE2,54,ACTUAL,2009-11,2011-10,INDUSTRY,1,34,4
NCT07380581,PHASE1|PHASE2,21,ACTUAL,2024-02-15,2025-08-31,OTHER,2,1,1
NCT01111019,PHASE2,19,ACTUAL,2006-03-21,2017-01-17,INDUSTRY,1,1,1
NCT01242930,PHASE2,13,ACTUAL,2010-11,2014-11,INDUSTRY,1,2,1
NCT00121030,PHASE2,,,2002-10,,INDUSTRY,3,0,0
NCT06062030,PHASE3,215,ACTUAL,2024-03-08,2024-06-03,INDUSTRY,1,1,1
NCT03452228,PHASE2,52,ACTUAL,2018-06-07,2019-12-17,INDUSTRY,1,17,4
NCT01157936,PHASE2,40,ESTIMATED,2010-07,2011-02,OTHER,4,1,1
NCT02854436,PHASE2,289,ACTUAL,2016-08-31,2021-01-26,INDUSTRY,1,110,15
NCT01731600,PHASE3,68,ACTUAL,2013-02-20,2014-09-15,INDUSTRY,2,51,16
NCT03803007,PHASE1|PHASE2,160,ACTUAL,2019-03-06,2021-09-27,INDUSTRY,1,1,1
NCT00511407,PHASE2,58,ACTUAL,2004-03,2007-08,INDUSTRY,1,13,1
NCT00825292,PHASE2,110,ACTUAL,2006-07,2008-12,OTHER,1,1,1
NCT00218192,PHASE3,277,ACTUAL,2000-09,2006-11,OTHER,2,1,1
NCT06109311,PHASE3,546,ACTUAL,2023-11-10,2025-09-15,INDUSTRY,1,70,6
NCT05692271,PHASE2,48,ACTUAL,2023-07-15,2025-03-15,OTHER,2,1,1
NCT00405444,PHASE3,64,ACTUAL,2006-11,2008-09,OTHER,1,1,1
NCT00947544,PHASE2,17,ACTUAL,2010-03,2011-08,INDUSTRY,1,8,2
NCT00649844,PHASE3,147,ACTUAL,2003-01,,INDUSTRY,1,22,1
NCT02776683,PHASE3,123,ACTUAL,2016-06-08,2018-10-03,INDUSTRY,1,46,4
NCT01842841,PHASE3,5,ACTUAL,2013-03-13,2014-10-08,INDUSTRY,1,5,1
NCT00951041,PHASE2,130,ACTUAL,2009-08-11,2010-08-30,INDUSTRY,1,3,1
NCT02014441,PHASE2,61,ACTUAL,2014-04-07,2016-01-25,INDUSTRY,1,14,2
NCT01624194,PHASE2,54,ACTUAL,2012-06,2016-05,OTHER,1,1,1
NCT00233766,PHASE1|PHASE2,60,,2002-09,2007-12,INDUSTRY,1,1,1
NCT00000156,PHASE3,,,1995-07,,NIH,1,3,1
NCT00309556,PHASE3,536,ACTUAL,2005-02,2009-11,NETWORK,1,26,1
NCT00316329,PHASE3,1032,,2006-03,,INDUSTRY,1,5,4
NCT00479531,PHASE3,40,ESTIMATED,2005-09,,FED,1,1,1
NCT03240731,PHASE2,25,ACTUAL,2017-08-10,2024-04-08,OTHER,1,7,1
NCT00679731,PHASE3,317,ACTUAL,2008-04,2009-11,INDUSTRY,1,43,14
NCT02702102,PHASE2,5,ACTUAL,2015-12,2019-09-04,OTHER,3,1,1
NCT01247337,PHASE2,56,ACTUAL,2011-02-02,2016-02-18,OTHER,1,1,1
NCT06256445,PHASE3,252,ACTUAL,2024-03-26,2024-07-05,INDUSTRY,1,1,1
NCT03363945,PHASE3,30,ACTUAL,2018-03-15,2024-04-11,INDUSTRY,1,19,2
NCT03864445,PHASE2,47,ACTUAL,2019-04-29,2019-12-03,INDUSTRY,1,1,1
NCT00495495,PHASE2|PHASE3,394,ACTUAL,2007-02,2009-05,OTHER,1,3,1
NCT01536795,PHASE2,48,ACTUAL,2005-10,2007-02,FED,1,1,1
NCT01114139,PHASE3,812,ACTUAL,2010-06-19,2012-02-27,INDUSTRY,1,182,6
NCT01196975,PHASE3,1707,ACTUAL,2010-10-01,2011-01-25,INDUSTRY,1,12,3
NCT03695757,PHASE1|PHASE2,24,ACTUAL,2018-11-06,2021-01-26,OTHER,1,1,1
NCT00483301,PHASE2,34,ACTUAL,2007-05,2009-08,OTHER,1,2,1
NCT01260701,PHASE2,75,ACTUAL,2011-01,2014-05,NIH,5,187,2
NCT00603512,PHASE2,140,ACTUAL,2008-01,2008-09,INDUSTRY,1,18,1
NCT04656301,PHASE2,12,ACTUAL,2021-02-26,2022-11-02,OTHER,1,1,1
NCT01878812,PHASE3,117,ACTUAL,2013-07-11,2013-08-05,INDUSTRY,1,4,1
NCT00203112,PHASE2,44,ACTUAL,2004-06,2006-06,INDUSTRY,1,0,0
NCT00225719,PHASE2,180,ESTIMATED,2005-07,,INDUSTRY,1,1,1
NCT00616928,PHASE3,4561,ACTUAL,2008-01-23,2008-10-15,INDUSTRY,1,40,2
NCT02333565,PHASE2,20,ACTUAL,2015-01-22,2019-01-21,OTHER,2,1,1
NCT01244828,PHASE3,157,ACTUAL,2011-04-05,2014-08-21,INDUSTRY,1,0,0
NCT04740307,PHASE2,116,ACTUAL,2021-03-16,2025-07-29,INDUSTRY,1,40,9
NCT01719536,PHASE3,296,ACTUAL,2012-12,2016-09,INDUSTRY,1,21,1
NCT01025154,PHASE2,63,ACTUAL,2010-01,2013-02,OTHER,1,1,1
NCT00524654,PHASE2,30,ACTUAL,2007-08,2007-12,OTHER,1,1,1
NCT04312594,PHASE2,91,ACTUAL,2020-09-08,2022-06-09,INDUSTRY,1,1,1
NCT02023866,PHASE2,36,ACTUAL,2014-05,2016-10,INDUSTRY,1,5,1
NCT00003966,PHASE2,151,ACTUAL,2000-04,2006-02,OTHER,1,9,1
NCT01600222,PHASE2,37,ACTUAL,2012-05,2013-05,INDUSTRY,1,10,1
NCT00490022,PHASE1|PHASE2,31,ACTUAL,2007-06,2009-01,OTHER,1,1,1
NCT03255629,PHASE1|PHASE2,18,ACTUAL,2017-09-19,2018-08-22,OTHER,1,1,1
NCT04025931,PHASE2,73,ACTUAL,2020-01-19,2025-10-30,OTHER,1,1,1
NCT00001931,PHASE2,20,,1999-05,,NIH,1,1,1
NCT00109031,PHASE3,47,ACTUAL,2005-01,2006-02,INDUSTRY,3,0,0
NCT00003653,PHASE3,1386,ACTUAL,1999-01-05,2010-10-04,NETWORK,1,29,1
NCT05199337,PHASE1|PHASE2,18,ACTUAL,2021-11-30,2024-02-14,INDUSTRY,2,21,7
NCT01888445,PHASE2,130,ACTUAL,2013-03-28,2014-09-15,INDUSTRY,1,8,1
NCT00599872,PHASE3,430,ACTUAL,2008-03,2008-11,INDUSTRY,1,30,1
NCT00043953,PHASE2,30,ACTUAL,2002-08,,INDUSTRY,1,11,2
NCT02246595,PHASE2,72,ACTUAL,2014-04,2015-12,INDUSTRY,2,11,1
NCT01054339,PHASE2,9,ACTUAL,2010-06,2011-10,INDUSTRY,1,4,2
NCT00301639,PHASE3,40,,2005-03,2005-12,OTHER,1,1,1
NCT00114439,PHASE2,25,ESTIMATED,2005-09,,OTHER_GOV,2,1,1
NCT03036839,PHASE2,95,ACTUAL,2017-06-27,2018-11-22,INDUSTRY,1,21,5
NCT02325739,PHASE1|PHASE2,172,ACTUAL,2014-12-29,2019-05-30,INDUSTRY,2,27,11
NCT04399577,PHASE2,39,ACTUAL,2017-07-01,2019-03-03,OTHER_GOV,1,1,1
NCT00312377,PHASE3,1690,ACTUAL,2006-05,2008-08,INDUSTRY,2,156,25
NCT03140657,PHASE2,24,ACTUAL,2017-04-29,2017-11-07,OTHER,1,1,1
NCT06875557,PHASE1|PHASE2,376,ACTUAL,2024-08-12,2024-09-28,OTHER,1,1,1
NCT00990457,PHASE3,77,ACTUAL,2009-10,2011-09,OTHER,4,1,1
NCT01292057,PHASE3,99,ACTUAL,2011-02,2015-12,OTHER,1,1,1
NCT03972501,PHASE2,26,ACTUAL,2019-10-04,2020-12-11,INDUSTRY,2,1,1
NCT03963401,PHASE2,219,ACTUAL,2019-06-13,2020-04-06,INDUSTRY,1,48,11
NCT00712712,PHASE2,78,ACTUAL,2007-12-24,2016-02-11,OTHER,3,1,1
NCT00005981,PHASE2,13,ACTUAL,2000-06,2003-11,OTHER,1,1,1
NCT00162981,PHASE2,68,ACTUAL,2005-10,2006-08,INDUSTRY,3,14,1
NCT00327119,PHASE2,50,,2006-04,,INDUSTRY,1,0,0
NCT00205465,PHASE2,64,,2004-12,,INDUSTRY,1,0,0
NCT00095667,PHASE2,41,ESTIMATED,2004-11,2007-11,NIH,2,1,1
NCT03276494,PHASE2,6,ACTUAL,2017-04-21,2018-04-21,OTHER,3,1,1
NCT00034866,PHASE2,165,,2002-04,,INDUSTRY,1,51,2
NCT02077166,PHASE1|PHASE2,138,ACTUAL,2014-03-13,2020-12-17,INDUSTRY,2,40,4
NCT00546156,PHASE2,104,ACTUAL,2007-10,2011-10,OTHER,1,4,1
NCT00931866,PHASE3,407,ACTUAL,2009-04,2009-09,INDUSTRY,2,1,1
NCT00600756,PHASE3,798,ACTUAL,2008-01,2009-10,INDUSTRY,1,116,14
NCT05243251,PHASE3,164,ACTUAL,2021-12-25,2022-11-21,OTHER,1,1,1
NCT02864251,PHASE3,367,ACTUAL,2017-03-17,2022-01-20,INDUSTRY,1,109,10
NCT00963131,PHASE2,60,ESTIMATED,2004-12,2008-12,OTHER,1,1,1
NCT01783353,PHASE2|PHASE3,28,ACTUAL,2013-01,2013-09,NETWORK,1,1,1
NCT05806853,PHASE2,60,ACTUAL,2020-06-03,2022-10-05,OTHER,1,1,1
NCT00237237,PHASE3,588,,2005-10,2007-02,INDUSTRY,1,2,2
NCT01656772,PHASE3,120,ACTUAL,2012-08,2013-12,INDUSTRY,1,5,3
NCT01481272,PHASE2,77,ACTUAL,2011-11,2017-07,NETWORK,1,8,1
NCT02159872,PHASE2,48,ACTUAL,2015-05-18,2020-04-14,OTHER,1,1,1
NCT03212495,PHASE2|PHASE3,100,ACTUAL,2017-08-01,2017-11-01,OTHER,1,1,1
NCT03012477,PHASE2,34,ACTUAL,2017-01-18,2019-05-07,OTHER,1,1,1
NCT02775695,PHASE2,12,ACTUAL,2017-04-03,2018-09-25,OTHER,1,1,1
NCT03630939,PHASE1|PHASE2,104,ACTUAL,2018-08-09,2019-06-05,INDUSTRY,1,10,2
NCT01794039,PHASE2,9,ACTUAL,2014-03,2016-11,OTHER,2,1,1
NCT01431339,PHASE3,739,ACTUAL,2011-07,2012-11,INDUSTRY,4,137,14
NCT00021801,PHASE2,,,2000-03,,NIH,1,1,1
NCT03030612,PHASE1|PHASE2,38,ACTUAL,2016-12,2022-08,INDUSTRY,2,7,2
NCT00785681,PHASE3,53,ACTUAL,2008-07,2008-09,INDUSTRY,1,1,1
NCT03459781,PHASE1|PHASE2,82,ACTUAL,2018-03-14,2020-01-11,OTHER,2,1,1
NCT03921528,PHASE2,58,ACTUAL,2019-04-22,2021-01-19,INDUSTRY,9,16,4
NCT00478465,PHASE1|PHASE2,30,ACTUAL,2007-05,2007-08,OTHER,1,1,1
NCT00321165,PHASE3,60,ESTIMATED,2006-06,2008-03,OTHER,3,1,1
NCT00578565,PHASE3,10,ACTUAL,2007-05,2011-06,OTHER,2,2,1
NCT01112865,PHASE3,120,ACTUAL,2010-08,2011-10,INDUSTRY,1,23,7
NCT01670565,PHASE2,20,ACTUAL,2012-08,2015-11,OTHER,1,1,1
NCT02821507,PHASE2,70,ACTUAL,2014-06,2021-12,OTHER,4,7,2
NCT01888107,PHASE3,347,ACTUAL,2005-01,2007-04,INDUSTRY,2,0,0
NCT02841280,PHASE2,160,ACTUAL,2016-07,2021-04,OTHER,2,1,1
NCT03231280,PHASE1|PHASE2,60,ESTIMATED,2017-08-14,2017-12-18,INDUSTRY,1,2,1
NCT00095979,PHASE2,52,ACTUAL,2005-05,2009-07,NIH,3,1,1
NCT01938196,PHASE2,,,,2014-01,INDUSTRY,1,1,1
NCT01018862,PHASE3,489,ACTUAL,2009-11,2011-04,INDUSTRY,1,39,1
NCT01400503,PHASE2,60,ACTUAL,2011-04-01,2017-03-01,INDUSTRY,1,26,17
NCT02081703,PHASE2,120,ACTUAL,2014-05,2015-06,INDUSTRY,1,2,1
NCT06103227,PHASE2|PHASE3,26,ACTUAL,2023-11-08,2024-11-25,OTHER,1,1,1
NCT01581203,PHASE3,748,ACTUAL,2012-05,2013-10,INDUSTRY,1,116,18
NCT01573403,PHASE1|PHASE2,54,ACTUAL,2012-04,2012-12,INDUSTRY,1,1,1
NCT01572727,PHASE2|PHASE3,416,ACTUAL,2012-08,2015-06,INDUSTRY,1,112,22
NCT01878227,PHASE3,420,ACTUAL,2010-07,2011-05,OTHER,1,1,1
NCT00647569,PHASE3,59,ACTUAL,2008-04,2012-06,OTHER,2,1,1
NCT00201773,PHASE2,22,ACTUAL,2003-07,2007-11,OTHER,1,1,1
NCT05448469,PHASE3,99,ACTUAL,2022-07-10,2022-12-10,OTHER,1,1,1
NCT01349569,PHASE2,19,ACTUAL,2012-01,2016-10,OTHER,1,1,1
NCT00037869,PHASE3,15,ACTUAL,2001-11,2005-01,OTHER,2,1,1
NCT04173169,PHASE3,103,ACTUAL,2022-03-15,2025-05-02,OTHER,2,5,1
NCT02573883,PHASE3,52,ACTUAL,2015-10,2019-09,OTHER,1,1,1
NCT01172769,PHASE2,42,ACTUAL,2010-06,2012-03,OTHER,1,7,1
NCT01138683,PHASE3,1,ACTUAL,2010-02,2011-10,OTHER,1,1,1
NCT00436683,PHASE2,64,ACTUAL,2007-02,2008-01,INDUSTRY,1,15,1
NCT02993341,PHASE3,65,ACTUAL,2016-11,2019-03-05,OTHER,2,1,1
NCT00407394,PHASE3,2000,,2004-04,,OTHER,1,1,1
NCT00415194,PHASE3,795,ACTUAL,2006-12,2010-03,INDUSTRY,1,94,21
NCT00963105,PHASE2,104,ACTUAL,2009-10-19,2017-09-05,INDUSTRY,1,52,8
NCT00604656,PHASE3,241,ACTUAL,2003-05-05,2004-01-29,INDUSTRY,2,34,5
NCT01947322,PHASE1|PHASE2,10,ACTUAL,2011-05,2016-01,OTHER,1,4,1
NCT01523522,PHASE2|PHASE3,24,ACTUAL,2012-02,2015-10,OTHER,1,2,1
NCT01030822,PHASE3,282,ACTUAL,2010-04-02,2011-08-19,INDUSTRY,1,4,1
NCT02479529,PHASE3,130,ACTUAL,2014-10,2016-06,OTHER,1,1,1
NCT00366431,PHASE2,420,,2006-08,,INDUSTRY,1,67,1
NCT07307131,PHASE2,64,ACTUAL,2024-09-01,2025-03-01,OTHER,2,1,1
NCT03382431,PHASE1|PHASE2,56,ACTUAL,2017-11-14,2018-05-09,INDUSTRY,1,1,1
NCT01534637,PHASE2,22,ACTUAL,2006-08,2009-12,OTHER,6,1,1
NCT00425737,PHASE2,405,ACTUAL,2000-08,2001-07,INDUSTRY,1,0,0
NCT03622580,PHASE3,940,ACTUAL,2018-09-05,2020-10-20,INDUSTRY,1,185,16
NCT00511446,PHASE2,56,ACTUAL,2007-08,2010-05,OTHER,1,10,1
NCT02173288,PHASE2|PHASE3,50,ACTUAL,2013-07,2016-03,OTHER,2,1,1
NCT03457103,PHASE2,31,ACTUAL,2015-06-16,2019-08-02,OTHER,1,1,1
NCT04934527,PHASE2,42,ACTUAL,2021-11-17,2024-12-19,OTHER,2,1,1
NCT01523561,PHASE3,150,ACTUAL,2009-10,2012-05,OTHER_GOV,1,1,1
NCT01758861,PHASE2,98,ACTUAL,2011-07,2012-09,OTHER,1,1,1
NCT00797069,PHASE3,58,ACTUAL,2008-11,2009-02,INDUSTRY,1,3,1
NCT05926869,PHASE2,100,ACTUAL,2022-08-01,2022-12-01,OTHER_GOV,1,1,1
NCT00210483,PHASE3,866,ACTUAL,2003-07,,INDUSTRY,1,0,0
NCT02778841,PHASE2,80,ACTUAL,2014-11,2015-03,OTHER,1,0,0
NCT01242241,PHASE3,80,ACTUAL,2008-04-01,2011-12,OTHER,2,1,1
NCT02407041,PHASE2,5,ACTUAL,2015-09,2018-03,INDUSTRY,1,1,1
NCT00174941,PHASE2,116,ACTUAL,2001-03,2006-12,INDUSTRY,1,0,0
NCT00960141,PHASE3,829,ACTUAL,2000-08,2000-10,INDUSTRY,1,0,0
NCT02092454,PHASE2,65,ACTUAL,2013-09,2014-03,INDUSTRY,2,3,1
NCT00337805,PHASE2|PHASE3,240,ACTUAL,2004-09,2007-12,OTHER,1,1,1
NCT00398905,PHASE2,726,ACTUAL,2004-01,,INDUSTRY,1,61,13
NCT03347266,PHASE2,12,ACTUAL,2017-12-20,2018-07-19,INDUSTRY,1,1,1
NCT07040956,PHASE2,98,ACTUAL,2025-06-28,2026-06-26,OTHER,4,1,1
NCT02197156,PHASE2,241,ACTUAL,2002-08,2003-02,INDUSTRY,1,0,0
NCT00550056,PHASE3,277,ACTUAL,2003-01,,OTHER,1,1,1
NCT00144651,PHASE2,135,ACTUAL,2001-08,2009-06,INDUSTRY,1,0,0
NCT01761331,PHASE2|PHASE3,147,ACTUAL,2013-01,2015-05,OTHER,1,4,1
NCT00004931,PHASE3,2472,ESTIMATED,2000-02,2005-09,NIH,2,1,1
NCT00027053,PHASE2,173,ACTUAL,2002-06,2006-01,OTHER,1,1,1
NCT01420653,PHASE3,408,ACTUAL,2013-04,2014-12,INDUSTRY,1,4,2
NCT03416153,PHASE2,91,ACTUAL,2018-05-21,2023-05-05,OTHER,1,2,1
NCT01637337,PHASE2|PHASE3,60,ACTUAL,2012-05,2012-12,OTHER,1,1,1
NCT04800237,PHASE2,230,ACTUAL,2021-02-23,2022-08-02,INDUSTRY,1,15,1
NCT03037437,PHASE2,64,ACTUAL,2017-02-16,2025-06-27,OTHER,1,1,1
NCT00001237,PHASE2,120,,1989-03,,NIH,3,1,1
NCT00038337,PHASE2,240,ESTIMATED,2001-04,,FED,1,1,1
NCT00337545,PHASE2,22,ACTUAL,2006-05,,OTHER,1,1,1
NCT00004845,PHASE2|PHASE3,,,,2001-12,NIH,1,40,1
NCT00931645,PHASE3,241,ACTUAL,2001-04,2007-12,OTHER,1,1,1
NCT00143845,PHASE2,54,ACTUAL,2003-04,2010-11,OTHER,3,1,1
NCT04276545,PHASE3,118,ACTUAL,2018-01-01,2020-03-10,OTHER,3,1,1
NCT00010972,PHASE3,,,,,NIH,1,1,1
NCT01073072,PHASE3,134,ACTUAL,2009-01,2010-10,OTHER,2,19,1
NCT01175395,PHASE1|PHASE2,10,ACTUAL,2010-09,2013-01,OTHER,2,1,1
NCT03001895,PHASE2,120,ACTUAL,2017-07-01,2018-10-05,OTHER,1,1,1
NCT00751595,PHASE2,168,ACTUAL,2008-09,2012-06,OTHER,1,11,1
NCT02248480,PHASE3,354,ACTUAL,2014-10,2015-06,INDUSTRY,1,1,1
NCT03153579,PHASE2,46,ACTUAL,2017-06-23,2021-12-15,OTHER,2,2,1
NCT00000296,PHASE2,0,,1997-11,,NIH,1,1,1
NCT01500096,PHASE2,96,ACTUAL,2013-02,2016-09,OTHER,1,1,1
NCT01669746,PHASE2,34,ACTUAL,2012-06,2013-04,INDUSTRY,3,7,1
NCT00043888,PHASE3,60,,2002-01,2003-05,INDUSTRY,1,18,3
NCT00900627,PHASE1|PHASE2,330,ACTUAL,2009-06,2012-04,INDUSTRY,3,38,14
NCT02684227,PHASE2,50,ACTUAL,2016-08-24,2023-09-27,OTHER,9,6,1
NCT00887861,PHASE2,37,ACTUAL,2009-03,2010-08,INDUSTRY,2,6,1
NCT04424927,PHASE2,388,ACTUAL,2020-08-24,2024-07-30,INDUSTRY,1,38,4
NCT00554983,PHASE3,255,ACTUAL,2007-09,2010-06,INDUSTRY,1,1,1
NCT02918305,PHASE3,140,ESTIMATED,2017-01,2020-07,INDUSTRY,2,53,2
NCT02693522,PHASE3,52,ACTUAL,2003-10,2004-12,INDUSTRY,1,1,1
NCT01142622,PHASE3,140,ESTIMATED,2010-04,2012-12,OTHER,1,1,1
NCT00685451,PHASE1|PHASE2,49,ACTUAL,2004-11,2006-08,OTHER,2,3,1
NCT03707951,PHASE2,126,ACTUAL,2019-02-27,2024-02-26,OTHER,1,1,1
NCT02592551,PHASE2,24,ACTUAL,2016-05-11,2019-08-06,OTHER,1,1,1
NCT04533529,PHASE3,588,ACTUAL,2020-09-16,2023-04-25,INDUSTRY,1,122,11
NCT00000531,PHASE3,,,1992-09,,NIH,6,0,0
NCT03678753,PHASE3,169,ACTUAL,2018-10-03,2025-05-26,INDUSTRY,1,116,12
NCT01035853,PHASE2,10,ACTUAL,2009-12,2012-04,OTHER,2,3,1
NCT01499953,PHASE3,472,ACTUAL,2012-04,2016-05,OTHER,1,23,1
NCT00325637,PHASE3,250,ACTUAL,2005-01,2007-07,INDUSTRY,2,1,1
NCT03342937,PHASE2,36,ACTUAL,2018-01-11,2023-02-06,OTHER,2,7,1
NCT04674137,PHASE2,70,ACTUAL,2020-12-16,2021-08-27,INDUSTRY,2,18,1
NCT00110045,PHASE2,171,ACTUAL,2005-02,2008-03,NETWORK,1,13,7
NCT00764946,PHASE3,209,ACTUAL,2008-10,2011-02,INDUSTRY,1,0,0
NCT00632996,PHASE2,162,ACTUAL,2008-01,2014-01,OTHER,1,1,1
NCT04725188,PHASE2,255,ACTUAL,2021-04-20,2023-01-26,INDUSTRY,1,95,20
NCT07444762,PHASE3,184,ACTUAL,2025-04-21,2025-10-21,INDUSTRY,2,1,1
NCT02753127,PHASE3,1253,ACTUAL,2016-06,2020-04-28,INDUSTRY,1,211,16
NCT00817986,PHASE2,161,ACTUAL,2008-12,2009-07,INDUSTRY,1,20,1
NCT02649361,PHASE2,164,ACTUAL,2016-01,2018-07-23,INDUSTRY,1,18,1
NCT01000961,PHASE3,43,ACTUAL,2010-06,2011-06,INDUSTRY,1,8,3
NCT00425061,PHASE2,159,ACTUAL,2007-02,2008-08,INDUSTRY,1,82,2
NCT02940886,PHASE3,1512,ACTUAL,2016-11-08,2018-03-28,INDUSTRY,2,114,1
NCT04504370,PHASE3,273,ACTUAL,2020-04-27,2022-03-30,OTHER,1,1,1
NCT03222583,PHASE3,546,ACTUAL,2017-10-04,2018-10-18,INDUSTRY,1,48,3
NCT04841369,PHASE3,3420,ACTUAL,2021-04-13,2022-03-30,INDUSTRY,3,1,1
NCT02636569,PHASE2,24,ACTUAL,2017-10-25,2025-12-01,OTHER,1,1,1
NCT07177469,PHASE2,205,ACTUAL,2025-03-14,2025-10-22,INDUSTRY,1,1,1
NCT00569569,PHASE2|PHASE3,20,ACTUAL,2006-02,,OTHER,1,0,0
NCT01565083,PHASE2,213,ACTUAL,2012-04,2015-10,INDUSTRY,1,80,7
NCT00154141,PHASE3,150,,2005-06,,INDUSTRY,1,17,2
NCT01663441,PHASE3,62,ACTUAL,2015-03,2017-08,INDUSTRY,1,5,1
NCT00670241,PHASE3,458,ACTUAL,2008-04,2009-02,INDUSTRY,1,1,1
NCT02184741,PHASE3,99,ACTUAL,2014-06-03,2020-05,INDUSTRY,1,1,1
NCT00074854,PHASE1|PHASE2,87,,2002-05,,INDUSTRY,1,20,1
NCT04085354,PHASE3,120,ACTUAL,2019-02-10,2019-06-01,OTHER,1,1,1
NCT01728805,PHASE3,372,ACTUAL,2012-11,2017-03,INDUSTRY,1,73,11
NCT02148705,PHASE3,175,ACTUAL,2015-05-27,2018-06-12,INDUSTRY,1,29,8
NCT00287105,PHASE2,49,ACTUAL,2005-12,2016-03-30,OTHER,2,22,1
NCT00285194,PHASE1|PHASE2,6,,2000-04,2004-01,OTHER,2,1,1
NCT00363766,PHASE2,52,ACTUAL,2006-09,2008-10,INDUSTRY,1,7,2
NCT02929251,PHASE2,112,ACTUAL,2017-06-29,2021-10-29,OTHER,2,27,1
NCT02619851,PHASE2,20,ACTUAL,2015-12-23,2019-07-02,INDUSTRY,1,1,1
NCT00418951,PHASE2,120,ACTUAL,2006-11,2009-10,OTHER,2,1,1
NCT01366131,PHASE2,104,ACTUAL,2011-06,2013-02,INDUSTRY,1,42,7
NCT01857531,PHASE2,36,ACTUAL,2013-06,2013-07,OTHER,1,4,1
NCT00554502,PHASE3,148,ESTIMATED,2008-02,2015-02,OTHER,1,34,1
NCT02078102,PHASE2,38,ACTUAL,2014-03-11,2018-11-06,OTHER,2,1,1
NCT02906202,PHASE3,24,ACTUAL,2016-08-08,2022-03-31,INDUSTRY,1,8,6
NCT05059223,PHASE3,90,ACTUAL,2021-09-15,2024-03-15,INDUSTRY,3,50,2
NCT01226459,PHASE3,404,ACTUAL,2010-09,2011-08,INDUSTRY,1,17,4
NCT01703559,PHASE2,60,ACTUAL,2011-09-09,2012-04-16,INDUSTRY,3,1,1
NCT03898180,PHASE3,505,ACTUAL,2019-05-06,2021-07-26,INDUSTRY,1,194,20
NCT00133380,PHASE2,300,,2005-07,,INDUSTRY,1,28,1
NCT00094679,PHASE3,189,ACTUAL,2001-05,2002-07,OTHER,1,1,1
NCT03346096,PHASE2,50,ACTUAL,2018-10-09,2024-06-30,OTHER_GOV,1,1,1
NCT05541003,PHASE2,12,ACTUAL,2023-01-06,2023-05-29,OTHER,2,1,1
NCT03191903,PHASE3,576,ACTUAL,2017-05-25,2018-04-23,INDUSTRY,1,19,2
NCT00868127,PHASE3,574,ACTUAL,2005-12,2007-07,INDUSTRY,1,0,0
NCT00040742,PHASE2|PHASE3,745,ACTUAL,2003-03,2011-08,OTHER,2,19,1
NCT03260569,PHASE3,13,ACTUAL,2018-12-12,2023-12-28,OTHER,1,1,1
NCT03545269,PHASE2,30,ACTUAL,2014-02-03,2017-02-23,INDUSTRY,1,0,0
NCT00089973,PHASE2,50,ACTUAL,2004-06-30,2006-08-25,INDUSTRY,1,13,5
NCT00712673,PHASE3,680,ACTUAL,2008-06,2011-03,INDUSTRY,1,16,16
NCT02520583,PHASE2,15,ACTUAL,2015-02,2015-08,OTHER,1,1,1
NCT02166554,PHASE1|PHASE2,216,ACTUAL,2011-06,2013-04,INDUSTRY,4,7,1
NCT00337454,PHASE1|PHASE2,48,,2005-07,2007-03,INDUSTRY,1,21,1
NCT01573754,PHASE2,48,ACTUAL,2006-03-21,2021-07-06,OTHER,1,1,1
NCT02666105,PHASE2,6,ACTUAL,2018-09-27,2022-02-28,OTHER,1,18,1
NCT03339505,PHASE3,100,ACTUAL,2017-09-17,2022-10-10,OTHER,1,1,1
NCT00633594,PHASE1|PHASE2,39,ACTUAL,2008-06,2015-04,OTHER,1,7,1
NCT01753466,PHASE3,33,ACTUAL,2012-10,2013-04,OTHER,1,1,1
NCT01601366,PHASE2,62,ACTUAL,2012-04,2013-04,OTHER,1,0,0
NCT00795756,PHASE2|PHASE3,145,ACTUAL,2008-01,2013-10,OTHER,1,16,1
NCT00329056,PHASE2,128,ACTUAL,2006-05,,INDUSTRY,1,13,2
NCT02121522,PHASE2,14,ACTUAL,2014-06,2015-03,INDUSTRY,1,10,3
NCT00356122,PHASE2,53,ACTUAL,2006-07,2010-08,INDUSTRY,1,1,1
NCT03881722,PHASE3,89,ACTUAL,2016-06,2018-12,OTHER,1,1,1
NCT02155322,PHASE2,33,ACTUAL,2014-08-19,2016-03-21,INDUSTRY,1,0,0
NCT05459129,PHASE1|PHASE2,12,ACTUAL,2023-04-12,2024-08-15,INDUSTRY,1,6,3
NCT02361931,PHASE1|PHASE2,20,ACTUAL,2016-03-21,2018-06-11,INDUSTRY,1,5,1
NCT00848120,PHASE3,29,ACTUAL,2008-12-31,2010-02-13,INDUSTRY,1,4,1
NCT02451423,PHASE2,23,ACTUAL,2016-03-29,2023-03-31,OTHER,1,1,1
NCT00117923,PHASE2,88,,2004-08,,INDUSTRY,1,1,1
NCT01696123,PHASE2,125,ACTUAL,2011-01,2012-01,OTHER,1,1,1
NCT00002680,PHASE2,40,ACTUAL,1994-02,2000-12,OTHER,1,1,1
NCT03156296,PHASE2,80,ACTUAL,2017-06-10,2018-08-31,OTHER,1,1,1
NCT02219646,PHASE2,54,ACTUAL,2010-03,2013-02,OTHER,3,1,1
NCT00461903,PHASE3,316,ACTUAL,2007-12,2015-09,OTHER,2,1,1
NCT00086203,PHASE2,,,,,INDUSTRY,1,19,1
NCT01223703,PHASE3,133,ACTUAL,2007-11,2009-06,OTHER,2,1,1
NCT00192127,PHASE3,300,,2004-08,,INDUSTRY,1,1,1
NCT04418427,PHASE2,36,ACTUAL,2020-05-28,2022-11-22,INDUSTRY,2,14,2
NCT00376961,PHASE2,68,ACTUAL,2006-08,2012-12,NETWORK,1,147,1
NCT01309386,PHASE3,100,ACTUAL,2010-08,2012-01,INDUSTRY,1,22,1
NCT00499473,PHASE2,31,ACTUAL,2007-06,2009-06,NIH,8,1,1
NCT02457273,PHASE2,23,ACTUAL,2015-07-04,2018-04-18,OTHER,1,7,1
NCT04495283,PHASE2,87,ACTUAL,2020-07-28,2020-11-12,INDUSTRY,1,2,1
NCT00004941,PHASE3,94,,1996-07,,FED,1,0,0
NCT02953054,PHASE2,88,ACTUAL,2017-01-22,2017-07-03,INDUSTRY,1,2,1
NCT01344954,PHASE2,632,ACTUAL,2011-04,2011-12,INDUSTRY,1,36,9
NCT05298254,PHASE1|PHASE2,505,ACTUAL,2022-03-07,2025-06-12,INDUSTRY,1,30,8
NCT03311854,PHASE2,14,ACTUAL,2018-02-20,2020-05-19,INDUSTRY,4,5,5
NCT06544694,PHASE3,80,ACTUAL,2024-10-08,2025-03-21,INDUSTRY,1,4,1
NCT03368066,PHASE3,100,ACTUAL,2018-01-29,2019-03-12,OTHER,4,1,1
NCT00063622,PHASE3,247,ACTUAL,2005-01,2009-06,NIH,1,8,1
NCT02184351,PHASE3,187,ACTUAL,2001-05,2001-11,INDUSTRY,1,0,0
NCT00000151,PHASE3,,,1979-12,,NIH,2,0,0
NCT05070351,PHASE1|PHASE2,33,ACTUAL,2022-01-03,2025-06-02,OTHER,1,1,1
NCT00424931,PHASE2,16,ACTUAL,2007-01,2007-11,INDUSTRY,1,16,1
NCT00240331,PHASE3,2776,ACTUAL,2003-01,2008-10,INDUSTRY,1,239,25
NCT00435162,PHASE3,74,ACTUAL,2007-03,2009-01,INDUSTRY,1,11,11
NCT00891046,PHASE3,270,ACTUAL,2009-09,2014-12,INDUSTRY,1,73,21
NCT07482046,PHASE2|PHASE3,37,ACTUAL,2023-05-30,2023-10-20,INDUSTRY,2,1,1
NCT00545688,PHASE2,417,ACTUAL,2006-06-26,2014-09-22,INDUSTRY,1,77,18
NCT00994903,PHASE3,132,ACTUAL,2011-10,2013-09,OTHER,2,3,1
NCT01152827,PHASE2,33,ACTUAL,2008-07,2011-05,OTHER,3,1,1
NCT00355186,PHASE2,200,ACTUAL,2006-08,2012-10,OTHER,1,4,1
NCT01352286,PHASE2,25,ACTUAL,2011-05-13,2017-08-25,INDUSTRY,1,2,1
NCT03295786,PHASE1|PHASE2,17,ACTUAL,2017-09-26,2019-12-19,INDUSTRY,5,3,2
NCT00543686,PHASE2,100,ESTIMATED,2007-08,2009-01,OTHER,1,1,1
NCT00671086,PHASE3,1213,ACTUAL,2003-02,2004-09,INDUSTRY,1,122,1
NCT03673670,PHASE2,79,ACTUAL,2018-07-16,2018-11-13,INDUSTRY,1,4,2
NCT01824069,PHASE1|PHASE2,10,ACTUAL,2013-04,2014-04,OTHER,1,1,1
NCT01042769,PHASE3,7226,ACTUAL,2010-02,2013-11,INDUSTRY,1,810,27
NCT00649883,PHASE2,360,ACTUAL,2008-01,2008-04,INDUSTRY,1,5,1
NCT02229383,PHASE3,464,ACTUAL,2014-09-06,2016-08-29,INDUSTRY,1,123,6
NCT00183105,PHASE3,350,,2001-02,,OTHER,2,1,1
NCT00073905,PHASE2,44,ACTUAL,2003-04,2006-06,OTHER,4,1,1
NCT01370005,PHASE3,825,ACTUAL,2011-06,2012-07,INDUSTRY,2,120,12
NCT03505905,PHASE1|PHASE2,73,ACTUAL,2018-09-01,2024-12-03,OTHER,3,1,1
NCT00306566,PHASE1|PHASE2,,,,,INDUSTRY,1,1,1
NCT00666666,PHASE2,55,ACTUAL,2009-07,2011-05,NIH,2,4,1
NCT00066222,PHASE2,72,ACTUAL,2003-06,2012-05,NETWORK,1,104,1
NCT05979922,PHASE2,174,ACTUAL,2023-07-27,2024-06-17,INDUSTRY,1,1,1
NCT00001022,PHASE3,1200,,,,NIH,1,16,1
NCT02336451,PHASE2,156,ACTUAL,2015-04-01,2019-02-06,INDUSTRY,1,57,17
NCT03426631,PHASE1|PHASE2,13,ACTUAL,2017-09-15,2019-10-01,OTHER,1,1,1
NCT07014631,PHASE2,86,ACTUAL,2023-03-01,2024-12-12,INDUSTRY,1,1,1
NCT03357731,PHASE2,49,ACTUAL,2017-11-30,2019-05-10,INDUSTRY,3,18,4
NCT00000502,PHASE3,,,1981-09,,NIH,7,0,0
NCT02159859,PHASE2,7,ACTUAL,2014-12,2016-04,OTHER,1,1,1
NCT01825980,PHASE1|PHASE2,54,ACTUAL,2013-03,2014-12,INDUSTRY,1,3,1
NCT02435680,PHASE2,50,ACTUAL,2015-08-10,2020-01-04,INDUSTRY,1,23,12
NCT01052779,PHASE2,162,ACTUAL,2010-03-01,2011-07-19,INDUSTRY,3,36,7
NCT02204579,PHASE2,7,ACTUAL,2014-07-18,2015-05-04,INDUSTRY,1,1,1
NCT00337779,PHASE3,1155,ACTUAL,2006-08,2008-10,INDUSTRY,1,0,0
NCT02008396,PHASE2,12,ACTUAL,2014-04-11,2017-04-28,INDUSTRY,1,1,1
NCT04005846,PHASE1|PHASE2,53,ACTUAL,2019-09-01,2023-04-15,OTHER,1,1,1
NCT01410188,PHASE1|PHASE2,160,ACTUAL,2011-09,2012-10,INDUSTRY,2,9,1
NCT04569188,PHASE2,21,ACTUAL,2020-05-15,2020-08-15,OTHER,1,1,1
NCT02334488,PHASE3,329,ACTUAL,2014-12-11,2019-05-31,OTHER,1,14,1
NCT00855803,PHASE2,35,ACTUAL,2009-02,2021-01-20,OTHER,3,1,1
NCT02249403,PHASE2,362,ACTUAL,1999-01,2000-01,INDUSTRY,1,0,0
NCT00686803,PHASE2,21,ACTUAL,2008-04,2008-07,INDUSTRY,1,0,0
NCT01320527,PHASE2,135,ACTUAL,2008-08,2012-04,OTHER,2,8,1
NCT00661427,PHASE2,61,ACTUAL,2007-11,2012-08,OTHER,2,17,1
NCT01266161,PHASE3,106,ACTUAL,2010-11-22,2011-03-31,INDUSTRY,1,2,1
NCT03587142,PHASE2,96,ACTUAL,2019-08-27,2022-04-15,OTHER,1,6,1
NCT03203642,PHASE2,80,ACTUAL,2017-10-12,2022-01-25,INDUSTRY,2,19,1
NCT01971242,PHASE2,60,ACTUAL,2014-06,2016-05,OTHER,1,1,1
NCT02546986,PHASE2,100,ACTUAL,2015-10-09,2017-04-13,INDUSTRY,1,33,6
NCT00546286,PHASE3,170,ACTUAL,2006-05-31,2007-08-23,INDUSTRY,2,0,0
NCT00003673,PHASE2,55,ESTIMATED,1998-03,1999-03,INDUSTRY,1,10,1
NCT03623373,PHASE2,13,ACTUAL,2018-11-29,2020-02-09,OTHER,1,1,1
NCT04742673,PHASE2,46,ACTUAL,2021-05-04,2024-03-30,OTHER,3,1,1
NCT00976469,PHASE1|PHASE2,400,ESTIMATED,2009-09,2010-04,INDUSTRY,2,6,2
NCT00267969,PHASE3,766,ACTUAL,2005-12,2006-07,INDUSTRY,1,42,3
NCT02787005,PHASE2,388,ACTUAL,2016-07-01,2022-02-28,INDUSTRY,1,0,0
NCT02040194,PHASE3,893,ACTUAL,2014-01,2017-12-28,INDUSTRY,1,1,1
NCT00137605,PHASE1|PHASE2,79,ACTUAL,2004-09,,NETWORK,1,14,1
NCT00309205,PHASE1|PHASE2,36,,2005-12,,INDUSTRY,2,1,1
NCT00657605,PHASE2,3,ACTUAL,2001-06,2010-05-04,OTHER,3,1,1
NCT06780956,PHASE3,46,ACTUAL,2020-12-01,2023-07-01,OTHER,2,1,1
NCT03065556,PHASE2,89,ACTUAL,2017-01-26,2017-07-06,INDUSTRY,1,1,1
NCT00367822,PHASE3,300,,,,INDUSTRY,1,1,1
NCT01208922,PHASE3,835,ACTUAL,2010-11,2016-01,INDUSTRY,1,19,3
NCT03538522,PHASE2,126,ACTUAL,2018-09-15,2019-09-30,INDUSTRY,10,2,1
NCT05962151,PHASE2,66,ACTUAL,2023-11-30,2025-01-06,INDUSTRY,1,14,2
NCT01712451,PHASE2,200,ACTUAL,2011-08,2012-10,INDUSTRY,1,6,1
NCT03613129,PHASE1|PHASE2,17,ACTUAL,2018-07-23,2019-04-30,OTHER,2,1,1
NCT02829996,PHASE2,201,ACTUAL,2016-08-19,2017-05-24,INDUSTRY,2,1,1
NCT00796562,PHASE2,107,ACTUAL,2008-12,2014-06,OTHER,3,2,1
NCT00827346,PHASE2|PHASE3,100,ESTIMATED,2009-01,2011-04,OTHER,1,1,1
NCT03938246,PHASE2,142,ACTUAL,2019-03-22,2021-10-02,INDUSTRY,1,23,2
NCT00942188,PHASE2,106,ACTUAL,2009-06,2010-11,INDUSTRY,1,18,1
NCT01967888,PHASE2|PHASE3,104,ACTUAL,2014-02,2018-01,INDUSTRY,1,9,2
NCT02647203,PHASE1|PHASE2,345,ACTUAL,2014-07,2016-11,OTHER,1,1,1
NCT03367403,PHASE2,272,ACTUAL,2017-12-18,2020-12-04,INDUSTRY,1,61,2
NCT06531603,PHASE2|PHASE3,64,ACTUAL,2022-02-20,2023-01-20,OTHER_GOV,5,1,1
NCT01266486,PHASE2,41,ACTUAL,2011-05,2014-05,OTHER,1,3,1
NCT00445003,PHASE3,333,ACTUAL,2007-03,2009-10,OTHER,2,56,1
NCT01685203,PHASE2,316,ACTUAL,2012-08,2014-06,INDUSTRY,1,0,0
NCT00206570,PHASE2,100,ESTIMATED,2001-01,2004-12,OTHER_GOV,3,1,1
NCT01147770,PHASE1|PHASE2,200,ACTUAL,2008-09,2010-01,OTHER,1,0,0
NCT00255073,PHASE2,10,,2005-01,,OTHER,1,1,1
NCT01886469,PHASE1|PHASE2,22,ACTUAL,2013-07,2013-09,OTHER,1,1,1
NCT00167583,PHASE3,37,ACTUAL,2004-11,2014-12,OTHER,4,1,1
NCT00904683,PHASE3,1040,ACTUAL,2009-05,2012-06,INDUSTRY,1,95,13
NCT01500083,PHASE3,90,ACTUAL,2012-03,2013-06,INDUSTRY,2,16,1
NCT02267083,PHASE2,22,ACTUAL,2015-01-07,2015-11-11,INDUSTRY,1,4,1
NCT00573183,PHASE3,471,ACTUAL,2008-01,2010-04,OTHER,1,10,1
NCT01192854,PHASE3,288,ACTUAL,2010-02,2011-05,INDUSTRY,1,1,1
NCT00868166,PHASE3,512,ACTUAL,2009-04-30,2011-09-30,INDUSTRY,1,15,5
NCT00111956,PHASE2|PHASE3,56,ACTUAL,2004-04,2005-05,NIH,1,1,1
NCT00193856,PHASE3,1071,ACTUAL,2003-10,2017-08,OTHER,1,24,2
NCT01699022,PHASE1|PHASE2,17,ACTUAL,2010-06,2011-07,INDUSTRY,1,1,1
NCT01776424,PHASE3,27395,ACTUAL,2013-02-28,2017-07-21,INDUSTRY,1,565,33
NCT04990323,PHASE1|PHASE2,13,ACTUAL,2021-12-01,2025-12-31,INDUSTRY,2,1,1
NCT00623779,PHASE2,128,ACTUAL,2007-10,2008-10,INDUSTRY,1,38,6
NCT02209779,PHASE2,167,ACTUAL,2001-05,2002-06,INDUSTRY,1,0,0
NCT00818662,PHASE3,390,ACTUAL,2008-12-19,2012-12-10,INDUSTRY,1,41,2
NCT00003661,PHASE2,3,ACTUAL,1998-06,1999-11,OTHER,5,17,1
NCT00002442,PHASE2,,,1999-06,,INDUSTRY,1,12,1
NCT00318461,PHASE3,1091,ACTUAL,2006-05,2007-05,INDUSTRY,2,190,20
NCT04078386,PHASE2,42,ACTUAL,2019-11-21,2021-06-23,INDUSTRY,1,14,1
NCT05865886,PHASE2,22,ACTUAL,2024-04-05,2024-10-07,INDUSTRY,2,24,7
NCT00050986,PHASE1|PHASE2,55,ACTUAL,2002-12,2008-10,OTHER,1,1,1
NCT00494273,PHASE1|PHASE2,320,,2002-12,2006-12,NIH,1,1,1
NCT00790270,PHASE2,61,ACTUAL,2003-01,2004-01,OTHER,1,1,1
NCT00844883,PHASE2,50,ACTUAL,2009-02,2015-03,OTHER,2,1,1
NCT02382094,PHASE3,110,ACTUAL,2005-06,2009-04,OTHER,1,0,0
NCT00003394,PHASE1|PHASE2,18,ESTIMATED,1998-04,2003-04,OTHER,1,1,1
NCT00744094,PHASE1|PHASE2,26,ACTUAL,2007-01,2007-09,OTHER,3,1,1
NCT00164294,PHASE2,,,,,FED,1,1,1
NCT01268605,PHASE3,341,ACTUAL,2010-09,2012-04,NETWORK,1,41,1
NCT00042666,PHASE2,55,ACTUAL,2002-06,2008-09,INDUSTRY,1,3,1
NCT01160666,PHASE2,20,ACTUAL,2010-03,2011-12,OTHER,1,1,1
NCT00413166,PHASE2,78,ACTUAL,2006-12,2016-02,OTHER,1,1,1
NCT01982435,PHASE1|PHASE2,27,ACTUAL,2014-06-24,2016-05-26,OTHER,1,2,1
NCT03220035,PHASE2,4,ACTUAL,2017-11-08,2022-06-30,NIH,23,116,2
NCT07138508,PHASE1|PHASE2,300,ACTUAL,2024-03-10,2025-02-28,OTHER,2,1,1
NCT05679908,PHASE2,88,ACTUAL,2022-12-06,2023-10-08,INDUSTRY,4,26,1
NCT00680108,PHASE2,62,ESTIMATED,1999-09,2000-05,INDUSTRY,1,0,0
NCT06209008,PHASE3,30,ACTUAL,2021-04-01,2023-04-01,OTHER,2,1,1
NCT05525208,PHASE2,696,ACTUAL,2022-09-01,2023-07-02,INDUSTRY,1,2,1
NCT00858117,PHASE2,30,ACTUAL,2005-09-26,2010-03-17,OTHER,1,1,1
NCT01662440,PHASE3,661,ACTUAL,2012-08,2012-12,INDUSTRY,2,3,3
NCT01519089,PHASE3,95,ACTUAL,2012-03,2014-01,INDUSTRY,1,16,1
NCT00984750,PHASE3,229,ACTUAL,2008-04,2012-05,OTHER,2,5,1
NCT00670774,PHASE1|PHASE2,31,ACTUAL,2008-03,2017-05,OTHER,1,1,1
NCT01082874,PHASE3,10010,ACTUAL,2010-07,2014-03,OTHER,1,23,23
NCT00120718,PHASE2,60,ESTIMATED,2002-06,2007-01,OTHER,2,1,1
NCT03933618,PHASE2,24,ACTUAL,2015-04-02,2017-03-08,OTHER,1,0,0
NCT03319797,PHASE3,100,ACTUAL,2017-10-10,2021-02-22,INDUSTRY,1,20,5
NCT01001910,PHASE2,22,ACTUAL,2008-07,2015-01,OTHER,3,3,1
NCT00325260,PHASE3,900,,2006-03,,INDUSTRY,1,1,1
NCT04723524,PHASE2,402,ACTUAL,2020-09-22,2021-08-23,OTHER,1,1,1
NCT00038623,PHASE2,35,ACTUAL,2002-04,2007-12,OTHER,1,1,1
NCT03634124,PHASE3,146,ACTUAL,2019-02-21,2023-02-20,OTHER,3,1,1
NCT03004846,PHASE1|PHASE2,8,ACTUAL,2017-02-13,2017-05-05,INDUSTRY,1,1,1
NCT00075088,PHASE3,794,ACTUAL,2003-09,2009-06,OTHER,2,1,1
NCT00130988,PHASE3,156,,2001-01,2002-02,OTHER_GOV,1,0,0
NCT03158688,PHASE3,466,ACTUAL,2017-06-13,2019-07-14,INDUSTRY,2,113,19
NCT05325203,PHASE3,135,ACTUAL,2021-12-31,2023-05-08,OTHER,1,1,1
NCT02278861,PHASE2,60,ACTUAL,2011-11,2014-04,OTHER,1,1,1
NCT01896661,PHASE3,53,ACTUAL,2014-12,2015-12,OTHER,2,1,1
NCT00000586,PHASE3,,,1992-01,1994-06,NIH,3,0,0
NCT00307125,PHASE2,757,ACTUAL,2006-03,2012-12,NIH,4,17,1
NCT01033825,PHASE3,310,ACTUAL,2010-01,2010-05,INDUSTRY,1,6,1
NCT05152576,PHASE2,124,ACTUAL,2021-11-29,2022-09-06,INDUSTRY,1,8,1
NCT01512576,PHASE2,39,ACTUAL,2011-01,2011-12,OTHER,1,1,1
NCT02956876,PHASE3,207,ACTUAL,2016-12-05,2022-11-19,OTHER,1,1,1
NCT00705276,PHASE3,26,ACTUAL,2008-04,2008-05,INDUSTRY,1,1,1
NCT03879876,PHASE1|PHASE2,4,ACTUAL,2020-05-13,2023-09-03,OTHER,3,1,1
NCT00401076,PHASE3,80,ACTUAL,2008-07,2010-09,INDUSTRY,1,17,1
NCT00122317,PHASE3,187,ACTUAL,2005-05,2008-09,INDUSTRY,1,40,12
NCT00006350,PHASE2,,,2000-01,2001-11,OTHER,4,1,1
NCT00387868,PHASE2,21,ACTUAL,2006-10,2014-10,OTHER,1,2,2
NCT03430297,PHASE3,256,ACTUAL,2018-02-02,2023-07-12,OTHER,2,11,1
NCT03339297,PHASE2,152,ACTUAL,2018-02-21,2020-05-12,INDUSTRY,2,62,14
NCT02003313,PHASE3,1260,ACTUAL,2013-11,2015-05,INDUSTRY,1,1,1
NCT03772613,PHASE2,180,ACTUAL,2019-02-08,2021-10-25,OTHER,4,1,1
NCT01384513,PHASE2,40,ACTUAL,2011-08-04,2020-11-13,OTHER,47,1,1
NCT03261960,PHASE3,389,ACTUAL,2017-08-08,2018-03-26,INDUSTRY,1,20,1
NCT01232920,PHASE3,80,ACTUAL,2010-10,2012-06,OTHER,1,2,1
NCT05075824,PHASE2,95,ACTUAL,2022-03-09,2025-06-11,INDUSTRY,1,27,11
NCT01736423,PHASE3,151,ACTUAL,2012-09,2014-05,INDUSTRY,1,4,1
NCT01493180,PHASE2,102,ACTUAL,2011-12,2012-11,INDUSTRY,1,10,1
NCT00130780,PHASE2,71,ACTUAL,2005-08,2012-10,OTHER,1,1,1
NCT00004380,PHASE2,1,,1991-12,,NIH,1,0,0
NCT02456480,PHASE2,37,ACTUAL,2015-05,2015-11,INDUSTRY,1,1,1
NCT00185562,PHASE2,12,,2005-06,,OTHER,1,1,1
NCT06039579,PHASE2,44,ACTUAL,2023-10-25,2024-06-24,INDUSTRY,1,20,9
NCT03281096,PHASE2|PHASE3,1000,ACTUAL,2017-08-29,2020-10-12,OTHER,1,1,1
NCT01755546,PHASE3,304,ACTUAL,2012-12,2014-10,INDUSTRY,3,57,1
NCT01237288,PHASE3,16,ACTUAL,2010-09,2013-04,INDUSTRY,1,4,1
NCT00498303,PHASE3,120,,2007-06,,INDUSTRY,2,1,1
NCT03120403,PHASE2,45,ACTUAL,2016-07-01,2017-03-30,OTHER,1,0,0
NCT01935635,PHASE1|PHASE2,400,ACTUAL,2015-01,2019-12,OTHER,1,3,1
NCT01948908,PHASE2,99,ACTUAL,2013-06,2015-09,OTHER,1,1,1
NCT00739908,PHASE2,285,ACTUAL,2008-09,2009-07,INDUSTRY,1,14,1
NCT01564108,PHASE2,10,ACTUAL,2012-05-01,2014-06,OTHER,2,1,1
NCT00140725,PHASE3,160,,2000-04,,INDUSTRY,1,1,1
NCT01654289,PHASE2,413,ACTUAL,2012-07,2016-06,OTHER,1,1,1
NCT05702489,PHASE2|PHASE3,900,ACTUAL,2022-07-17,2023-05-26,INDUSTRY,1,1,1
NCT03500289,PHASE1|PHASE2,18,ACTUAL,2018-08-10,2019-08-30,OTHER,2,1,1
NCT00000891,PHASE2,34,,,,NIH,1,3,1
NCT03691974,PHASE2,180,ACTUAL,2018-10-15,2020-01-30,INDUSTRY,2,47,3
NCT00458718,PHASE3,755,ACTUAL,2004-09,2005-07,INDUSTRY,1,1,1
NCT02956590,PHASE3,122,ACTUAL,2018-05-01,2023-04-21,OTHER,2,16,2
NCT04654390,PHASE3,270,ACTUAL,2020-12-30,2021-12-17,INDUSTRY,1,1,1
NCT01289990,PHASE3,2705,ACTUAL,2011-02,2013-05,INDUSTRY,1,243,19
NCT02409810,PHASE1|PHASE2,20,ACTUAL,2015-04,2020-03-20,OTHER,2,1,1
NCT00553410,PHASE3,4884,ACTUAL,2007-08,2018-04,NETWORK,1,164,20
NCT00156910,PHASE3,679,ACTUAL,2006-02,2007-11,INDUSTRY,1,2,2
NCT04109313,PHASE2,229,ACTUAL,2019-10-24,2022-09-09,INDUSTRY,1,69,15
NCT04845620,PHASE3,652,ACTUAL,2021-04-07,2023-06-01,INDUSTRY,1,76,2
NCT01673620,PHASE3,69,ACTUAL,2012-07-04,2012-10-10,INDUSTRY,1,0,0
NCT03702582,PHASE3,100,ACTUAL,2019-04-30,2023-10-01,OTHER,3,1,1
NCT00005824,PHASE2,,,2000-11,2004-07,NETWORK,1,2,1
NCT02409524,PHASE2,15,ACTUAL,2016-07,2017-06,INDUSTRY,1,1,1
NCT02546323,PHASE3,543,ACTUAL,2015-09-17,2019-01-29,INDUSTRY,1,24,1
NCT02701959,PHASE1|PHASE2,20,ACTUAL,2015-04,2015-08,OTHER,2,1,1
NCT05569759,PHASE2,24,ACTUAL,2023-05-23,2025-04-30,INDUSTRY,1,24,1
NCT00949780,PHASE2,41,ACTUAL,2007-10,2008-03,OTHER,2,2,1
NCT02130479,PHASE1|PHASE2,101,ACTUAL,2014-04,2018-06,OTHER,3,1,1
NCT00363896,PHASE3,843,ACTUAL,2006-07,2008-05,INDUSTRY,1,132,16
NCT04114188,PHASE2,68,ACTUAL,2016-12-15,2020-12,OTHER,1,1,1
NCT02298088,PHASE3,3799,ACTUAL,2015-08,2017-12,OTHER,2,153,10
NCT00684203,PHASE2,120,ACTUAL,2006-12-01,2007-10-01,INDUSTRY,3,0,0
NCT00001335,PHASE2,90,,1993-04,,NIH,3,1,1
NCT01556035,PHASE2,19,ACTUAL,2012-07,2015-03,OTHER,1,24,1
NCT03025035,PHASE2,14,ACTUAL,2017-09-10,2024-10-08,OTHER,1,1,1
NCT00274508,PHASE3,261,ACTUAL,2000-10-10,2003-01-07,INDUSTRY,1,28,4
NCT04896008,PHASE3,173,ACTUAL,2021-12-01,2024-07-26,INDUSTRY,1,57,12
NCT04091217,PHASE2,43,ACTUAL,2019-11-25,2022-08-31,INDUSTRY,1,3,1
NCT00696917,PHASE3,1303,ACTUAL,1999-04,2000-02,INDUSTRY,1,7,7
NCT00108017,PHASE3,330,ACTUAL,2005-04,2006-07,INDUSTRY,2,0,0
NCT01581840,PHASE1|PHASE2,45,ACTUAL,2016-01,2018-09,OTHER,2,15,1
NCT00661440,PHASE2,48,ESTIMATED,2008-05,,INDUSTRY,2,1,1
NCT02972268,PHASE3,780,ACTUAL,2016-02-01,2017-11-02,INDUSTRY,2,1,1
NCT01618968,PHASE2,49,ACTUAL,2012-05,2012-08,INDUSTRY,1,1,1
NCT00024050,PHASE2,,,2001-02,,OTHER,2,1,1
NCT01192191,PHASE3,187,ACTUAL,2010-08,2012-01,INDUSTRY,1,35,1
NCT00306891,PHASE2,60,ACTUAL,2006-06,2008-01,INDUSTRY,1,4,1
NCT04373291,PHASE3,1293,ACTUAL,2020-05-18,2021-07-31,OTHER,5,1,1
NCT00324974,PHASE3,162,ACTUAL,2006-06,2007-05,INDUSTRY,1,17,2
NCT03333590,PHASE1|PHASE2,2,ACTUAL,2017-11-06,2020-11-04,OTHER,1,1,1
NCT00003110,PHASE2,5,ACTUAL,1997-07,2001-08,OTHER,1,1,1
NCT02067910,PHASE3,80,ACTUAL,2014-08,2019-02,OTHER,1,1,1
NCT02046460,PHASE3,194,ACTUAL,2013-09,2019-06,OTHER,1,10,3
NCT02818920,PHASE2,35,ACTUAL,2017-01,2019-03-19,OTHER,1,3,1
NCT03711682,PHASE2|PHASE3,30,ACTUAL,2018-03-01,2018-05-23,OTHER,1,1,1
NCT02862223,PHASE2,14,ACTUAL,2012-03,2014-03,INDUSTRY,2,0,0
NCT01589523,PHASE3,5,ACTUAL,2006-02,2019-01-22,OTHER,3,1,1
NCT00892723,PHASE2,59,ACTUAL,2009-05,2010-09,INDUSTRY,2,3,1
NCT00661180,PHASE2,10,ACTUAL,2004-01,2005-02,INDUSTRY,1,4,2
NCT00001680,PHASE2,17,,1997-10,,NIH,1,1,1
NCT01517880,PHASE2,46,ACTUAL,2012-05,2013-11,INDUSTRY,2,4,2
NCT01212679,PHASE2,106,ACTUAL,2010-12,2017-10,OTHER,1,1,1
NCT00268879,PHASE3,1821,ACTUAL,2005-12,2008-01,INDUSTRY,1,1,1
NCT01775462,PHASE2,6,ESTIMATED,2013-04,2015-12,INDUSTRY,1,7,5
NCT02230696,PHASE3,951,ACTUAL,2014-08,2015-02,INDUSTRY,1,30,1
NCT02751996,PHASE2,80,ACTUAL,2016-05,2020-02-10,INDUSTRY,2,17,4
NCT02452762,PHASE2,67,ACTUAL,2016-01,2017-11,OTHER,1,4,3
NCT02027025,PHASE2,142,ACTUAL,2014-04-21,2017-04-28,INDUSTRY,1,23,3
NCT01475825,PHASE3,309,ACTUAL,2011-12,2015-12-29,INDUSTRY,2,113,30
NCT00430625,PHASE3,25,ACTUAL,2007-02-15,2009-04-01,INDUSTRY,1,5,5
NCT01791725,PHASE2,23,ACTUAL,2013-09,2014-06,INDUSTRY,1,3,1
NCT03303625,PHASE1|PHASE2,48,ACTUAL,2017-11-29,2020-04-21,INDUSTRY,2,7,3
NCT03698617,PHASE2,114,ACTUAL,2016-12-06,2018-06-29,INDUSTRY,1,1,1
NCT00491517,PHASE2,22,ACTUAL,2007-03,2009-07,OTHER,1,1,1
NCT01749150,PHASE2,61,ACTUAL,2013-04,2015-02,INDUSTRY,1,13,3
NCT03517540,PHASE2,193,ACTUAL,2018-09-11,2020-09-15,INDUSTRY,1,65,17
NCT00195650,PHASE3,846,ACTUAL,2000-07,2011-05,INDUSTRY,1,92,2
NCT05339074,PHASE2,41,ACTUAL,2022-08-11,2026-01-28,OTHER,4,3,1
NCT03838874,PHASE2|PHASE3,154,ACTUAL,2019-02-25,2019-10-29,OTHER,2,1,1
NCT02824718,PHASE2,16,ACTUAL,2017-06-06,2020-05-28,OTHER,1,1,1
NCT00179218,PHASE2,19,ACTUAL,2005-04,2007-01,OTHER,1,1,1
NCT00346918,PHASE3,100,ACTUAL,2006-06,2010-01,OTHER,1,1,1
NCT07093697,PHASE3,273,ACTUAL,2024-03-28,2025-05-27,INDUSTRY,1,8,1
NCT00385697,PHASE2|PHASE3,554,ACTUAL,2006-10,2010-06,INDUSTRY,1,115,16
NCT00002213,PHASE2,80,,,,INDUSTRY,1,9,1
NCT02943460,PHASE2,52,ACTUAL,2016-11-29,2018-02-28,INDUSTRY,1,23,4
NCT00021060,PHASE2|PHASE3,842,ESTIMATED,2002-08,2006-09,NIH,6,1,1
NCT00391820,PHASE2,360,ESTIMATED,2006-10,,INDUSTRY,1,1,1
NCT02477020,PHASE2,164,ACTUAL,2015-07-01,2016-07-13,INDUSTRY,1,15,1
NCT01439282,PHASE2,77,ACTUAL,2011-08,2012-11,INDUSTRY,2,23,1
NCT03070782,PHASE2,286,ACTUAL,2017-03-07,2018-07-26,INDUSTRY,2,32,5
NCT00576823,PHASE3,25,ACTUAL,2007-12,2009-01,INDUSTRY,2,12,12
NCT03499223,PHASE2,70,ACTUAL,2018-04-20,2019-07-18,INDUSTRY,3,37,7
NCT03803124,PHASE3,20,ACTUAL,2015-12,2017-12-15,OTHER,1,1,1
NCT00520923,PHASE2,654,ACTUAL,2007-09,2008-10,INDUSTRY,1,35,9
NCT00303823,PHASE2,98,ACTUAL,2005-09,2010-11,NIH,3,1,1
NCT00373880,PHASE2,26,ACTUAL,2005-04,2008-08,OTHER,1,1,1
NCT00992979,PHASE2,80,ACTUAL,2008-06,2009-01,OTHER,3,1,1
NCT00290979,PHASE3,250,,2004-12,,INDUSTRY,1,1,1
NCT01658696,PHASE2,120,ACTUAL,2012-08,2013-02,OTHER,1,1,1
NCT00297596,PHASE2,25,ACTUAL,2006-02,2008-10,OTHER,1,7,1
NCT01141062,PHASE3,15,ACTUAL,2010-06,2011-10,INDUSTRY,1,2,1
NCT01195662,PHASE3,2245,ACTUAL,2010-10,2013-02,INDUSTRY,1,298,16
NCT02036762,PHASE2|PHASE3,24,ACTUAL,2011-11,2014-01,OTHER,3,3,1
NCT00667862,PHASE2,35,ACTUAL,2008-03-18,2010-11-05,INDUSTRY,1,5,1
NCT01117025,PHASE2,26,ACTUAL,2010-04,2011-08,NETWORK,2,2,2
NCT01717625,PHASE2,72,ACTUAL,2011-11,2013-10,OTHER,3,1,1
NCT00905125,PHASE2,102,ACTUAL,2009-06,2010-03,NIH,1,9,1
NCT02939989,PHASE3,33,ACTUAL,2016-11-21,2021-05-07,INDUSTRY,1,26,12
NCT02397889,PHASE2|PHASE3,30,ACTUAL,2015-05-18,2020-01-27,OTHER,1,1,1
NCT01196650,PHASE2,24,ESTIMATED,2010-09,,INDUSTRY,1,3,1
NCT01466374,PHASE2,121,ACTUAL,2011-12,2014-06,INDUSTRY,1,33,8
NCT02296190,PHASE2,199,ACTUAL,2015-03-27,2016-12,OTHER,1,30,2
NCT03795090,PHASE2|PHASE3,76,ACTUAL,2017-06-01,2018-03-30,OTHER,1,1,1
NCT04849390,PHASE2,43,ACTUAL,2021-06-29,2023-10-09,INDUSTRY,1,17,5
NCT05541497,PHASE2,40,ACTUAL,2022-11-04,2023-09-01,OTHER,1,2,1
NCT00573313,PHASE3,94,ACTUAL,2005-09,2009-06,OTHER,1,1,1
NCT00149760,PHASE2,88,ACTUAL,2003-08,2010-02,OTHER,1,1,1
NCT00377182,PHASE2,107,ACTUAL,2006-09,2008-08,INDUSTRY,1,18,2
NCT00221624,PHASE3,131,ACTUAL,2001-11,,OTHER,2,1,1
NCT04550624,PHASE2,27,ACTUAL,2021-09-15,2025-07-18,OTHER,1,2,1
NCT00117182,PHASE2,140,,2005-07,,INDUSTRY,1,13,1
NCT00754624,PHASE2,229,ACTUAL,2004-05,2008-06,INDUSTRY,1,40,4
NCT00789724,PHASE3,10,ACTUAL,2008-11,2009-08,OTHER,1,1,1
NCT01560923,PHASE2,47,ACTUAL,2012-10-01,2018-12-12,OTHER,1,4,1
NCT00462735,PHASE2,33,ACTUAL,2007-02,2010-10,OTHER,6,1,1
NCT02404935,PHASE2,139,ACTUAL,2013-11-22,2020-11-01,OTHER,1,47,1
NCT01963208,PHASE3,405,ACTUAL,2013-10,2016-05,INDUSTRY,1,71,6
NCT01421017,PHASE1|PHASE2,31,ACTUAL,2011-08-19,2016-07-01,OTHER,3,1,1
NCT07079540,PHASE3,380,ACTUAL,2021-06-24,2022-07-27,INDUSTRY,1,53,1
NCT04089189,PHASE2,93,ACTUAL,2019-10-28,2023-06-30,INDUSTRY,1,1,1
NCT00103168,PHASE3,908,ACTUAL,2004-12,2008-10,NETWORK,1,50,6
NCT02294591,PHASE2,80,ACTUAL,2014-11,2016-10,OTHER,1,1,1
NCT00387790,PHASE2,64,ACTUAL,2007-06,2010-04,NIH,1,1,1
NCT00980460,PHASE3,236,ACTUAL,2009-09-15,2020-06-30,NIH,4,209,6
NCT01634282,PHASE3,222,ACTUAL,2009-08,2011-06,INDUSTRY,1,7,1
NCT02308982,PHASE3,18,ACTUAL,2016-01,2022-09,OTHER,1,25,1
NCT01525524,PHASE2,48,ACTUAL,2012-01,2013-12,OTHER,1,1,1
NCT01365559,PHASE1|PHASE2,39,ACTUAL,2011-05-02,2014-06-13,INDUSTRY,1,9,1
NCT00244959,PHASE2,54,ACTUAL,2004-01,2007-09,OTHER,1,1,1
NCT05080959,PHASE2,105,ACTUAL,2021-07-28,2021-12-31,INDUSTRY,1,5,1
NCT00411359,PHASE3,42,ACTUAL,2006-12,2009-12,OTHER,2,1,1
NCT03899259,PHASE3,606,ACTUAL,2019-07-08,2021-01-24,INDUSTRY,1,96,10
NCT00917735,PHASE2,1075,ACTUAL,2009-07,2014-06,OTHER,1,5,1
NCT03245008,PHASE2|PHASE3,626,ACTUAL,2017-09-08,2019-12-14,INDUSTRY,1,27,1
NCT00292708,PHASE3,500,,2004-05,,OTHER_GOV,1,7,1
NCT02411708,PHASE2,24,ACTUAL,2016-11,2017-12,INDUSTRY,1,9,1
NCT00069108,PHASE3,627,ACTUAL,2003-07,2006-08,INDUSTRY,1,87,20
NCT01846325,PHASE2|PHASE3,180,ACTUAL,2013-12,2015-02,OTHER,1,0,0
NCT04001517,PHASE2,91,ACTUAL,2019-09-30,2020-06-30,INDUSTRY,1,24,2
NCT00179517,PHASE2,40,ACTUAL,2001-06,2008-04,OTHER,3,1,1
NCT05594589,PHASE2,65,ACTUAL,2022-11-30,2024-04-26,INDUSTRY,1,9,1
NCT01110889,PHASE3,582,ACTUAL,2010-05,2011-07,INDUSTRY,1,48,2
NCT05274750,PHASE3,276,ACTUAL,2022-04-22,2024-07-30,INDUSTRY,1,105,11
NCT00289874,PHASE3,421,ACTUAL,2006-03,2007-07,INDUSTRY,1,0,0
NCT00739674,PHASE3,992,ACTUAL,2008-02-01,2009-07-01,INDUSTRY,1,0,0
NCT05194618,PHASE2|PHASE3,114,ACTUAL,2022-02-02,2023-03-02,OTHER,1,1,1
NCT01525290,PHASE3,501,ACTUAL,2012-09,2018-10,OTHER,1,7,6
NCT01614990,PHASE2,15,ACTUAL,2012-05,2020-07,INDIV,1,1,1
NCT00735410,PHASE3,134,ACTUAL,2008-06,2008-07,INDUSTRY,1,1,1
NCT00322413,PHASE3,80,,1997-01,,OTHER,3,1,1
NCT04079413,PHASE3,264,ACTUAL,2019-06-03,2020-01-21,INDUSTRY,2,14,1
NCT04321460,PHASE3,520,ACTUAL,2020-10-01,2021-01-04,INDUSTRY,1,3,1
NCT04333160,PHASE3,746,ACTUAL,2020-03-10,2021-03-31,INDUSTRY,1,22,7
NCT01626820,PHASE3,113,ACTUAL,2012-07-19,2012-08-10,INDUSTRY,1,1,1
NCT01644682,PHASE3,3600,ACTUAL,2012-05,2014-12,OTHER,1,1,1
NCT02905682,PHASE3,190,ACTUAL,2016-09,2017-09-27,INDUSTRY,1,1,1
NCT01627782,PHASE2,68,ACTUAL,2012-08-06,2013-09-12,INDUSTRY,1,13,1
NCT02092324,PHASE2,51,ACTUAL,2014-07-08,2019-11-22,OTHER,2,7,1
NCT00452023,PHASE2,83,ACTUAL,2005-04-07,2023-05-26,OTHER,1,1,1
NCT00688623,PHASE2,73,ACTUAL,2009-06-24,2016-11-07,INDUSTRY,7,40,8
NCT01823159,PHASE3,15,ACTUAL,2013-04,2013-12,OTHER,1,1,1
NCT01559259,PHASE2,394,ACTUAL,2012-04-10,2012-09-13,INDUSTRY,1,1,1
NCT00197262,PHASE3,288,,2005-08,2005-10,INDUSTRY,1,18,1
NCT00231062,PHASE3,115,ACTUAL,2005-04,2006-06,INDUSTRY,1,0,0
NCT02949362,PHASE3,29,ACTUAL,2016-12-09,2020-07-14,INDUSTRY,1,11,2
NCT03765762,PHASE2,26,ACTUAL,2019-01-15,2019-12-17,INDUSTRY,1,6,1
NCT07056062,PHASE2|PHASE3,89,ACTUAL,2024-04-30,2025-05-30,OTHER,7,1,1
NCT02340962,PHASE2,25,ACTUAL,2015-05,2016-08-12,INDUSTRY,1,1,1
NCT04075396,PHASE1|PHASE2,29,ACTUAL,2019-10-16,2021-01-08,INDUSTRY,1,9,3
NCT00947362,PHASE2|PHASE3,134,ACTUAL,2004-08-01,2007-12-15,OTHER,1,1,1
NCT00182208,PHASE3,32,,2004-05,2005-06,OTHER,1,2,1
NCT00933725,PHASE3,194,ACTUAL,2009-08,2011-05,OTHER,1,8,1
NCT00113308,PHASE3,2208,ACTUAL,2005-06,2006-09,INDUSTRY,1,341,33
NCT00123825,PHASE2,30,,2002-07,2007-10,OTHER,2,3,1
NCT00145925,PHASE3,11140,ACTUAL,2001-06,2008-03,OTHER,1,5,5
NCT03452917,PHASE2|PHASE3,1502,ACTUAL,2018-02-08,2019-12-31,OTHER,1,1,1
NCT00175617,PHASE2,40,ESTIMATED,2005-09,2009-03-09,OTHER,1,1,1
NCT00511940,PHASE2|PHASE3,40,ESTIMATED,2007-04,2011-01,OTHER,1,1,1
NCT00001040,PHASE2,300,,,1994-05,INDUSTRY,1,10,1
NCT00355589,PHASE3,,,2006-07,2007-03,INDUSTRY,2,60,1
NCT01186068,PHASE2,175,ESTIMATED,2010-08,,INDUSTRY,1,7,1
NCT00868491,PHASE2,30,ACTUAL,2008-03,2009-12,OTHER,1,1,1
NCT02347891,PHASE2|PHASE3,17,ACTUAL,2015-01,2020-11,OTHER,1,1,1
NCT02339974,PHASE3,15,ACTUAL,2015-01,2024-12,OTHER,1,1,1
NCT03148990,PHASE2|PHASE3,432,ACTUAL,2018-11-20,2020-08-12,OTHER,2,2,1
NCT00325390,PHASE3,800,,2004-07,,INDUSTRY,2,1,1
NCT00294190,PHASE2,38,ACTUAL,2006-02,2007-09,OTHER,2,13,1
NCT01173497,PHASE2,44,ACTUAL,2010-07,2012-10,INDUSTRY,4,13,1
NCT00546897,PHASE2,48,ACTUAL,2007-02,2010-06,OTHER,1,1,1
NCT02078310,PHASE1|PHASE2,35,ACTUAL,2014-02,2014-08,INDUSTRY,1,1,1
NCT06058013,PHASE3,430,ACTUAL,2023-12-20,2026-05-06,INDUSTRY,1,74,4
NCT00772460,PHASE3,80,ACTUAL,2008-10,2009-06,OTHER,1,1,1
NCT03020160,PHASE3,48,ACTUAL,2017-01-30,2017-12-15,INDUSTRY,1,17,6
NCT01746420,PHASE2,100,ACTUAL,2012-12-12,2014-10-21,INDUSTRY,1,6,1
NCT00000924,PHASE2,120,,,,NIH,1,45,2
NCT01461824,PHASE3,34,ACTUAL,2011-09,2015-04,OTHER,3,1,1
NCT00813124,PHASE2,24,ACTUAL,2008-12,2014-09,OTHER,2,1,1
NCT02928224,PHASE3,702,ACTUAL,2016-10-13,2019-02-11,INDUSTRY,1,418,27
NCT01148459,PHASE3,200,ACTUAL,2010-07-30,2013-05-24,INDUSTRY,1,2,1
NCT00353080,PHASE3,171,ACTUAL,2002-12,2005-04,INDUSTRY,1,5,5
NCT01287117,PHASE3,319,ACTUAL,2011-02,2012-10,INDUSTRY,1,66,8
NCT02061540,PHASE2,27,ACTUAL,2014-03,2016-02,INDUSTRY,1,9,3
NCT02201940,PHASE3,741,ACTUAL,2014-07,2015-06,INDUSTRY,1,80,9
NCT01064440,PHASE2,52,ACTUAL,2010-07-09,2013-08-05,INDUSTRY,1,16,2
NCT00120068,PHASE2,100,ESTIMATED,2004-11,2005-03,FED,1,1,1
NCT01404650,PHASE2,25,ACTUAL,2011-12,2015-02,OTHER,1,8,1
NCT04484350,PHASE2,30,ACTUAL,2020-10-23,2023-02-04,OTHER,5,1,1
NCT01406574,PHASE1|PHASE2,23,ACTUAL,2011-07,2014-03,INDUSTRY,1,2,1
NCT02576990,PHASE2,80,ACTUAL,2015-12-02,2019-05-28,INDUSTRY,2,0,0
NCT02305810,PHASE2,54,ACTUAL,2013-09,2017-01-12,OTHER,1,1,1
NCT00505713,PHASE1|PHASE2,36,ACTUAL,2007-07,2010-07,INDUSTRY,1,2,1
NCT00110760,PHASE3,70,ACTUAL,2005-06,2005-09,INDUSTRY,1,3,1
NCT01139060,PHASE3,302,ACTUAL,2009-08,2013-04,OTHER,1,2,1
NCT02839720,PHASE2,11,ACTUAL,2017-08-26,2022-11-05,NIH,3,2,1
NCT02058420,PHASE1|PHASE2,78,ACTUAL,2014-02,2022-10,OTHER,1,1,1
NCT00475020,PHASE2,63,ACTUAL,2006-01-04,2017-10-04,OTHER,1,1,1
NCT00065182,PHASE2,399,ACTUAL,2003-08-14,2007-08-30,INDUSTRY,2,85,3
NCT03338023,PHASE3,272,ACTUAL,2018-03-23,2020-03-05,INDUSTRY,1,20,1
NCT04290182,PHASE1|PHASE2,9,ACTUAL,2021-03-01,2025-01-01,OTHER,4,1,1
NCT05791682,PHASE3,42,ACTUAL,2021-04-02,2022-10-03,OTHER,1,1,1
NCT01265524,PHASE2,113,ACTUAL,2011-04,2011-11,INDUSTRY,1,3,3
NCT03976323,PHASE3,1003,ACTUAL,2019-06-28,2024-02-07,INDUSTRY,1,178,20
NCT00226759,PHASE3,321,ACTUAL,2004-11,2010-09,INDUSTRY,1,20,2
NCT06774859,PHASE3,100,ACTUAL,2024-10-27,2025-05-08,INDUSTRY,1,16,1
NCT01127880,PHASE2|PHASE3,50,ACTUAL,2005-07,2009-12,OTHER,2,1,1
NCT02073279,PHASE3,95,ACTUAL,2014-08-05,2018-10-12,INDUSTRY,2,58,15
NCT03058796,PHASE2,52,ACTUAL,2017-06-19,2022-06-13,FED,2,1,1
NCT04296396,PHASE3,5521,ACTUAL,2020-09-21,2022-04-07,OTHER,3,12,1
NCT01232296,PHASE2,162,ACTUAL,2011-07,2014-04,INDUSTRY,1,24,7
NCT00082251,PHASE3,,,,,INDUSTRY,1,0,0
NCT01035229,PHASE3,546,ACTUAL,2010-04,2013-10,INDUSTRY,1,131,18
NCT01594931,PHASE2,477,ACTUAL,2005-07,2006-03,OTHER,1,6,6
NCT03720353,PHASE1|PHASE2,27,ACTUAL,2018-12-17,2019-12-10,OTHER,1,1,1
NCT04676737,PHASE2,49,ACTUAL,2021-02-01,2022-11-16,INDUSTRY,3,11,1
NCT00550537,PHASE2,116,ACTUAL,2007-10,2011-09,OTHER,1,7,1
NCT05653245,PHASE1|PHASE2,45,ACTUAL,2021-03-15,2022-02-05,OTHER,1,2,1
NCT05279872,PHASE2,20,ACTUAL,2022-01-01,2022-10-30,OTHER,2,1,1
NCT00040872,PHASE2,,,2000-06,2007-01,OTHER,1,1,1
NCT00078195,PHASE2,168,,2003-04,2005-05,NIH,4,3,1
NCT00408577,PHASE3,150,,2004-11,,OTHER,1,1,1
NCT00100477,PHASE2,10,ACTUAL,1998-08,2001-01,FED,2,1,1
NCT02251275,PHASE3,1803,ACTUAL,2014-10-17,2018-11-09,INDUSTRY,1,210,20
NCT02186119,PHASE2,151,ACTUAL,2014-07,2015-06,INDUSTRY,1,2,1
NCT03237065,PHASE3,122,ACTUAL,2017-10-30,2018-05-29,INDUSTRY,2,15,1
NCT02091765,PHASE3,160,ESTIMATED,2012-12,2017-06,OTHER,3,1,1
NCT00423930,PHASE2,44,ACTUAL,2006-10,2016-07,OTHER,1,1,1
NCT00258128,PHASE1|PHASE2,17,ACTUAL,2000-01,2008-05,OTHER,1,0,0
NCT02522767,PHASE3,228,ACTUAL,2015-10,2018-02-06,INDUSTRY,1,93,11
NCT01844765,PHASE2,59,ACTUAL,2013-08-20,2016-06-01,INDUSTRY,1,36,13
NCT02009800,PHASE3,3364,ACTUAL,2013-11,2021-12,OTHER,1,2,1
NCT01638000,PHASE3,1887,ACTUAL,2012-06-12,2013-04-24,INDUSTRY,3,217,33
NCT00209092,PHASE2,51,ACTUAL,2006-08,2009-07,OTHER,1,19,1
NCT03676036,PHASE2,42,ACTUAL,2015-06,2018-03,INDUSTRY,1,1,1
NCT03776136,PHASE2,103,ACTUAL,2019-01-30,2023-10-11,INDUSTRY,1,23,5
NCT00545571,PHASE3,120,ACTUAL,2007-10,2009-10,INDUSTRY,1,27,2
NCT02011334,PHASE3,285,ACTUAL,2014-07,2016-10,INDUSTRY,1,25,6
NCT00241644,PHASE3,2089,ACTUAL,2005-10,2008-06,INDUSTRY,1,13,2
NCT00149734,PHASE3,8,ACTUAL,2005-01,2010-05,OTHER,1,1,1
NCT02423564,PHASE2,54,ACTUAL,2015-06-12,2016-04-12,INDUSTRY,1,1,1
NCT01124864,PHASE2,153,ACTUAL,2010-10,2014-08,INDUSTRY,1,22,10
NCT00787202,PHASE2,195,ACTUAL,2008-12,2010-09,INDUSTRY,1,59,17
NCT00771537,PHASE3,2031,ACTUAL,2006-11,2011-01,OTHER,1,1,1
NCT01564537,PHASE3,722,ACTUAL,2012-08-01,2014-10-01,INDUSTRY,2,24,2
NCT02529345,PHASE2|PHASE3,100,ACTUAL,2015-04,2016-04,NETWORK,1,4,1
NCT00969345,PHASE3,30,ACTUAL,2007-08,2008-07,OTHER,2,1,1
NCT01576172,PHASE2,159,ACTUAL,2012-03-30,2019-10-23,NIH,3,14,1
NCT00732472,PHASE2,37,ACTUAL,2008-10,2009-08,INDUSTRY,1,7,1
NCT00815477,PHASE2|PHASE3,387,ACTUAL,2007-09,2009-12,OTHER,1,3,1
NCT00201877,PHASE2,25,ACTUAL,2004-12,2009-06,OTHER,2,1,1
NCT02104375,PHASE1|PHASE2,16,ACTUAL,2013-03,2013-12,OTHER,1,1,1
NCT00002777,PHASE3,342,ESTIMATED,1996-05,2002-12,NETWORK,1,48,12
NCT02213575,PHASE2,5,ACTUAL,2016-03-05,2018-11-01,OTHER,1,1,1
NCT03845075,PHASE2,21,ACTUAL,2019-02-25,2020-10-16,INDUSTRY,1,1,1
NCT00753545,PHASE2,265,ACTUAL,2008-08-28,2010-06-30,INDUSTRY,1,107,17
NCT03015272,PHASE2|PHASE3,14,ACTUAL,2014-11,2019-09,OTHER,1,2,1
NCT03897257,PHASE2,240,ACTUAL,2019-03-15,2019-10-21,INDUSTRY,1,12,2
NCT01191801,PHASE3,711,ACTUAL,2010-12-17,2014-09-26,INDUSTRY,1,124,15
NCT01430481,PHASE2,150,ACTUAL,2011-08,2014-01,OTHER,1,1,1
NCT00837512,PHASE2|PHASE3,16,ACTUAL,2008-09,2012-12,OTHER,1,1,1
NCT01529112,PHASE2,135,ACTUAL,2011-11,2014-01-21,INDUSTRY,1,50,7
NCT06580912,PHASE2,40,ACTUAL,2025-01-17,2025-12-17,OTHER,1,1,1
NCT02709330,PHASE2,60,ACTUAL,2016-04,2017-09-13,OTHER,1,1,1
NCT00598130,PHASE2,30,ESTIMATED,2008-02,2008-11,INDUSTRY,2,4,1
NCT03754465,PHASE2,66,ACTUAL,2019-01-02,2023-10-23,INDUSTRY,1,1,1
NCT00813865,PHASE2,8,ACTUAL,2009-05-11,2012-05-01,INDUSTRY,3,4,2
NCT04340167,PHASE2,14,ACTUAL,2020-05-01,2024-04-03,OTHER,3,1,1
NCT01287728,PHASE3,182,ESTIMATED,2011-01,2016-01,OTHER,1,1,1
NCT00285428,PHASE1|PHASE2,82,ACTUAL,2004-09,2007-10,INDUSTRY,1,3,1
NCT00289965,PHASE2,703,ACTUAL,2005-09,2009-06,OTHER,2,1,1
NCT00002507,PHASE3,,,1992-11,2002-10,OTHER,2,1,1
NCT01763307,PHASE2,18,ACTUAL,2013-01,2014-01,OTHER,1,0,0
NCT00229944,PHASE3,220,,2002-12,,OTHER,1,1,1
NCT00826644,PHASE3,147,ACTUAL,2009-01,2013-02,OTHER,1,1,1
NCT00186641,PHASE2,203,ACTUAL,,2008-02-08,OTHER,1,1,1
NCT00134641,PHASE2,40,,2003-02,2007-06,OTHER,1,2,1
NCT00320541,PHASE2,187,ACTUAL,2006-05,2009-04,INDUSTRY,1,32,2
NCT00951054,PHASE2,61,ESTIMATED,2009-02,2014-12,INDUSTRY,1,1,1
NCT00133341,PHASE2,60,,2005-04,,INDUSTRY,1,1,1
NCT00159705,PHASE3,276,ACTUAL,2005-04,,INDUSTRY,1,52,8
NCT00694122,PHASE3,27,ACTUAL,2005-06,2010-11,OTHER,2,1,1
NCT01233622,PHASE3,317,ACTUAL,2010-10,2011-11,INDUSTRY,1,55,9
NCT01411722,PHASE2,50,ACTUAL,2008-09,2012-01,OTHER,1,1,1
NCT01851551,PHASE1|PHASE2,22,ACTUAL,2001-09,2004-04,INDUSTRY,3,2,2
NCT00864851,PHASE3,44,ACTUAL,2008-12-29,2012-06-01,INDUSTRY,1,12,8
NCT00001031,PHASE2,296,ACTUAL,,,NIH,1,7,1
NCT00003402,PHASE2,35,ESTIMATED,1999-01,2002-12,OTHER,2,1,1
NCT00130702,PHASE2,18,ACTUAL,2005-08,2007-11,OTHER,1,1,1
NCT00373802,PHASE2,50,,2005-01,2005-06,OTHER,1,0,0
NCT03157037,PHASE2,15,ACTUAL,2017-06-16,2020-07-24,OTHER_GOV,1,10,5
NCT01091831,PHASE3,389,ACTUAL,2009-07,2021-09,OTHER,1,1,1
NCT00062595,PHASE3,375,,2000-09,,NIH,1,1,1
NCT01734239,PHASE3,102,ACTUAL,2013-06-03,2013-10-22,INDUSTRY,1,0,0
NCT01331239,PHASE2,31,ACTUAL,2011-03-23,2019-10-22,INDUSTRY,2,10,4
NCT00090545,PHASE2,46,ACTUAL,2004-09-01,2007-09-01,NIH,1,1,1
NCT02345057,PHASE2,365,ACTUAL,2015-01,2016-06,INDUSTRY,1,1,1
NCT01808157,PHASE2,188,ACTUAL,2013-07,2014-04,INDUSTRY,1,1,1
NCT02257957,PHASE3,30,ACTUAL,2014-11-30,2015-09-30,OTHER,2,0,0
NCT00136201,PHASE3,200,,2005-11,2006-12,INDUSTRY,1,11,1
NCT05455112,PHASE2,41,ACTUAL,2022-10-29,2024-10-30,INDUSTRY,1,2,1
NCT01998230,PHASE3,280,ACTUAL,2014-02,2015-10,OTHER_GOV,1,1,1
NCT04974528,PHASE3,319,ACTUAL,2021-09-29,2024-10-03,INDUSTRY,2,39,1
NCT01052428,PHASE2|PHASE3,38,ACTUAL,2004-08,2010-07,OTHER,1,1,1
NCT00332865,PHASE1|PHASE2,60,ESTIMATED,2006-06,2013-06,OTHER,1,1,1
NCT00001067,PHASE2,105,,,,NIH,1,13,2
NCT00095745,PHASE3,1002,ACTUAL,2004-09,2007-11,INDUSTRY,1,58,1
NCT02379195,PHASE1|PHASE2,12,ACTUAL,2014-11,2018-01,OTHER,1,1,1
NCT00284739,PHASE2,20,ACTUAL,2006-02,2007-10,OTHER,2,1,1
NCT04046939,PHASE2,534,ACTUAL,2019-08-15,2020-12-03,INDUSTRY,2,36,1
NCT06265077,PHASE1|PHASE2,58,ACTUAL,2024-02-01,2024-10-17,OTHER,2,1,1
NCT01809977,PHASE2,22,ACTUAL,2012-07,2012-12,OTHER,1,1,1
NCT03467477,PHASE2,161,ACTUAL,2018-03-08,2018-11-15,INDUSTRY,1,9,1
NCT01487577,PHASE2,19,ACTUAL,2010-06,2014-12,OTHER,2,1,1
NCT00006475,PHASE2,,,2000-09,2002-12,INDUSTRY,1,1,1
NCT01922739,PHASE3,182,ACTUAL,2013-07,2014-08,INDUSTRY,1,61,1
NCT01451177,PHASE2,43,ACTUAL,2010-05,2012-01,INDUSTRY,3,3,1
NCT00589277,PHASE1|PHASE2,2032,ACTUAL,2007-08,2009-05,OTHER,2,1,1
NCT02080377,PHASE3,23,ACTUAL,2014-07,2015-10,OTHER,2,5,1
NCT03887377,PHASE2|PHASE3,22,ACTUAL,2019-06-10,2024-12-30,OTHER,3,1,1
NCT02870777,PHASE2|PHASE3,743,ACTUAL,2016-08,2019-08-31,OTHER,2,1,1
NCT00665977,PHASE3,44,ESTIMATED,2007-09,2010-07,INDUSTRY,3,1,1
NCT00422981,PHASE2,144,ACTUAL,2007-01,2008-01,INDUSTRY,1,17,1
NCT01326481,PHASE1|PHASE2,19,ACTUAL,2011-06,2014-09,INDUSTRY,1,2,1
NCT03630419,PHASE1|PHASE2,5,ACTUAL,2018-02-10,2018-07-28,OTHER,2,1,1
NCT00656019,PHASE2,63,ACTUAL,2008-04,2010-08,OTHER,1,1,1
NCT04331730,PHASE2,107,ACTUAL,2020-01-28,2021-08-19,INDUSTRY,1,21,4
NCT00293930,PHASE3,645,ACTUAL,,,INDUSTRY,1,32,2
NCT00694928,PHASE3,843,ACTUAL,2008-05,2009-11,INDUSTRY,1,73,3
NCT03899467,PHASE2,61,ACTUAL,2019-05-30,2022-03-31,INDUSTRY,2,10,1
NCT00235300,PHASE2,240,ACTUAL,2000-05,2003-04,INDUSTRY,3,28,5
NCT01247207,PHASE3,270,ESTIMATED,2010-11-30,2026-02-10,INDUSTRY,1,34,2
NCT02918292,PHASE2,32,ACTUAL,2017-07-03,2021-08-17,OTHER,1,28,1
NCT05901636,PHASE1|PHASE2,170,ACTUAL,2023-05-17,2024-08-19,INDUSTRY,1,4,1
NCT00256711,PHASE2,192,,2004-07,,INDUSTRY,1,55,10
NCT02581111,PHASE2|PHASE3,199,ACTUAL,2015-09,2017-09-22,OTHER,3,4,1
NCT00163371,PHASE3,28,,2005-09,2005-12,INDUSTRY,1,1,1
NCT01479244,PHASE3,758,ACTUAL,2011-11,2016-09-21,INDUSTRY,1,197,13
NCT00784134,PHASE3,500,ACTUAL,2009-07,2015-07,OTHER,1,81,9
NCT02297399,PHASE3,158,ACTUAL,2014-12-02,2016-01-26,OTHER,2,2,1
NCT03152864,PHASE2,128,ACTUAL,2018-03-01,2019-05-31,INDUSTRY,3,1,1
NCT01007864,PHASE3,80,ACTUAL,2010-01,2011-12,INDUSTRY,1,12,1
NCT01433263,PHASE2,57,ACTUAL,2011-08,2014-04,INDUSTRY,1,10,5
NCT00059787,PHASE2,56,ACTUAL,2003-04,2010-05,NIH,9,1,1
NCT01662063,PHASE3,218,ACTUAL,2012-08,2014-04,INDUSTRY,1,79,2
NCT01678963,PHASE2,142,ACTUAL,2012-11,2015-03,INDUSTRY,1,20,1
NCT00000963,PHASE2,300,,,,NIH,1,52,2
NCT01727063,PHASE3,143,ACTUAL,2006-01,2018-07,OTHER_GOV,3,1,1
NCT00224393,PHASE2,60,,2001-02,,OTHER,1,0,0
NCT05807893,PHASE2|PHASE3,40,ACTUAL,2023-05-14,2024-03-22,OTHER,4,1,1
NCT01915693,PHASE3,220,ESTIMATED,2013-10,2018-11,OTHER_GOV,1,17,1
NCT00302393,PHASE3,20,ACTUAL,2006-06,2007-02,OTHER,1,1,1
NCT03197493,PHASE2,35,ACTUAL,2017-08-01,2020-07-09,INDIV,2,1,1
NCT01205893,PHASE2,104,ACTUAL,2010-09,2013-10,INDUSTRY,1,11,6
NCT01709721,PHASE3,153,ACTUAL,2013-02,2018-02,INDUSTRY,1,1,1
NCT00928421,PHASE2,16,ACTUAL,2009-06,2009-12,INDUSTRY,1,1,1
NCT00392821,PHASE1|PHASE2,78,ACTUAL,2006-12,2013-10,OTHER,1,11,1
NCT02175121,PHASE2,172,ACTUAL,2014-08,2015-03,INDUSTRY,1,19,1
NCT00725114,PHASE3,165,ACTUAL,2008-04,2012-11,INDUSTRY,2,1,1
NCT01663714,PHASE2,30,ACTUAL,2000-02,2012-02,INDUSTRY,1,0,0
NCT03139916,PHASE2,36,ACTUAL,2017-09-13,2022-08-31,OTHER,1,2,1
NCT01664806,PHASE3,40,ACTUAL,2010-11,2011-08,OTHER,3,1,1
NCT01246206,PHASE2,21,ACTUAL,2010-11,2013-10,OTHER,1,1,1
NCT01983306,PHASE2,292,ACTUAL,2013-11,2014-09,INDUSTRY,1,42,1
NCT05766306,PHASE2,30,ACTUAL,2023-03-15,2024-02-02,INDUSTRY,1,1,1
NCT00928304,PHASE2,109,ACTUAL,2009-06,2011-01,INDUSTRY,2,2,1
NCT05499104,PHASE3,93,ACTUAL,2021-07-16,2022-01-24,OTHER,4,1,1
NCT00004104,PHASE2,,,1998-06,2000-07,OTHER,1,1,1
NCT00292084,PHASE2,60,,2006-02,,INDUSTRY,1,1,1
NCT00418184,PHASE2,200,ACTUAL,2007-03,2008-11,INDUSTRY,1,1,1
NCT00004084,PHASE1|PHASE2,21,ESTIMATED,1998-04,2002-05,OTHER,2,2,1
NCT02230709,PHASE2,60,ACTUAL,2012-11,2012-11,OTHER,1,1,1
NCT01771809,PHASE2,330,ACTUAL,2013-03-18,2017-12-13,INDUSTRY,1,99,21
NCT06676709,PHASE1|PHASE2,80,ACTUAL,2021-04-20,2022-02-03,OTHER,2,2,1
NCT01359098,PHASE2,100,ESTIMATED,2011-07,2011-10,INDUSTRY,4,7,1
NCT01434498,PHASE2,163,ACTUAL,2011-09,2013-01,INDUSTRY,1,50,3
NCT00345098,PHASE3,704,ACTUAL,2006-05,2008-02,INDUSTRY,2,13,13
NCT01517698,PHASE2,185,ACTUAL,2012-05,2014-04,INDUSTRY,1,51,10
NCT00575887,PHASE2,25,ACTUAL,2006-08,2009-03,OTHER,4,1,1
NCT00603187,PHASE1|PHASE2,4,ACTUAL,2008-01,2008-02,OTHER,1,1,1
NCT00590187,PHASE2,105,ACTUAL,2007-12,2018-12-01,INDUSTRY,1,15,1
NCT00150787,PHASE3,250,,2003-07,2005-11,INDUSTRY,1,0,0
NCT02899793,PHASE2,25,ACTUAL,2016-09,2024-07-17,OTHER,1,1,1
NCT06413121,PHASE3,1557,ACTUAL,2024-05-09,2025-03-04,INDUSTRY,6,11,2
NCT02872714,PHASE2,263,ACTUAL,2017-01-12,2022-02-01,INDUSTRY,1,96,11
NCT01493414,PHASE3,2233,ACTUAL,2011-08-16,2017-01-26,INDUSTRY,1,273,25
NCT00212316,PHASE2,60,,2005-08,,OTHER,1,8,1
NCT00705016,PHASE1|PHASE2,184,ACTUAL,2008-10,2011-09,INDUSTRY,1,37,9
NCT04657016,PHASE3,579,ACTUAL,2021-03-29,2023-04-20,INDUSTRY,2,65,4
NCT00000506,PHASE2,,,1983-05,,NIH,3,0,0
NCT02087306,PHASE3,201,ACTUAL,2014-03,2016-06,INDUSTRY,1,33,1
NCT05797506,PHASE2,96,ACTUAL,2023-05-03,2025-04-25,OTHER,2,1,1
NCT00005606,PHASE2,,,2000-02,2003-09,OTHER,3,1,1
NCT02784106,PHASE2,65,ACTUAL,2016-07-31,2017-04-30,INDUSTRY,1,2,2
NCT02379806,PHASE3,2560,ACTUAL,2015-09-03,2020-12,OTHER,1,46,2
NCT00041106,PHASE2,50,ACTUAL,2002-05,2007-07,NIH,2,1,1
NCT01278004,PHASE2,15,ACTUAL,2010-05,2014-07,OTHER,2,2,1
NCT00215384,PHASE2,35,,,2003-04,INDUSTRY,1,7,1
NCT00664404,PHASE3,64,ACTUAL,2008-04,2012-10,OTHER,1,1,1
NCT03070184,PHASE2,80,ACTUAL,2017-04-30,2023-12-31,OTHER,2,1,1
NCT00582933,PHASE2,96,ACTUAL,2001-05,2008-04,OTHER,4,1,1
NCT00536484,PHASE3,896,ACTUAL,2007-08,2008-03,INDUSTRY,1,95,1
NCT01135433,PHASE3,168,ACTUAL,2010-05-15,2011-11-28,INDUSTRY,1,7,1
NCT00628095,PHASE2,100,ACTUAL,2008-04-07,2009-02-04,INDUSTRY,1,27,7
NCT00001677,PHASE2,40,,1998-06,,NIH,2,1,1
NCT06229977,PHASE2,34,ACTUAL,2023-05-17,2025-07-17,OTHER,1,1,1
NCT06461975,PHASE3,88,ACTUAL,2023-01-01,2023-04-30,OTHER,1,1,1
NCT01464177,PHASE2,40,ESTIMATED,2011-10,2021-07,OTHER,1,1,1
NCT02301975,PHASE3,1526,ACTUAL,2015-03-01,2016-11-01,INDUSTRY,1,179,12
NCT01093157,PHASE1|PHASE2,10,ACTUAL,2010-02,2013-01,OTHER,1,1,1
NCT00817401,PHASE1|PHASE2,100,ACTUAL,2002-07,2008-06,OTHER,1,1,1
NCT00449501,PHASE3,134,ACTUAL,2007-03,,INDUSTRY,1,46,1
NCT01336712,PHASE2,30,ACTUAL,2011-04,2014-12,OTHER,5,1,1
NCT00047281,PHASE2,,,2004-03,2005-08,OTHER,1,3,1
NCT03238781,PHASE2,343,ACTUAL,2017-09-06,2018-10-16,INDUSTRY,1,49,8
NCT03725930,PHASE3,90,ACTUAL,2019-03-26,2021-11-24,OTHER,1,1,1
NCT02140528,PHASE2,40,ACTUAL,2013-08,2016-03,OTHER_GOV,1,1,1
NCT03045328,PHASE2,22,ACTUAL,2017-09-26,2020-05-19,OTHER,4,2,1
NCT03992365,PHASE3,472,ACTUAL,2019-06-10,2019-10-15,INDUSTRY,1,1,1
NCT02841267,PHASE1|PHASE2,19,ACTUAL,2016-07,2019-01,OTHER,1,1,1
NCT00572130,PHASE2,22,ACTUAL,2007-12,2010-07,INDUSTRY,1,1,1
NCT07343128,PHASE2|PHASE3,68,ACTUAL,2025-06-01,2025-12-25,OTHER_GOV,1,1,1
NCT02695628,PHASE2,5,ACTUAL,2016-09-13,2018-04-30,OTHER,2,1,1
NCT01337167,PHASE3,1473,ACTUAL,2011-04-19,2013-05-09,INDUSTRY,2,0,0
NCT00557700,PHASE2,15,ESTIMATED,2008-01,2010-05,OTHER,1,2,1
NCT01381900,PHASE3,678,ACTUAL,2011-08,2012-11,INDUSTRY,1,25,3
NCT04220307,PHASE2,34,ACTUAL,2020-04-26,2021-05-15,INDUSTRY,1,1,1
NCT05571592,PHASE2,60,ACTUAL,2023-01-26,2025-11-26,OTHER,1,1,1
NCT02641236,PHASE2,24,ACTUAL,2016-03,2021-04-15,OTHER,2,2,1
NCT05549934,PHASE2,50,ACTUAL,2022-12-15,2025-03-20,OTHER,1,1,1
NCT03180736,PHASE3,304,ACTUAL,2017-06-14,2020-07-21,NETWORK,1,40,10
NCT02873936,PHASE3,449,ACTUAL,2016-07-27,2018-03-20,INDUSTRY,1,104,15
NCT00338325,PHASE2,200,ACTUAL,2005-06,2005-06,OTHER,1,0,0
NCT01597635,PHASE2,44,ACTUAL,2012-09-01,2014-10-01,INDUSTRY,1,19,2
NCT00311025,PHASE1|PHASE2,60,,2003-09,,OTHER,1,1,1
NCT03672240,PHASE1|PHASE2,6,ACTUAL,2018-11-30,2019-10-30,INDUSTRY,1,2,1
NCT01251640,PHASE1|PHASE2,90,ACTUAL,2011-01-01,2013-02-11,INDUSTRY,1,23,9
NCT05753189,PHASE3,362,ACTUAL,2023-02-21,2024-02-09,OTHER,4,40,1
NCT02979691,PHASE2|PHASE3,350,ESTIMATED,2016-10,2020-04,OTHER,4,1,1
NCT03971474,PHASE2,166,ACTUAL,2019-05-28,2022-04-14,NETWORK,4,889,1
NCT00713518,PHASE2,152,ACTUAL,2009-11,2010-11,INDUSTRY,1,31,11
NCT00620490,PHASE3,60,ACTUAL,2008-03,2009-02,OTHER,1,1,1
NCT04424290,PHASE1|PHASE2,45,ACTUAL,2020-06-12,2023-04-28,INDUSTRY,1,19,2
NCT02933697,PHASE3,108,ACTUAL,2017-06-20,2022-07-31,OTHER,2,1,1
NCT00676897,PHASE2|PHASE3,18,ACTUAL,2008-02,2010-12,OTHER,1,1,1
NCT04037397,PHASE3,25,ACTUAL,2019-09-24,2024-10-01,OTHER,1,5,1
NCT00468910,PHASE2,79,ACTUAL,2007-03,2009-12,NIH,3,1,1
NCT05383482,PHASE1|PHASE2,22,ACTUAL,2022-07-01,2024-06-25,INDUSTRY,6,5,1
NCT00124982,PHASE3,1286,ACTUAL,2005-04,2009-08,INDUSTRY,1,148,10
NCT02208323,PHASE2,87,ACTUAL,2015-07,2016-07,OTHER,2,1,1
NCT00056823,PHASE1|PHASE2,168,,2003-03,,INDUSTRY,1,0,0
NCT01392859,PHASE2|PHASE3,211,ACTUAL,2011-06,2015-03-29,OTHER,3,1,1
NCT01910259,PHASE2,445,ACTUAL,2014-12-18,2018-06-14,OTHER,1,13,1
NCT02182479,PHASE3,631,ACTUAL,1998-04,1999-06,INDUSTRY,1,0,0
NCT02070679,PHASE3,284,ACTUAL,2014-02,2015-05,OTHER,4,2,1
NCT03966079,PHASE3,50,ACTUAL,2017-01-01,2020-01-31,OTHER,2,1,1
NCT00005596,PHASE3,1076,ACTUAL,2000-04,2005-07,NETWORK,1,123,6
NCT00563225,PHASE3,90,ACTUAL,2002-10,,INDUSTRY,1,0,0
NCT00078325,PHASE3,395,ACTUAL,2004-02,2004-11,INDUSTRY,2,0,0
NCT01853540,PHASE1|PHASE2,10,ACTUAL,2013-01,2014-10,NIH,1,1,1
NCT00536640,PHASE2,224,ACTUAL,2007-11,2011-08,OTHER,1,37,1
NCT01014689,PHASE3,378,ACTUAL,2009-08,2010-04,INDUSTRY,1,28,9
NCT01004289,PHASE2,78,ACTUAL,2007-04,2010-01,OTHER,1,1,1
NCT02713789,PHASE2,26,ACTUAL,2015-04,2017-08-24,INDUSTRY,1,1,1
NCT03952091,PHASE3,289,ACTUAL,2019-03-27,2024-06-30,INDUSTRY,2,41,2
NCT04435197,PHASE2,143,ACTUAL,2020-08-11,2024-06-30,OTHER,1,2,1
NCT00449397,PHASE3,150,,2003-07,2006-01,INDUSTRY,1,1,1
NCT04870060,PHASE2,40,ACTUAL,2010-10-06,2015-07-03,OTHER,1,1,1
NCT01162460,PHASE3,815,ACTUAL,2010-12,2016-09,INDUSTRY,1,1,1
NCT02487160,PHASE3,499,ACTUAL,2015-08,2019-08,INDUSTRY,2,13,1
NCT01404260,PHASE3,219,ACTUAL,2011-06,2015-03,OTHER,1,1,1
NCT05117060,PHASE2,216,ACTUAL,2021-12-13,2023-07-20,INDUSTRY,1,45,8
NCT00002860,PHASE2,77,ACTUAL,1996-11,2006-12,NETWORK,1,124,1
NCT01412060,PHASE3,765,ACTUAL,2011-09-27,2014-09-03,INDUSTRY,1,73,5
NCT03895697,PHASE3,92,ACTUAL,2019-03-26,2019-07-30,INDUSTRY,2,1,1
NCT01590797,PHASE3,467,ACTUAL,2012-07-10,2014-06-11,INDUSTRY,1,0,0
NCT05281510,PHASE2,20,ACTUAL,2022-06-09,2025-01-16,INDUSTRY,1,1,1
NCT00481013,PHASE2,33,ACTUAL,2007-07,2009-12,OTHER,1,1,1
NCT00061360,PHASE2,77,ACTUAL,2003-06-26,2006-02-15,NIH,1,1,1
NCT03065660,PHASE3,711,ACTUAL,2017-09-20,2020-01-09,OTHER,1,28,1
NCT01067820,PHASE2,324,ACTUAL,2011-09,2013-05,INDUSTRY,1,58,8
NCT03376620,PHASE3,56,ACTUAL,2011-09-02,2013-08-13,OTHER,1,0,0
NCT00997282,PHASE2|PHASE3,255,ESTIMATED,2009-09,2010-10,INDUSTRY,1,7,1
NCT02991482,PHASE3,144,ACTUAL,2017-09-12,2019-02-20,NETWORK,1,15,3
NCT00025623,PHASE2,,,1999-07,,OTHER,1,11,11
NCT05593939,PHASE2,80,ACTUAL,2022-05-01,2022-12-21,OTHER,1,1,1
NCT01836575,PHASE3,228,ACTUAL,2008-04,2012-01,OTHER_GOV,1,9,2
NCT01839877,PHASE2,58,ACTUAL,2013-05,2017-12,OTHER,1,9,1
NCT00025077,PHASE2,50,ESTIMATED,2000-01,,OTHER,1,21,2
NCT01622075,PHASE3,220,ACTUAL,2011-03,2013-04,INDUSTRY,1,1,1
NCT00193401,PHASE2,40,,2002-08,2004-06,OTHER,1,0,0
NCT02071212,PHASE2,120,ACTUAL,2014-02,2018-06,OTHER,1,1,1
NCT00044512,PHASE2,137,ACTUAL,2002-08,2008-02,INDUSTRY,1,23,5
NCT01059630,PHASE3,413,ACTUAL,2010-04-30,2014-09-30,INDUSTRY,1,121,14
NCT05098028,PHASE2,44,ACTUAL,2022-03-22,2023-09-04,INDUSTRY,1,8,3
NCT01874665,PHASE2,45,ACTUAL,2013-06-05,2015-02-28,INDUSTRY,1,4,1
NCT02546700,PHASE2,309,ACTUAL,2015-09-30,2016-11-25,INDUSTRY,1,66,9
NCT03844100,PHASE1|PHASE2,37,ACTUAL,2019-11-01,2021-08-04,OTHER,2,6,1
NCT03649711,PHASE3,76,ACTUAL,2018-11-01,2021-09-02,OTHER,3,2,1
NCT00146211,PHASE3,300,ACTUAL,2005-09,2007-08,INDUSTRY,1,41,2
NCT01168544,PHASE3,160,ESTIMATED,2011-05,,OTHER,1,1,1
NCT02163434,PHASE2,31,ACTUAL,2014-06,2019-10,OTHER,1,2,1
NCT00824434,PHASE3,100,ACTUAL,2009-03,2009-09,INDUSTRY,2,17,4
NCT00963534,PHASE1|PHASE2,51,ACTUAL,2009-09,2017-08,OTHER,1,17,4
NCT00110734,PHASE3,60,,,,INDUSTRY,1,1,1
NCT00151034,PHASE2,33,ACTUAL,2000-09,2004-08,OTHER,1,11,1
NCT01929434,PHASE3,300,ACTUAL,2013-10,2015-12,OTHER,1,1,1
NCT02249702,PHASE2,168,ACTUAL,2010-04,2017-04-30,OTHER,1,34,1
NCT00001937,PHASE3,800,,1999-11,,NIH,4,1,1
NCT00528437,PHASE2,46,ACTUAL,2005-10,2017-06-30,OTHER,1,17,2
NCT05001737,PHASE3,33,ACTUAL,2021-12-15,2024-06-30,INDUSTRY,7,44,13
NCT01694537,PHASE2,21,ACTUAL,2012-07,2012-10,OTHER,1,1,1
NCT00002437,PHASE2,48,,,,INDUSTRY,2,9,2
NCT00908245,PHASE3,81,ACTUAL,2003-09,2007-06,OTHER,1,1,1
NCT02097472,PHASE1|PHASE2,304,ACTUAL,2014-04,2015-12,OTHER,1,1,1
NCT02649972,PHASE2,35,ACTUAL,2016-01,2022-12-16,OTHER,1,2,1
NCT02981472,PHASE2,192,ACTUAL,2017-01-19,2021-10-18,INDUSTRY,1,46,14
NCT00450372,PHASE2,38,ACTUAL,2004-06,2011-01,OTHER,1,1,1
NCT00493272,PHASE1|PHASE2,20,ACTUAL,2007-06,2008-04,OTHER,1,1,1
NCT00409539,PHASE2,550,ACTUAL,2006-12,2008-06,INDUSTRY,1,69,9
NCT06602739,PHASE3,54,ACTUAL,2024-11-19,2025-04-23,INDUSTRY,1,3,2
NCT00148239,PHASE2|PHASE3,380,ACTUAL,2002-09,2007-07,OTHER,1,2,1
NCT03763877,PHASE2,121,ACTUAL,2019-03-29,2020-08-03,INDUSTRY,1,15,1
NCT00732277,PHASE2,21,ACTUAL,2008-04,2012-04,OTHER,1,3,1
NCT01333475,PHASE2,21,ACTUAL,2011-03,2013-11,NIH,1,1,1
NCT00372957,PHASE2,30,ACTUAL,2006-03-22,2006-06-28,INDUSTRY,1,1,0
NCT00119457,PHASE2,300,,2005-01,,INDUSTRY,3,21,4
NCT02875301,PHASE3,648,ACTUAL,2017-09-06,2023-04-11,OTHER,2,5,1
NCT00792701,PHASE2,85,ACTUAL,2008-11,2016-04,NETWORK,1,147,1
NCT02090101,PHASE2,32,ESTIMATED,2014-10-10,2014-10-10,OTHER,1,1,1
NCT05955612,PHASE3,532,ACTUAL,2023-07-26,2024-06-20,OTHER,1,1,1
NCT01509612,PHASE3,150,ACTUAL,2012-02-01,2019-07-31,OTHER,1,1,1
NCT02067481,PHASE2,42,ACTUAL,2013-03,2013-07,OTHER,1,1,1
NCT00183781,PHASE3,270,,2000-09,,OTHER,1,1,1
NCT02054481,PHASE2,166,ACTUAL,2014-02,2014-11,INDUSTRY,1,32,7
NCT04767581,PHASE3,165,ACTUAL,2021-03-08,2021-08-10,INDUSTRY,1,1,1
NCT01235481,PHASE3,90,ACTUAL,2010-12,2014-06,OTHER,1,2,1
NCT01457781,PHASE2,80,ACTUAL,2012-04,2014-10,INDUSTRY,2,51,2
NCT00901381,PHASE2,20,ACTUAL,2007-06,2009-02,OTHER,1,1,1
NCT00511719,PHASE2,13,ACTUAL,2004-02,2004-04,INDUSTRY,1,0,0
NCT00345319,PHASE3,630,ACTUAL,2006-03,2006-05,INDUSTRY,1,1,1
NCT00810030,PHASE3,484,ACTUAL,2008-10,2009-12,INDUSTRY,6,1,1
NCT00169130,PHASE2|PHASE3,300,,1999-10,,OTHER,1,5,2
NCT06402630,PHASE2,158,ACTUAL,2022-03-23,2024-04-01,INDUSTRY,1,9,1
NCT03173391,PHASE3,463,ACTUAL,2017-07-18,2020-11-30,INDUSTRY,1,1,1
NCT01362491,PHASE3,226,ACTUAL,2011-06,2012-03,INDUSTRY,1,1,1
NCT00838591,PHASE2,176,ACTUAL,2009-03,2012-03,INDUSTRY,1,15,1
NCT03606590,PHASE2,25,ACTUAL,2019-02-15,2021-01-14,INDUSTRY,1,8,6
NCT04233190,PHASE3,472,ACTUAL,2023-04-19,2024-10-28,INDUSTRY,1,1,1
NCT00814697,PHASE2,12,ACTUAL,2008-12,2011-12,OTHER,3,1,1
NCT00006110,PHASE2,82,ACTUAL,1998-12,2012-03,OTHER,1,2,1
NCT00574210,PHASE2,502,ACTUAL,2007-10,2008-02,INDUSTRY,3,1,1
NCT04532710,PHASE2,64,ACTUAL,2020-08-04,2021-05-27,INDUSTRY,2,1,1
NCT01393613,PHASE3,674,ACTUAL,2011-07,2014-02,INDUSTRY,1,60,8
NCT02213913,PHASE1|PHASE2,55,ACTUAL,2014-07-29,2024-10-01,OTHER,72,6,1
NCT01258413,PHASE3,30,ACTUAL,1999-11,2004-02,OTHER,2,1,1
NCT00599313,PHASE2,36,ACTUAL,2007-03,2009-06,INDUSTRY,1,45,1
NCT00903760,PHASE2,42,ACTUAL,2010-01,2015-06,OTHER,1,1,1
NCT00988260,PHASE2,266,ACTUAL,2003-02-03,2004-04-12,INDUSTRY,1,0,0
NCT00137410,PHASE3,200,,2002-11,2006-03,INDUSTRY,1,16,1
NCT06199960,PHASE3,116,ACTUAL,2019-08-02,2022-05-10,OTHER_GOV,1,1,1
NCT00129220,PHASE3,224,ACTUAL,2005-07,2009-01,INDUSTRY,1,16,1
NCT02206620,PHASE2,49,ACTUAL,2014-07,2017-07,OTHER,1,1,1
NCT04434482,PHASE1|PHASE2,59,ACTUAL,2020-08-07,2024-04-29,INDUSTRY,2,21,5
NCT00728182,PHASE2,185,ACTUAL,2008-08,2011-04,INDUSTRY,1,14,2
NCT01663623,PHASE3,106,ACTUAL,2013-03-20,2017-02-06,INDUSTRY,1,89,20
NCT03753659,PHASE2,30,ACTUAL,2019-05-09,2024-04-30,OTHER,1,1,1
NCT01052480,PHASE2,98,ACTUAL,2010-12,2015-03,NIH,2,35,1
NCT00447980,PHASE2,73,ACTUAL,2007-01-22,2010-04-19,INDUSTRY,1,12,1
NCT03878979,PHASE2,26,ACTUAL,2019-07-08,2023-10-17,OTHER,3,1,1
NCT03065179,PHASE2,29,ACTUAL,2017-03-01,2020-02-20,OTHER,3,2,1
NCT02451696,PHASE2,15,ACTUAL,2014-01,2017-12-08,OTHER,3,1,1
NCT02228096,PHASE2,75,ACTUAL,2014-08-14,2018-05-29,INDUSTRY,3,13,1
NCT01419262,PHASE3,703,ACTUAL,2011-09,2015-05,OTHER,3,2,1
NCT01612546,PHASE2,10,ACTUAL,2012-11,2015-01-15,OTHER,14,1,1
NCT00433446,PHASE2,62,ACTUAL,2007-04,2009-05,NETWORK,1,123,1
NCT01207388,PHASE2,116,ACTUAL,2010-11,2014-02,INDUSTRY,1,75,11
NCT02697188,PHASE2,12,ACTUAL,2007-11,2008-04,INDUSTRY,1,2,1
NCT00481988,PHASE1|PHASE2,20,ACTUAL,2007-03,2009-06,OTHER,1,1,1
NCT01004029,PHASE3,1740,ACTUAL,2009-10,2018-10,INDUSTRY,1,104,9
NCT00490529,PHASE2,59,ACTUAL,2009-08,2017-12-14,OTHER,1,1,1
NCT00460031,PHASE2,34,ACTUAL,2006-09-01,2010-08-31,OTHER,1,6,1
NCT00308529,PHASE2,55,,2006-03,2007-04,OTHER,2,4,1
NCT05525637,PHASE3,1037,ACTUAL,2021-12-17,2023-07-07,INDUSTRY,1,83,1
NCT01155037,PHASE2,450,ACTUAL,2010-03,2012-03,OTHER,1,1,1
NCT01802229,PHASE3,106,ACTUAL,2011-01,2012-12,OTHER,1,1,1
NCT00051402,PHASE2,96,,2002-12,,NIH,2,1,1
NCT02609802,PHASE3,77,ACTUAL,2015-11,2016-07-28,OTHER,1,1,1
NCT00031629,PHASE2,51,ACTUAL,2005-01,2007-07,NETWORK,2,1,1
NCT00112931,PHASE3,462,ACTUAL,2004-09,2014-03,OTHER,1,72,3
NCT04231331,PHASE3,128,ACTUAL,2020-11-04,2023-11-15,OTHER,2,3,1
NCT02434731,PHASE3,71,ACTUAL,2015-04,2015-06,OTHER,1,1,1
NCT00598702,PHASE3,100,ACTUAL,2008-01,2008-12,INDUSTRY,2,14,1
NCT00245245,PHASE2,12,ESTIMATED,2005-05,,INDUSTRY,1,1,1
NCT01848145,PHASE2,34,ACTUAL,2013-07,2015-12,OTHER,1,6,1
NCT01563445,PHASE2,40,ACTUAL,2001-11,2003-03,INDUSTRY,2,1,1
NCT01797445,PHASE3,872,ACTUAL,2013-03-12,2014-09-19,INDUSTRY,2,117,11
NCT00547872,PHASE3,400,ACTUAL,2007-09,2012-05,OTHER,2,1,1
NCT01788072,PHASE2,70,ACTUAL,2014-06,2017-08,OTHER,1,2,1
NCT02019472,PHASE3,559,ACTUAL,2014-04-04,2016-08-17,INDUSTRY,1,107,16
NCT02194595,PHASE3,105,ACTUAL,2014-09,2021-12,OTHER,1,1,1
NCT00049595,PHASE3,552,ACTUAL,2002-08,2010-01,NETWORK,1,140,13
NCT02869295,PHASE1|PHASE2,28,ACTUAL,2015-12,2018-10-31,INDUSTRY,1,3,1
NCT00431639,PHASE2,36,ACTUAL,2005-02-04,2009-01-22,NIH,1,1,1
NCT06492239,PHASE2,218,ACTUAL,2024-07-26,2025-01-31,OTHER,1,1,1
NCT02103439,PHASE3,140,ACTUAL,2013-06-06,2015-08-26,INDUSTRY,3,6,1
NCT00073177,PHASE3,819,,2003-11,,INDUSTRY,1,41,5
NCT00001277,PHASE2,1553,ACTUAL,1993-12-15,2020-03-11,NIH,5,1,1
NCT01666977,PHASE1|PHASE2,36,ACTUAL,2012-08,2015-11,INDUSTRY,1,35,6
NCT00690677,PHASE2,29,ACTUAL,2008-06,2011-12,OTHER,1,1,1
NCT03434275,PHASE3,194,ACTUAL,2018-02-19,2019-05-21,INDUSTRY,1,6,1
NCT02451475,PHASE1|PHASE2,75,ACTUAL,2013-02,2014-09,OTHER,1,0,0
NCT03660475,PHASE2,60,ACTUAL,2018-07-31,2018-11-01,INDIV,1,1,1
NCT07095257,PHASE3,169,ACTUAL,2025-10-13,2026-01-16,INDUSTRY,1,2,1
NCT02931357,PHASE3,54,ACTUAL,2013-09,2013-09,OTHER,1,1,1
NCT00251901,PHASE3,600,,2004-05,2005-07,INDUSTRY,2,80,6
NCT00320112,PHASE3,244,ACTUAL,2007-02,2009-10,FED,1,1,1
NCT03815812,PHASE2,60,ACTUAL,2019-03-07,2019-12-25,INDUSTRY,1,1,1
NCT01331681,PHASE3,406,ACTUAL,2011-05-09,2013-06-03,INDUSTRY,2,73,11
NCT00815581,PHASE1|PHASE2,,,2008-05,,OTHER,1,1,1
NCT02645981,PHASE2|PHASE3,668,ACTUAL,2016-03,2019-11-27,INDUSTRY,1,2,1
NCT01534481,PHASE3,483,ACTUAL,2012-08,2021-11-30,NETWORK,3,17,1
NCT00471419,PHASE3,750,ESTIMATED,2006-07,2007-08,INDUSTRY,1,1,1
NCT02897219,PHASE3,175,ACTUAL,2016-08-29,2017-07-22,INDUSTRY,1,36,1
NCT01285219,PHASE3,337,ACTUAL,2006-01,2007-05,OTHER,1,0,0
NCT00746330,PHASE2,32,ACTUAL,2008-08,2009-04,INDUSTRY,1,9,3
NCT01834729,PHASE2,74,ACTUAL,2013-03,2017-09-06,OTHER,1,1,1
NCT00236431,PHASE3,1063,ACTUAL,2001-05,,INDUSTRY,2,0,0
NCT04075331,PHASE2|PHASE3,238,ACTUAL,2020-09-07,2024-06-21,OTHER,2,1,1
NCT00297102,PHASE3,1523,ACTUAL,2006-02,2008-07,INDUSTRY,1,179,11
NCT01685853,PHASE3,164,ACTUAL,2011-04,2012-03,OTHER,1,1,1
NCT02864602,PHASE3,18,ACTUAL,2016-11-12,2018-02-20,OTHER,1,1,1
NCT01402102,PHASE2|PHASE3,60,ACTUAL,2010-07,2011-03,OTHER,1,1,1
NCT00092053,PHASE3,203,ACTUAL,2004-12,2005-07,INDUSTRY,1,0,0
NCT00246753,PHASE2,29,ACTUAL,2005-10,2012-07,OTHER,1,3,1
NCT05253053,PHASE1|PHASE2,84,ACTUAL,2022-04-13,2024-08-31,INDUSTRY,11,9,1
NCT02560337,PHASE2,26,ACTUAL,2015-09,2018-12-05,OTHER,1,1,1
NCT02035137,PHASE2,114,ACTUAL,2014-07,2021-02-26,OTHER,1,14,2
NCT01573637,PHASE3,78,ACTUAL,2011-07,2014-07,OTHER,1,3,1
NCT01473745,PHASE2|PHASE3,48,ACTUAL,2011-07,2013-12,OTHER,1,1,1
NCT00455845,PHASE3,54,ESTIMATED,2007-04,2009-12,OTHER,3,1,1
NCT06277245,PHASE3,356,ACTUAL,2024-02-06,2025-04-18,INDUSTRY,1,1,1
NCT03520972,PHASE2,251,ACTUAL,2018-06-05,2019-07-29,OTHER,1,1,1
NCT03011372,PHASE2,47,ACTUAL,2017-04-25,2024-10-30,INDUSTRY,1,33,11
NCT02395172,PHASE3,792,ACTUAL,2015-03-24,2017-11-22,INDUSTRY,1,260,29
NCT02105272,PHASE3,237,ACTUAL,2014-04,2015-03,INDUSTRY,2,1,1
NCT00995839,PHASE2|PHASE3,60,ACTUAL,2008-11,2010-02,OTHER,2,1,1
NCT01722539,PHASE3,616,ACTUAL,2012-11,2013-11,OTHER,1,1,1
NCT02979639,PHASE3,404,ACTUAL,2017-01-16,2017-04-12,INDUSTRY,1,11,1
NCT04678739,PHASE3,205,ACTUAL,2020-08-15,2021-01-30,OTHER_GOV,2,4,1
NCT01622439,PHASE1|PHASE2,50,ACTUAL,2012-06,2018-03,OTHER,1,1,1
NCT06055075,PHASE1|PHASE2,19,ACTUAL,2023-12-12,2025-07-08,INDUSTRY,1,7,6
NCT01107275,PHASE3,703,ACTUAL,2002-11,2004-11,OTHER_GOV,1,1,1
NCT01072175,PHASE2,430,ACTUAL,2010-03-26,2012-05-31,INDUSTRY,1,15,2
NCT01884012,PHASE3,30,ACTUAL,2013-05,2017-03,OTHER,1,1,1
NCT01261312,PHASE1|PHASE2,414,ACTUAL,2011-01-04,2016-07-22,INDUSTRY,3,16,2
NCT02340481,PHASE3,217,ACTUAL,2005-07,2006-05,INDUSTRY,1,4,1
NCT00102219,PHASE2,77,ACTUAL,2004-10,,INDUSTRY,1,12,7
NCT02951819,PHASE2,101,ACTUAL,2016-11-09,2018-03-08,INDUSTRY,1,26,1
NCT00527930,PHASE2,87,ACTUAL,2007-09,2013-10,OTHER,1,1,1
NCT06342830,PHASE2,60,ACTUAL,2024-06-20,2025-09-20,OTHER,1,1,1
NCT02277730,PHASE2|PHASE3,252,ACTUAL,2013-05,2017-11,OTHER_GOV,1,1,1
NCT01736228,PHASE2,14,ACTUAL,2012-11,2014-12,INDUSTRY,1,1,1
NCT01091428,PHASE2,191,ACTUAL,2010-04-16,2014-08-12,INDUSTRY,4,4,1
NCT00284128,PHASE2|PHASE3,1940,ACTUAL,2005-12,2008-03,INDUSTRY,1,21,21
NCT00329628,PHASE3,4541,ACTUAL,2006-02,2007-03,INDUSTRY,1,215,28
NCT00002865,PHASE2,25,ACTUAL,1995-04,2000-06,OTHER,1,1,1
NCT03745820,PHASE2,195,ACTUAL,2018-11-15,2022-03-23,INDUSTRY,1,60,5
NCT00098020,PHASE2,12,ACTUAL,2004-11-26,2016-06-27,NIH,2,1,1
NCT02923882,PHASE2,1300,ACTUAL,2013-04,2014-02,OTHER,2,0,0
NCT00166582,PHASE2,60,,2002-04,,NIH,1,2,1
NCT02528682,PHASE1|PHASE2,10,ACTUAL,2016-01,2021-03-31,OTHER,1,1,1
NCT00067782,PHASE3,,,2002-12,2005-03,INDUSTRY,1,19,1
NCT00843024,PHASE3,589,ACTUAL,2008-12,2010-05,INDUSTRY,1,79,1
NCT03003624,PHASE3,30,ACTUAL,2015-03,2016-03,OTHER,1,1,1
NCT00758524,PHASE2,628,ACTUAL,2008-09-11,2009-07-02,INDUSTRY,1,1,1
NCT00146224,PHASE3,420,ESTIMATED,2005-09,2007-01,INDUSTRY,1,0,0
NCT01165424,PHASE3,80,ACTUAL,2010-04,2010-12,INDUSTRY,1,0,0
NCT01480323,PHASE2,15,ACTUAL,2012-02,2014-09,OTHER,1,1,1
NCT03205423,PHASE2,17,ACTUAL,2017-08-01,2021-06-30,OTHER,2,1,1
NCT03714659,PHASE2,20,ACTUAL,2017-01-01,2018-03-01,INDUSTRY,2,0,0
NCT00574379,PHASE2,805,ACTUAL,2007-12,2008-03,INDUSTRY,4,13,1
NCT03617679,PHASE2,79,ACTUAL,2019-03-06,2023-10-31,OTHER,1,1,1
NCT02009579,PHASE2,120,ACTUAL,2014-03,2021-01,OTHER,1,32,4
NCT01966679,PHASE2,40,ACTUAL,2013-10,2015-07,OTHER,1,3,1
NCT04071379,PHASE3,220,ACTUAL,2020-10-13,2021-04-06,INDUSTRY,2,3,1
NCT01805596,PHASE3,45,ESTIMATED,2013-04,2016-02,OTHER,2,1,1
NCT01150162,PHASE3,129,ACTUAL,2010-10,2012-06,INDUSTRY,1,3,1
NCT01000662,PHASE3,412,ACTUAL,2009-03,2012-07,OTHER,1,3,1
NCT00904462,PHASE2,224,ACTUAL,2004-08,2005-09,INDUSTRY,1,24,1
NCT02732262,PHASE3,134,ACTUAL,2016-04,2018-07,OTHER,1,1,1
NCT02108262,PHASE2,1267,ACTUAL,2014-08,2015-12,INDUSTRY,1,189,16
NCT00451646,PHASE3,75,ACTUAL,2007-10,2008-10,INDUSTRY,1,12,7
NCT01732146,PHASE3,120,ACTUAL,2013-03-28,2017-02-14,OTHER,1,1,1
NCT04848688,PHASE3,332,ACTUAL,2022-02-05,2022-07-17,OTHER,1,1,1
NCT05054803,PHASE1|PHASE2,18,ACTUAL,2021-10-13,2024-01-20,OTHER,1,2,1
NCT04996797,PHASE2,178,ACTUAL,2021-07-14,2023-06-06,INDUSTRY,1,88,12
NCT02131597,PHASE2,100,ACTUAL,2014-11-10,2024-07-25,OTHER,1,1,1
NCT00385710,PHASE2,28,ACTUAL,2006-11,2010-07,OTHER,1,4,1
NCT00242710,PHASE3,1083,ACTUAL,2005-09,2008-09,INDUSTRY,2,9,1
NCT00069160,PHASE2,48,ACTUAL,2003-09,2009-12,NIH,4,1,1
NCT06228820,PHASE2,48,ACTUAL,2024-01-15,2024-12-15,OTHER,1,1,1
NCT04907682,PHASE2,40,ACTUAL,2021-07-30,2022-11-10,OTHER_GOV,1,2,1
NCT03901482,PHASE3,1201,ACTUAL,2019-06-24,2020-07-31,INDUSTRY,3,117,1
NCT00165282,PHASE2|PHASE3,241,ACTUAL,2005-04,2010-01,OTHER,3,3,1
NCT00726882,PHASE2,35,ACTUAL,2008-08,2010-05,INDUSTRY,1,7,2
NCT03896724,PHASE1|PHASE2,450,ACTUAL,2019-05-07,2023-07-07,OTHER,1,1,1
NCT04093024,PHASE3,39,ACTUAL,2019-12-03,2022-05-24,INDUSTRY,1,43,21
NCT03317223,PHASE3,350,ACTUAL,2017-10-17,2019-01-21,INDUSTRY,1,1,1
NCT00228059,PHASE3,132,ACTUAL,2005-01,2007-07,INDUSTRY,1,1,1
NCT06720259,PHASE2,163,ACTUAL,2025-04-16,2025-05-28,OTHER,3,1,1
NCT00601159,PHASE2,70,ACTUAL,2007-09,2010-05,OTHER,1,1,1
NCT04401280,PHASE3,60,ACTUAL,2020-06-01,2021-06-30,OTHER,1,1,1
NCT00255580,PHASE1|PHASE2,28,ACTUAL,2001-09,2006-11,OTHER,1,1,1
NCT02767479,PHASE3,200,ACTUAL,2012-07,2016-04,OTHER,1,1,1
NCT04591379,PHASE2,10,ACTUAL,2021-02-26,2021-09-22,OTHER,1,1,1
NCT02838979,PHASE2,11,ACTUAL,2016-02-25,2017-10-01,OTHER,5,1,1
NCT02263079,PHASE3,62,ACTUAL,2014-06-16,2020-01-29,INDUSTRY,1,25,12
NCT05171179,PHASE3,60,ACTUAL,2021-10-22,2025-05-01,OTHER,1,1,1
NCT00593879,PHASE2,450,ACTUAL,2005-02,,INDUSTRY,1,0,0
NCT00370396,PHASE3,1200,ACTUAL,2006-09-25,2007-06-04,INDUSTRY,1,35,3
NCT04068896,PHASE1|PHASE2,89,ACTUAL,2019-10-16,2023-09-21,INDUSTRY,11,20,1
NCT00268762,PHASE1|PHASE2,65,ACTUAL,2003-02,2010-08,OTHER,1,6,1
NCT01225562,PHASE3,21379,ACTUAL,2010-10,2014-12,INDUSTRY,4,826,31
NCT02329327,PHASE3,479,ACTUAL,2015-04-10,2020-09-24,INDUSTRY,1,87,9
NCT02913261,PHASE3,310,ACTUAL,2017-03-10,2019-06-24,INDUSTRY,1,103,22
NCT02606461,PHASE2|PHASE3,342,ACTUAL,2016-01-04,2020-10-28,INDUSTRY,1,71,10
NCT00172042,PHASE3,437,ACTUAL,2005-03,2010-05,INDUSTRY,1,69,15
NCT01785186,PHASE2,365,ACTUAL,2013-04,2014-09,OTHER,1,7,2
NCT00387127,PHASE2,67,ACTUAL,2006-11,2009-06,INDUSTRY,1,30,9
NCT03876327,PHASE2|PHASE3,10,ACTUAL,2015-08-19,2019-12-30,OTHER,1,1,1
NCT01671670,PHASE2|PHASE3,200,ACTUAL,2012-09,2014-06,OTHER,2,1,1
NCT02083770,PHASE3,1034,ACTUAL,2010-03,2018-08,OTHER,1,1,1
NCT00047073,PHASE1|PHASE2,13,ACTUAL,2002-07,2005-06,OTHER,1,1,1
NCT02964273,PHASE3,91,ACTUAL,2016-09-23,2021-11-17,INDUSTRY,1,20,4
NCT00235469,PHASE2|PHASE3,496,ACTUAL,2004-04,2005-06,INDUSTRY,1,1,1
NCT02914769,PHASE1|PHASE2,35,ACTUAL,2014-02,2016-12,OTHER,1,1,1
NCT05410873,PHASE2,53,ACTUAL,2022-07-26,2024-06-19,OTHER,1,1,1
NCT00369473,PHASE2,690,ACTUAL,2006-09,2008-06,INDUSTRY,1,0,0
NCT00711269,PHASE3,460,ACTUAL,2008-06-27,2010-04-27,INDUSTRY,1,3,3
NCT02499783,PHASE3,205,ACTUAL,2015-08-17,2017-05-19,INDUSTRY,1,0,0
NCT05035641,PHASE2,113,ACTUAL,2021-10-18,2023-07-05,INDUSTRY,1,8,2
NCT02603705,PHASE3,281,ACTUAL,2016-03-07,2017-06-15,INDUSTRY,1,39,1
NCT00257166,PHASE3,238,ACTUAL,2006-01,2007-07,INDUSTRY,1,50,1
NCT02671266,PHASE2,41,ACTUAL,2014-12,2017-10,OTHER,2,1,1
NCT00391222,PHASE3,585,ACTUAL,2006-11,2009-04,INDUSTRY,1,63,15
NCT00283751,PHASE3,583,ACTUAL,2003-03,2004-11,INDUSTRY,2,96,7
NCT01611051,PHASE3,330,ESTIMATED,2012-03,2013-01,INDUSTRY,3,1,1
NCT01127451,PHASE2,75,ACTUAL,2010-06-22,2015-04-07,INDUSTRY,2,10,1
NCT02757651,PHASE1|PHASE2,12,ACTUAL,2017-01-19,2020-11-12,OTHER,1,1,1
NCT00482729,PHASE3,1246,ACTUAL,2007-06-19,2008-11-03,INDUSTRY,1,0,0
NCT03638622,PHASE1|PHASE2,30,ACTUAL,2017-03-10,2020-10-12,OTHER,1,1,1
NCT03971422,PHASE3,200,ACTUAL,2019-06-03,2021-08-31,INDUSTRY,1,112,17
NCT01986322,PHASE2,220,ACTUAL,2011-07,2012-01,INDUSTRY,1,3,1
NCT00620451,PHASE2,105,ACTUAL,2008-02,2009-07,INDUSTRY,1,33,3
NCT00005851,PHASE1|PHASE2,11,ACTUAL,2000-02,2004-07,OTHER,2,6,1
NCT04074551,PHASE3,145,ACTUAL,2019-07-16,2020-03-17,INDUSTRY,2,1,1
NCT00127751,PHASE2,150,,2000-05,,OTHER,4,1,1
NCT04659161,PHASE3,252,ACTUAL,2020-12-16,2022-05-24,INDUSTRY,2,22,1
NCT04497142,PHASE1|PHASE2,12,ACTUAL,2020-11-05,2023-05-16,OTHER,3,1,1
NCT05048342,PHASE3,71,ACTUAL,2022-01-15,2023-12-08,INDUSTRY,1,13,1
NCT01475942,PHASE2,104,ACTUAL,2011-01,2013-06,INDUSTRY,1,1,1
NCT00008242,PHASE2,,,2000-08,2006-01,OTHER,1,1,1
NCT00217386,PHASE2,30,ESTIMATED,2004-03,2007-12,OTHER,3,4,1
NCT00037986,PHASE2,330,ESTIMATED,2001-07,2004-05,FED,1,1,1
NCT00947427,PHASE2,71,ACTUAL,2010-10,2013-04,NIH,4,12,2
NCT00888927,PHASE1|PHASE2,42,ACTUAL,2009-05,2012-09,INDUSTRY,1,5,1
NCT02839642,PHASE3,106,ACTUAL,2016-07-26,2022-06-03,OTHER,1,1,1
NCT01048242,PHASE3,27,ACTUAL,2006-07,2009-03,OTHER,2,1,1
NCT01001286,PHASE2,200,ESTIMATED,2009-10,2010-05,OTHER,3,6,1
NCT03919669,PHASE2,27,ACTUAL,2019-04-02,2022-05-19,OTHER,2,1,1
NCT03941769,PHASE1|PHASE2,1,ACTUAL,2020-09-29,2023-03-01,OTHER,5,1,1
NCT00922441,PHASE2,92,ACTUAL,2008-12,2009-08,INDUSTRY,1,0,0
NCT00005941,PHASE2,,,1999-11,2005-06,OTHER,2,1,1
NCT02156154,PHASE3,580,ACTUAL,2014-12,2019-03,OTHER,1,1,1
NCT00590954,PHASE2,32,ACTUAL,2006-05,2019-11-11,OTHER,4,1,1
NCT02504554,PHASE1|PHASE2,18,ACTUAL,2014-07,2016-04,OTHER,2,0,0
NCT00001066,PHASE2,740,,,2001-01,NIH,1,91,2
NCT00090766,PHASE2|PHASE3,63,ACTUAL,2004-05,2005-05,INDUSTRY,1,17,7
NCT00238056,PHASE2,,,,,OTHER,1,1,1
NCT00531622,PHASE3,643,ACTUAL,2007-09,2009-01,INDUSTRY,1,6,6
NCT00052351,PHASE2,,,2002-09,,NIH,1,2,1
NCT01162551,PHASE2,5,ACTUAL,2010-05,2017-02,OTHER,3,1,1
NCT00236951,PHASE3,224,ACTUAL,2003-02,2005-10,INDUSTRY,1,0,0
NCT00913627,PHASE2,196,ACTUAL,2009-05-07,2009-08-01,INDUSTRY,1,1,1
NCT00000242,PHASE2,0,,1992-10-01,1997-01-25,OTHER,2,1,1
NCT02054286,PHASE1|PHASE2,38,ACTUAL,2012-12,2014-08,INDUSTRY,1,11,2
NCT00542386,PHASE3,642,ACTUAL,2007-12,2009-11,INDUSTRY,4,73,8
NCT02068027,PHASE2,260,ACTUAL,2014-03,2015-03,INDUSTRY,3,23,1
NCT00483327,PHASE2,31,ACTUAL,2007-06,2013-10,OTHER,2,2,1
NCT01501942,PHASE2,11,ACTUAL,2012-02,2013-02,INDUSTRY,1,2,1
NCT00081770,PHASE3,4469,ACTUAL,2004-03,2007-11,INDUSTRY,1,0,0
NCT05514873,PHASE3,26,ACTUAL,2022-10-31,2024-03-13,INDUSTRY,1,12,1
NCT02947269,PHASE3,150,ACTUAL,2017-10-25,2020-08-30,OTHER,3,1,1
NCT00316173,PHASE2,77,ACTUAL,2005-03,2009-01,INDUSTRY,2,22,2
NCT03140969,PHASE1|PHASE2,11,ACTUAL,2017-10-16,2019-10-02,INDUSTRY,1,3,2
NCT00697554,PHASE3,93,ACTUAL,2000-01,2002-05,INDUSTRY,1,0,0
NCT00195754,PHASE3,114,ACTUAL,2004-07,,INDUSTRY,1,1,1
NCT00021554,PHASE3,525,,,,INDUSTRY,1,37,9
NCT01299766,PHASE3,221,ACTUAL,2011-06-21,2016-12-13,OTHER,1,1,1
NCT02327156,PHASE3,60,ACTUAL,2014-01,2014-08,OTHER,1,0,0
NCT01653756,PHASE2,50,ACTUAL,2012-07,2014-08,INDUSTRY,1,4,2
NCT00877656,PHASE2|PHASE3,21,ACTUAL,2005-08,2006-01,INDUSTRY,1,0,0
NCT04908722,PHASE3,1609,ACTUAL,2021-06-18,2023-07-10,INDUSTRY,1,43,5
NCT00109122,PHASE2,180,ACTUAL,2001-11,2003-02,INDUSTRY,1,0,0
NCT02032251,PHASE2,71,ACTUAL,2009-12,2010-09,OTHER_GOV,1,1,1
NCT00616551,PHASE3,65,ACTUAL,2007-04,2008-02,INDUSTRY,1,6,6
NCT04463251,PHASE2,102,ACTUAL,2020-12-07,2021-11-03,INDUSTRY,1,11,2
NCT05033561,PHASE3,905,ACTUAL,2021-12-16,2022-05-24,OTHER,1,2,1
NCT00091442,PHASE3,751,ACTUAL,2004-09,2008-12,INDUSTRY,1,147,18
NCT04993586,PHASE1|PHASE2,422,ACTUAL,2021-07-29,2021-12-10,INDUSTRY,1,6,1
NCT01456286,PHASE2|PHASE3,42,ACTUAL,2011-10,2013-10,OTHER,2,2,1
NCT00411203,PHASE3,66,ACTUAL,2003-04,,OTHER,1,1,1
NCT03693170,PHASE2,95,ACTUAL,2019-01-17,2020-06-29,INDUSTRY,1,45,9
NCT00449670,PHASE3,1206,ACTUAL,2007-03-24,2007-07-12,INDUSTRY,2,6,4
NCT00039273,PHASE2,44,ACTUAL,2002-07,2003-05,OTHER,1,1,1
NCT00006169,PHASE3,,,1996-06,,NIH,1,2,1
NCT00422383,PHASE3,378,ACTUAL,2006-02,2013-03,INDUSTRY,1,91,18
NCT01347983,PHASE3,72,ACTUAL,2011-05,2013-03,INDUSTRY,1,12,1
NCT02042183,PHASE3,606,ACTUAL,2013-12-13,2016-07-27,INDUSTRY,1,117,7
NCT01282541,PHASE2,26,ACTUAL,2011-02,2012-09,INDIV,1,1,1
NCT02251041,PHASE2,143,ACTUAL,2014-09,2019-02,OTHER,1,1,1
NCT00779194,PHASE2,99,ACTUAL,2008-10,2015-12,OTHER,1,1,1
NCT00143156,PHASE3,450,,2005-03,,INDUSTRY,1,54,2
NCT01458951,PHASE3,547,ACTUAL,2012-06,2015-05,INDUSTRY,1,182,29
NCT01896635,PHASE2,81,ACTUAL,2013-11,2015-11,OTHER,2,3,1
NCT01306435,PHASE2,40,ACTUAL,2009-11,2010-12,OTHER,1,1,1
NCT02661035,PHASE2,156,ACTUAL,2017-03-09,2023-04-17,OTHER,18,1,1
NCT00239135,PHASE2,34,,2005-09,2005-12,INDUSTRY,1,1,1
NCT01024335,PHASE2|PHASE3,60,ACTUAL,2010-01,2012-12,OTHER,1,1,1
NCT01076335,PHASE2,40,ACTUAL,2005-05,2015-06,OTHER,1,1,1
NCT04364035,PHASE2,50,ACTUAL,2020-02-20,2022-10-03,INDUSTRY,1,9,1
NCT00352235,PHASE1|PHASE2,36,,2003-08,,OTHER,1,1,1
NCT01860976,PHASE3,489,ACTUAL,2013-06-17,2015-07-14,INDUSTRY,1,82,17
NCT01586676,PHASE2|PHASE3,450,ACTUAL,2009-01,2013-09,NIH,2,1,1
NCT00684268,PHASE2,70,ACTUAL,2007-10,2011-02,OTHER,1,1,1
NCT02907268,PHASE2,10,ACTUAL,2013-09,2014-01,OTHER,1,0,0
NCT01955850,PHASE3,90,ACTUAL,2013-10,2014-04,OTHER,1,1,1
NCT06046391,PHASE2,180,ACTUAL,2023-07-06,2023-10-19,INDUSTRY,1,17,1
NCT00224874,PHASE2,180,ACTUAL,2005-09,2009-01,NIH,2,19,1
NCT00004918,PHASE1|PHASE2,69,ESTIMATED,1999-12,2007-12,NIH,7,1,1
NCT00478218,PHASE2,53,ACTUAL,2006-07,2008-09,OTHER,1,2,1
NCT00441090,PHASE2,64,ACTUAL,2007-02,2009-01,INDUSTRY,2,25,1
NCT01461213,PHASE1|PHASE2,14,ACTUAL,2011-10,2017-10,OTHER,1,4,1
NCT00362960,PHASE3,300,,2003-05,,INDUSTRY,4,27,7
NCT00682760,PHASE3,60,ACTUAL,2005-10,2006-02,INDUSTRY,1,1,1
NCT00523913,PHASE3,70,ACTUAL,2005-11,,INDUSTRY,1,1,0
NCT00458913,PHASE2,82,ACTUAL,2007-02,2010-04,NETWORK,1,1,1
NCT02929524,PHASE2|PHASE3,39,ACTUAL,2015-04,2016-10,OTHER,3,0,0
NCT02030535,PHASE2,53,ACTUAL,2014-01,2014-06,INDUSTRY,1,6,1
NCT00512135,PHASE3,801,ACTUAL,2007-06-18,2009-12-28,INDUSTRY,1,25,3
NCT00718835,PHASE2,170,ESTIMATED,2007-06,2013-06,OTHER,1,1,1
NCT00595335,PHASE2|PHASE3,25,ACTUAL,2008-04,2013-03,OTHER,1,1,1
NCT02389608,PHASE1|PHASE2,30,ESTIMATED,2015-01,2016-02,OTHER,1,1,1
NCT02153476,PHASE2,45,ACTUAL,2014-02,2015-06,INDUSTRY,1,5,1
NCT02897076,PHASE3,3250,ACTUAL,2017-01,2020-01-05,OTHER,1,1,1
NCT01805076,PHASE3,319,ACTUAL,2014-05-21,2025-05-27,OTHER,6,179,1
NCT01361776,PHASE2|PHASE3,200,ACTUAL,2011-09,2013-12,OTHER,1,6,2
NCT01199276,PHASE2,256,ACTUAL,2010-09,2014-10,INDUSTRY,1,13,6
NCT00295217,PHASE3,15,,2006-02,,INDUSTRY,2,4,1
NCT00112840,PHASE1|PHASE2,60,ACTUAL,2005-05,2010-08-09,NIH,3,2,1
NCT00190268,PHASE3,126,ACTUAL,2005-02,2008-06,OTHER,1,4,1
NCT03635489,PHASE3,100,ACTUAL,2018-08-15,2021-05-26,INDUSTRY,3,16,1
NCT05135390,PHASE3,545,ACTUAL,2022-06-17,2023-07-27,INDUSTRY,2,2,1
NCT02810418,PHASE1|PHASE2,40,ACTUAL,2016-08-03,2019-01-02,NIH,2,1,1
NCT00388518,PHASE2,332,ACTUAL,2006-11,2008-03,INDUSTRY,1,55,8
NCT04884490,PHASE2|PHASE3,94,ACTUAL,2021-05-15,2021-10-14,OTHER,1,1,1
NCT03191097,PHASE3,310,ACTUAL,2014-08,2014-12,INDUSTRY,4,11,1
NCT01849497,PHASE3,149,ACTUAL,2013-04-18,2013-09-02,INDUSTRY,2,26,2
NCT00829010,PHASE3,489,ACTUAL,2009-02-17,2011-06-13,INDUSTRY,1,1,1
NCT03531060,PHASE1|PHASE2,15,ACTUAL,2016-11-08,2017-04-12,INDUSTRY,1,0,0
NCT04325035,PHASE2,90,ACTUAL,2020-09-28,2024-09-26,INDUSTRY,1,13,4
NCT00135135,PHASE2,23,ACTUAL,2005-08,2007-06,OTHER,1,1,1
NCT00492635,PHASE3,628,ACTUAL,2004-12,2007-09,INDUSTRY,2,86,15
NCT02660008,PHASE2,81,ACTUAL,2016-01,2016-06,INDUSTRY,1,1,1
NCT00838708,PHASE2,62,ACTUAL,2009-01,2009-07,INDUSTRY,1,13,1
NCT00265876,PHASE1|PHASE2,34,ACTUAL,2006-04-26,2009-01-08,NETWORK,1,4,1
NCT02157376,PHASE3,343,ACTUAL,2014-07,2016-02,INDUSTRY,1,15,1
NCT00071617,PHASE2,448,ACTUAL,2002-11,2008-12,OTHER,1,1,1
NCT04507217,PHASE2,36,ACTUAL,2020-09-15,2022-11-15,OTHER,3,2,1
NCT01009840,PHASE2,30,ACTUAL,2010-05-01,2012-03-01,INDUSTRY,1,13,2
NCT01821118,PHASE2,36,ACTUAL,2013-06,2015-09,INDUSTRY,1,13,5
NCT01254890,PHASE1|PHASE2,60,ACTUAL,2011-01,2015-03,OTHER,1,1,1
NCT00403897,PHASE3,81,ACTUAL,2001-08,,INDUSTRY,1,1,1
NCT05523297,PHASE3,420,ACTUAL,2022-11-30,2024-06-27,INDUSTRY,1,13,2
NCT00064610,PHASE1|PHASE2,102,,2002-12,2004-12,INDUSTRY,1,4,1
NCT00268710,PHASE2,,,2004-02,2006-03,INDUSTRY,1,0,0
NCT01808313,PHASE3,134,ACTUAL,2012-12-01,2014-08-15,INDUSTRY,1,12,1
NCT01200420,PHASE2,38,ACTUAL,2010-09,2011-12,INDUSTRY,1,7,6
NCT02322320,PHASE3,273,ACTUAL,2015-03,2019-06-07,NIH,1,42,1
NCT02894008,PHASE2,24,ACTUAL,2016-11,2019-09-30,OTHER,1,1,1
NCT00759408,PHASE2,38,ACTUAL,1999-02,2010-10,OTHER,1,1,1
NCT00087425,PHASE2,48,ESTIMATED,2004-07,2007-10,NIH,2,1,1
NCT03458325,PHASE3,27,ACTUAL,2020-11-12,2021-06-24,INDUSTRY,1,8,1
NCT00357825,PHASE2,246,,2006-08,2007-03,INDUSTRY,1,61,1
NCT00128076,PHASE3,275,ACTUAL,2006-08,2014-08,OTHER,2,9,1
NCT04238676,PHASE1|PHASE2,43,ACTUAL,2020-01-20,2024-12-09,INDUSTRY,1,10,4
NCT01998776,PHASE2|PHASE3,82,ACTUAL,2013-04,2018-01-22,OTHER,1,2,2
NCT01996189,PHASE2,50,ACTUAL,2012-05,2013-03,OTHER,1,1,1
NCT00733850,PHASE2,85,ACTUAL,2008-08,2014-06,INDUSTRY,1,42,1
NCT06206291,PHASE2,76,ACTUAL,2023-10-04,2024-04-04,OTHER,1,1,1
NCT02569710,PHASE2,161,ACTUAL,2015-10-31,2018-05-11,INDUSTRY,1,11,4
NCT00378313,PHASE2,76,,2001-11,,NETWORK,6,1,1
NCT02025660,PHASE2|PHASE3,50,ACTUAL,2013-08,2014-02,OTHER,3,1,1
NCT02242760,PHASE2,213,ACTUAL,2014-11,2015-06,INDUSTRY,1,20,1
NCT01192360,PHASE3,16,ACTUAL,2010-09,2012-12,OTHER,3,1,1
NCT00006020,PHASE2,35,ESTIMATED,2000-07,2004-06,NETWORK,1,107,1
NCT03433482,PHASE2,1707,ACTUAL,2018-08-30,2019-07-26,INDUSTRY,1,49,9
NCT00352625,PHASE3,330,,2006-06,2007-02,OTHER,2,1,1
NCT02927925,PHASE2,32,ACTUAL,2017-02-14,2020-01-02,INDUSTRY,1,17,5
NCT02730208,PHASE2,41,ACTUAL,2016-09,2018-07,INDUSTRY,1,9,1
NCT02533908,PHASE3,402,ACTUAL,2015-09-21,2017-10-12,OTHER,3,1,1
NCT01197976,PHASE2,20,ACTUAL,2010-03,2011-09,INDUSTRY,1,3,1
NCT01014676,PHASE3,,,,,INDUSTRY,2,1,1
NCT00278876,PHASE2,47,ACTUAL,2005-04,2007-08,OTHER,2,4,1
NCT01179776,PHASE1|PHASE2,16,ACTUAL,2010-09,2011-05,INDUSTRY,1,1,1
NCT00003576,PHASE3,200,ESTIMATED,1997-01,,OTHER,1,1,1
NCT00800176,PHASE2,394,ACTUAL,2009-01-22,2009-10-28,INDUSTRY,1,67,12
NCT06454240,PHASE2,79,ACTUAL,2024-07-17,2026-01-29,INDUSTRY,1,29,6
NCT04216589,PHASE2,51,ACTUAL,2021-02-19,2023-03-16,NIH,2,9,2
NCT01468168,PHASE2,183,ACTUAL,2011-10,2012-11,INDUSTRY,1,13,1
NCT04098068,PHASE2,12,ACTUAL,2018-01-25,2022-05-15,OTHER,3,3,1
NCT03511391,PHASE2,99,ACTUAL,2018-03-09,2022-02-01,OTHER,5,5,1
NCT02939391,PHASE2,175,ACTUAL,2016-09,2017-11-22,INDUSTRY,1,7,1
NCT00002191,PHASE3,,,,,INDUSTRY,2,6,1
NCT02045797,PHASE2,126,ACTUAL,2014-03-24,2015-06-29,INDUSTRY,1,30,1
NCT04123613,PHASE2,79,ACTUAL,2019-12-17,2022-03-16,INDUSTRY,1,14,1
NCT00696735,PHASE3,172,ACTUAL,1994-06,2003-05,OTHER,1,2,1
NCT03418935,PHASE3,342,ACTUAL,2017-04-03,2020-03-31,INDUSTRY,1,13,1
NCT03135535,PHASE2,30,ACTUAL,2017-05-02,2018-09-09,OTHER,6,1,1
NCT04637425,PHASE3,70,ACTUAL,2018-04-22,2020-08-31,OTHER,1,1,1
NCT00077935,PHASE3,351,ACTUAL,2003-11,2005-07,INDUSTRY,1,34,1
NCT06547125,PHASE2|PHASE3,135,ACTUAL,2024-07-18,2026-02-05,INDUSTRY,1,6,1
NCT01370525,PHASE3,340,ACTUAL,2011-08,2011-10,INDUSTRY,1,10,1
NCT01028417,PHASE3,60,ACTUAL,2010-01,2012-06,OTHER,1,1,1
NCT02175017,PHASE2,104,ACTUAL,2014-06,2015-11,INDUSTRY,1,10,1
NCT00000389,PHASE3,,,1996-10,,NIH,5,0,0
NCT00816868,PHASE2,62,ACTUAL,2009-01,2010-05,OTHER,1,1,1
NCT01080391,PHASE3,792,ACTUAL,2010-07-14,2014-06-16,INDUSTRY,1,127,20
NCT02841774,PHASE2,10,ACTUAL,2016-11,2021-06,OTHER,2,1,1
NCT04968574,PHASE2,41,ACTUAL,2021-08-26,2023-11-30,INDUSTRY,1,24,5
NCT02996474,PHASE1|PHASE2,10,ACTUAL,2016-12-16,2019-04-02,NIH,1,1,1
NCT03517618,PHASE2,41,ACTUAL,2014-07-05,2015-06-18,INDUSTRY,1,1,1
NCT00066690,PHASE3,3066,ACTUAL,2003-12-17,2014-05,NETWORK,8,500,3
NCT00944697,PHASE2,98,ACTUAL,2009-07,2010-03,INDUSTRY,1,1,1
NCT00079560,PHASE1|PHASE2,30,ACTUAL,2001-12,2004-08,NIH,1,1,1
NCT00880360,PHASE2,19,ACTUAL,2007-02,2010-04,OTHER,3,1,1
NCT01266460,PHASE2,54,ACTUAL,2011-05-23,2018-10-02,NETWORK,4,24,1
NCT02653313,PHASE1|PHASE2,7,ACTUAL,2015-12,2018-05,INDUSTRY,1,1,1
NCT01419535,PHASE1|PHASE2,19,ACTUAL,2011-11-29,2015-11-24,NIH,2,1,1
NCT01441635,PHASE2,271,ACTUAL,2011-09-08,2013-11,INDUSTRY,2,0,0
NCT02608476,PHASE3,732,ACTUAL,2015-11-16,2018-02-21,INDUSTRY,1,52,6
NCT00079976,PHASE3,174,ACTUAL,2003-10,2005-06,INDUSTRY,4,0,0
NCT00003776,PHASE2,,,1998-12,2000-03,OTHER,1,1,1
NCT00839176,PHASE2,118,ACTUAL,2009-01,2009-09,INDUSTRY,1,3,1
NCT01672476,PHASE3,293,ACTUAL,2012-04,2013-03,INDUSTRY,1,1,1
NCT02302417,PHASE2,1215,ACTUAL,2015-01-01,2015-05-01,INDUSTRY,1,42,5
NCT02795117,PHASE3,486,ACTUAL,2016-05,2017-02,INDUSTRY,1,0,0
NCT02906917,PHASE3,532,ACTUAL,2016-09-20,2017-08-31,INDUSTRY,2,71,7
NCT00141817,PHASE3,41,ACTUAL,2005-08,2007-11,INDUSTRY,1,23,1
NCT00346840,PHASE2,124,ACTUAL,2003-06,2004-02,INDUSTRY,2,6,1
NCT04246489,PHASE2,146,ACTUAL,2020-03-30,2022-04-05,INDUSTRY,1,73,12
NCT00612768,PHASE2,50,ACTUAL,2008-01,2008-12,INDUSTRY,1,4,1
NCT01172691,PHASE2,23,ACTUAL,2010-07,2014-01-22,OTHER,1,1,1
NCT03148574,PHASE3,240,ACTUAL,2017-07-02,2019-09-15,OTHER,1,1,1
NCT01450774,PHASE3,72,ACTUAL,2011-09,2013-11,INDUSTRY,1,1,1
NCT00462774,PHASE2|PHASE3,60,ACTUAL,2007-04,2011-06,OTHER,4,1,1
NCT04560660,PHASE2,75,ACTUAL,2021-03-09,2025-07-01,FED,1,1,1
NCT02114060,PHASE2,310,ACTUAL,2014-07,2016-02,INDUSTRY,1,16,1
NCT02618408,PHASE3,333,ACTUAL,2016-01-25,2019-09-04,INDUSTRY,1,28,1
NCT00160225,PHASE2,,,2005-07,,INDUSTRY,1,1,1
NCT04128917,PHASE3,102,ACTUAL,2020-01-21,2020-12-21,INDUSTRY,1,1,1
NCT00254540,PHASE2,51,ACTUAL,2005-12,2009-02,INDUSTRY,1,11,1
NCT01947491,PHASE3,394,ACTUAL,2013-11,2015-01,INDUSTRY,1,40,1
NCT00679991,PHASE1|PHASE2,66,ACTUAL,2008-11,2011-07,INDUSTRY,1,11,1
NCT06766474,PHASE2,90,ACTUAL,2023-03-01,2024-10-15,OTHER,2,1,1
NCT05137418,PHASE3,1000,ACTUAL,2021-11-27,2023-01-27,INDUSTRY,1,1,1
NCT00644618,PHASE3,120,ACTUAL,2003-01,2007-12,OTHER,1,0,0
NCT04889118,PHASE3,131,ACTUAL,2020-07-14,2023-01-18,INDUSTRY,1,11,1
NCT00002390,PHASE2,,,,,INDUSTRY,1,6,2
NCT00052390,PHASE2,,,2002-10,,OTHER,1,3,1
NCT02388490,PHASE2,25,ACTUAL,2016-03-25,2019-04-02,OTHER,1,3,1
NCT00585390,PHASE2|PHASE3,0,ACTUAL,2008-01,2009-11,OTHER,2,1,1
NCT01559090,PHASE2,17,ACTUAL,2012-04-20,2014-08-19,INDUSTRY,1,6,1
NCT00114790,PHASE1|PHASE2,30,ACTUAL,2003-12,2008-10,INDUSTRY,1,1,1
NCT04380090,PHASE2,154,ACTUAL,2020-02-21,2020-07-15,OTHER,1,1,1
NCT00221390,PHASE2,52,ESTIMATED,2003-10,2007-02,OTHER,2,1,1
NCT01137890,PHASE1|PHASE2,19,ACTUAL,2010-06,2012-03,OTHER,1,1,1
NCT02447497,PHASE2,27,ACTUAL,2015-03,2015-04,INDUSTRY,1,1,1
NCT02255513,PHASE3,43,ACTUAL,2014-05,2014-10,OTHER,1,4,1
NCT02324335,PHASE2,61,ACTUAL,2014-08-14,2017-10-25,INDUSTRY,2,16,1
NCT06798935,PHASE2,21,ACTUAL,2019-01-11,2024-09-04,OTHER,2,1,1
NCT01124435,PHASE2,45,ACTUAL,2003-10,2007-09,OTHER,1,1,1
NCT00152035,PHASE3,505,ACTUAL,2005-03-10,2006-11-07,INDUSTRY,1,0,0
NCT00175435,PHASE1|PHASE2,39,ACTUAL,2005-08,2007-04,OTHER,1,1,1
NCT00739635,PHASE3,411,ACTUAL,2008-09,2010-02,INDUSTRY,1,54,5
NCT02267525,PHASE2,233,ACTUAL,2014-12,2017-06,INDUSTRY,1,0,0
NCT00247676,PHASE2,37,ACTUAL,2006-02,2008-02,INDUSTRY,2,8,3
NCT00508976,PHASE2,100,ACTUAL,2007-06,2008-04,OTHER,2,1,1
NCT03378076,PHASE2,24,ACTUAL,2017-12-06,2018-03-14,INDUSTRY,1,3,1
NCT00032617,PHASE3,284,ACTUAL,2002-08,2006-04,FED,1,13,1
NCT00330317,PHASE3,300,ACTUAL,2006-02,2010-03,INDUSTRY,1,20,1
NCT04439240,PHASE2,52,ACTUAL,2016-05-31,2019-06-06,NIH,6,1,1
NCT05291689,PHASE2,39,ACTUAL,2022-04-13,2023-10-18,INDUSTRY,2,17,2
NCT03431168,PHASE2,308,ACTUAL,2018-03-07,2021-01-01,OTHER,3,1,1
NCT02733068,PHASE3,12000,ACTUAL,2014-11-02,2019-07-30,INDUSTRY,3,0,0
NCT01894750,PHASE1|PHASE2,75,ACTUAL,2010-06,2014-09,OTHER,1,2,1
NCT04379050,PHASE3,130,ACTUAL,2020-06-08,2026-04-17,INDUSTRY,1,51,13
NCT00566618,PHASE1|PHASE2,31,ACTUAL,2007-11-01,2020-11-17,OTHER,2,3,1
NCT04109118,PHASE2,4,ACTUAL,2021-03-18,2021-07-08,OTHER,1,1,1
NCT01715597,PHASE3,50,ACTUAL,2012-12,2017-10,OTHER,1,1,1
NCT00224510,PHASE3,120,ACTUAL,2002-08,2006-09,INDUSTRY,2,31,2
NCT02472535,PHASE2,13,ACTUAL,2015-04,2016-02,INDUSTRY,1,5,4
NCT00032708,PHASE2,90,,2004-04,,NIH,1,1,1
NCT01812525,PHASE3,120,ACTUAL,2013-03,2016-04,OTHER,1,1,1
NCT02320825,PHASE3,16,ACTUAL,2014-12-16,2018-07-26,OTHER,1,4,1
NCT01940276,PHASE2,100,ACTUAL,2013-10,2019-10-08,OTHER,1,14,1
NCT02718976,PHASE2,22,ACTUAL,2016-03,2016-04,OTHER,3,0,0
NCT04192617,PHASE2,156,ACTUAL,2014-12-31,2016-02-03,INDUSTRY,1,1,1
NCT03004417,PHASE2,61,ACTUAL,2016-10-31,2017-12-28,INDUSTRY,1,1,1
NCT03994640,PHASE2|PHASE3,20,ACTUAL,2018-01-01,2018-10-01,OTHER,4,1,1
NCT01171989,PHASE2,391,ACTUAL,2010-08-18,2010-12-03,INDUSTRY,7,9,1
NCT01222091,PHASE2,10,ACTUAL,2009-02,2011-05,OTHER,1,1,1
NCT01780974,PHASE1|PHASE2,42,ACTUAL,2013-04,2015-10,OTHER,1,2,1
NCT01903018,PHASE2,73,ACTUAL,2012-07,2014-03,INDUSTRY,1,7,1
NCT02010918,PHASE3,922,ACTUAL,2009-02,2010-11,INDUSTRY,1,1,1
NCT03877718,PHASE2,475,ACTUAL,2019-02-01,2019-08-27,INDUSTRY,5,3,1
NCT00345618,PHASE3,3202,ACTUAL,2006-06,2010-10,INDUSTRY,2,38,38
NCT00751790,PHASE3,120,ACTUAL,2006-07,2007-08,INDUSTRY,1,1,1
NCT00424203,PHASE2,40,ACTUAL,2006-01,2008-01,OTHER,5,17,1
NCT03855527,PHASE2,60,ACTUAL,2018-01-12,2019-01-18,OTHER,1,1,1
NCT00438061,PHASE3,40,,1995-01,,OTHER,3,1,1
NCT00219661,PHASE3,440,,2003-06,,OTHER,1,4,1
NCT00089661,PHASE3,252,ACTUAL,2004-10-01,2007-05-11,INDUSTRY,3,0,0
NCT04950127,PHASE3,238,ACTUAL,2021-08-27,2024-10-28,INDUSTRY,1,114,19
NCT00803686,PHASE2,12,ACTUAL,2008-12,2009-01,INDUSTRY,1,1,1
NCT03782103,PHASE3,156,ACTUAL,2019-01-25,2019-05-12,INDUSTRY,1,1,1
NCT00333827,PHASE3,115,ACTUAL,2006-01,2012-12,OTHER_GOV,1,1,1
NCT01487161,PHASE2,229,ACTUAL,2012-06,2013-04,INDUSTRY,1,21,3
NCT03967470,PHASE2,67,ACTUAL,2018-10-01,2022-12-30,OTHER,1,1,1
NCT00424086,PHASE1|PHASE2,1000,ESTIMATED,2007-01,,INDUSTRY,1,8,3
NCT01396070,PHASE2,36,ACTUAL,2011-05,2015-04,OTHER,5,1,1
NCT03859141,PHASE3,2340,ACTUAL,2018-02-06,2018-04-17,INDUSTRY,1,2,1
NCT02014454,PHASE2,23,ACTUAL,2013-11,2014-08,OTHER,1,2,1
NCT02152605,PHASE3,498,ACTUAL,2014-09-01,2015-03-01,INDUSTRY,1,54,7
NCT00930605,PHASE2,16,ACTUAL,2005-01,2006-11,OTHER,1,1,1
NCT02049866,PHASE2,33,ACTUAL,2014-11-19,2020-03-31,OTHER,1,2,1
NCT01692366,PHASE2,8,ACTUAL,2012-11,2014-03,INDUSTRY,1,7,1
NCT01145066,PHASE2,80,ACTUAL,2009-05,2011-03,OTHER,2,1,1
NCT00296361,PHASE3,634,ACTUAL,2004-10,2006-07,INDUSTRY,1,59,14
NCT03916042,PHASE2,206,ACTUAL,2019-04-23,2019-11-22,INDUSTRY,1,1,1
NCT03568942,PHASE2,22,ACTUAL,2018-07-23,2019-01-07,INDUSTRY,1,1,1
NCT03366142,PHASE1|PHASE2,6,ACTUAL,2018-07-02,2024-10-16,NIH,1,1,1
NCT00641186,PHASE2,30,ACTUAL,2004-09,2008-07,OTHER,1,0,0
NCT01049386,PHASE2,16,ACTUAL,2010-01,2010-02,OTHER,1,1,1
NCT01913886,PHASE1|PHASE2,10,ACTUAL,2010-01,2013-09,OTHER,1,1,1
NCT01378286,PHASE3,380,ACTUAL,2012-01,2013-06,INDUSTRY,1,1,1
NCT02474186,PHASE2,41,ACTUAL,2003-04,2015-07,OTHER,3,0,0
NCT00246883,PHASE2,120,,2005-10-26,,NIH,1,1,1
NCT00800683,PHASE3,133,ACTUAL,2008-12,2011-01,INDUSTRY,1,53,6
NCT06272383,PHASE3,50,ACTUAL,2024-06-05,2025-01-28,OTHER,1,1,1
NCT01260883,PHASE3,77,ACTUAL,2000-05,2008-03,OTHER,1,1,1
NCT00060983,PHASE2,36,,1998-05,,NIH,1,1,1
NCT00259454,PHASE3,278,ESTIMATED,2005-06,2009-04,OTHER,1,1,1
NCT00875394,PHASE3,68,ACTUAL,2007-02-01,2008-06-27,INDUSTRY,1,0,0
NCT01472822,PHASE2|PHASE3,60,ACTUAL,2011-03,2011-06,OTHER,1,1,1
NCT00300261,PHASE3,216,ACTUAL,2005-09,2010-06,OTHER,1,1,1
NCT03340961,PHASE2,205,ACTUAL,2017-10-01,2018-11-07,INDUSTRY,1,14,1
NCT00529542,PHASE2,20,ACTUAL,2004-12,2010-08,OTHER,1,1,1
NCT00316303,PHASE2,236,ACTUAL,2006-02,2009-04,OTHER,6,1,1
NCT01894061,PHASE2,25,ACTUAL,2013-09-18,2019-07-01,OTHER,4,3,1
NCT00386542,PHASE1|PHASE2,450,ACTUAL,2006-10,2009-11,FED,1,1,1
NCT01150942,PHASE3,205,ACTUAL,2010-08,2012-09,INDUSTRY,1,1,1
NCT01713842,PHASE2,21,ACTUAL,2012-07,2014-10,OTHER,1,3,1
NCT04644627,PHASE1|PHASE2,4,ACTUAL,2020-12-01,2022-01-11,OTHER,1,1,1
NCT00478361,PHASE2,40,ACTUAL,2007-04,2015-06,OTHER,11,2,1
NCT00068861,PHASE3,678,,2002-11,,NIH,3,11,1
NCT02155361,PHASE1|PHASE2,70,ACTUAL,2014-06,2014-08,OTHER,1,2,1
NCT00761761,PHASE3,60,ACTUAL,2008-10,2011-03,OTHER,3,2,1
NCT03423186,PHASE1|PHASE2,6,ACTUAL,2018-06-19,2019-10-25,INDUSTRY,1,4,3
NCT00115570,PHASE3,572,ACTUAL,2005-04,2006-11,INDUSTRY,1,1,1
NCT02279173,PHASE3,203,ACTUAL,2014-12-10,2018-08-30,INDUSTRY,1,78,17
NCT03281369,PHASE1|PHASE2,214,ACTUAL,2017-10-13,2025-10-09,INDUSTRY,1,28,7
NCT03932669,PHASE2,70,ACTUAL,2018-11-19,2020-08-13,OTHER,2,1,1
NCT00718341,PHASE2,30,ACTUAL,2008-06,2009-02,INDUSTRY,1,3,3
NCT01388205,PHASE3,285,ACTUAL,2011-04,2012-03,OTHER,2,1,1
NCT02709005,PHASE2,109,ACTUAL,2016-04-14,2017-12-11,NIH,1,3,1
NCT02734966,PHASE2,174,ACTUAL,2007-12,2008-12,INDUSTRY,1,8,1
NCT00730366,PHASE3,2766,ACTUAL,2004-03,2006-10,OTHER,1,1,1
NCT00239486,PHASE2,109,,2002-10,2004-04,INDUSTRY,1,1,1
NCT00099970,PHASE2,40,,2004-12,,INDUSTRY,2,7,1
NCT00710970,PHASE2,28,ACTUAL,2007-01,2011-12,OTHER,1,2,2
NCT00618969,PHASE2,2,ACTUAL,2008-02,2013-12,OTHER,4,1,1
NCT00637169,PHASE3,1201,ACTUAL,2006-12,2012-09,OTHER,1,23,6
NCT04452669,PHASE2,11,ACTUAL,2020-09-15,2021-06-29,INDUSTRY,1,1,1
NCT00767169,PHASE2,16,ACTUAL,2008-10,2011-06,OTHER,1,1,1
NCT00075569,PHASE2,64,ACTUAL,2004-03,2005-08,OTHER,2,2,1
NCT00659269,PHASE3,319,ACTUAL,2006-07,2013-06,OTHER,1,5,1
NCT01504841,PHASE1|PHASE2,26,ACTUAL,2013-03-14,2018-07-17,NIH,1,11,3
NCT01715805,PHASE3,1022,ACTUAL,2012-11-15,2016-06-24,INDUSTRY,1,85,2
NCT00783705,PHASE2,85,ACTUAL,2008-11,2014-05,NIH,2,4,2
NCT04847466,PHASE2,18,ACTUAL,2021-12-14,2025-12-22,NIH,2,1,1
NCT05232266,PHASE2|PHASE3,129,ACTUAL,2022-02-10,2023-05-19,INDUSTRY,2,1,1
NCT00361556,PHASE2,240,ESTIMATED,2005-10,2012-09,OTHER,1,1,1
NCT00980356,PHASE2,32,ACTUAL,2009-09,2012-08,OTHER,1,1,1
NCT00001122,PHASE2,74,,,2003-10,NIH,1,2,1
NCT01949051,PHASE2,78,ACTUAL,2013-10-01,2014-02-04,INDUSTRY,1,1,1
NCT02308527,PHASE2,225,ACTUAL,2013-07,2021-08-01,OTHER,1,10,10
NCT00037661,PHASE3,222,ACTUAL,2002-04,2003-03,INDUSTRY,1,0,0
NCT05598242,PHASE3,37,ACTUAL,2019-02-01,2019-09-01,OTHER,2,3,1
NCT00006327,PHASE3,2500,,1999-03,,INDUSTRY,2,1,1
NCT00981227,PHASE2,567,ACTUAL,2007-11,2009-01,INDUSTRY,1,0,0
NCT01887327,PHASE2,91,ACTUAL,2013-10-16,2016-03-22,INDUSTRY,2,18,1
NCT02117427,PHASE1|PHASE2,11,ACTUAL,2014-05-27,2016-06-30,INDUSTRY,2,5,1
NCT03423342,PHASE1|PHASE2,30,ACTUAL,2016-05-19,2019-04-11,OTHER,1,1,1
NCT03266146,PHASE1|PHASE2,90,ACTUAL,2017-09-02,2023-01-31,OTHER,1,1,1
NCT02840461,PHASE3,630,ACTUAL,2016-06,2016-11,INDUSTRY,1,1,1
NCT01949142,PHASE3,266,ACTUAL,2013-11,2014-05,INDUSTRY,1,1,1
NCT01992042,PHASE2,33,ACTUAL,2014-02,2016-10,OTHER,1,1,1
NCT01165242,PHASE2,1013,ACTUAL,2010-08-19,2011-02-25,INDUSTRY,1,32,2
NCT06590870,PHASE3,8,ACTUAL,2024-08-09,2025-02-09,OTHER,1,1,1
NCT00872170,PHASE2|PHASE3,27,ACTUAL,2009-03,2010-06,OTHER,2,1,1
NCT04656470,PHASE2|PHASE3,17,ACTUAL,2022-03-04,2025-05-27,OTHER,2,1,1
NCT00003883,PHASE3,578,ESTIMATED,1998-10,2002-07,OTHER,1,2,1
NCT05008783,PHASE3,610,ACTUAL,2021-09-17,2024-12-06,INDUSTRY,2,7,1
NCT00574769,PHASE1|PHASE2,27,ACTUAL,2010-02-17,2016-02-17,OTHER,1,2,1
NCT00506441,PHASE3,245,ACTUAL,2007-09,2009-09,INDUSTRY,3,39,2
NCT00678054,PHASE2,30,ACTUAL,1999-04,2000-08-11,OTHER,1,1,1
NCT02754141,PHASE1|PHASE2,235,ACTUAL,2016-06-21,2021-10-12,INDUSTRY,1,24,7
NCT02530294,PHASE3,353,ACTUAL,2015-08,2016-04,INDUSTRY,1,20,1
NCT03874494,PHASE3,371,ACTUAL,2019-11-27,2021-08-06,INDUSTRY,1,1,1
NCT00573794,PHASE3,592,ACTUAL,2007-11-28,2016-12,INDUSTRY,1,0,0
NCT03390166,PHASE2|PHASE3,945,ACTUAL,2017-07-24,2018-03-31,OTHER,1,2,1
NCT02207556,PHASE2,32,ACTUAL,2014-10-01,2017-07-31,OTHER,1,1,1
NCT00264160,PHASE2|PHASE3,36,ACTUAL,2006-05,2008-11,INDUSTRY,1,4,1
NCT01113320,PHASE2,26,ACTUAL,2010-04,2011-11,INDUSTRY,1,11,5
NCT04052620,PHASE3,313,ACTUAL,2019-10-24,2020-11-12,INDUSTRY,1,14,1
NCT00336024,PHASE3,91,ACTUAL,2007-10-22,2016-12-31,NETWORK,4,145,4
NCT03624023,PHASE1|PHASE2,10,ACTUAL,2019-12-19,2021-07-09,INDUSTRY,1,2,1
NCT00315523,PHASE3,403,,2006-07,2006-10,INDUSTRY,1,1,1
NCT00879359,PHASE2,15,ACTUAL,2007-12,2012-02,OTHER,1,1,1
NCT03581123,PHASE3,1000,ACTUAL,2018-11-01,2024-06-12,OTHER,2,3,1
NCT00235859,PHASE3,128,ACTUAL,2003-07,,INDUSTRY,1,0,0
NCT00042380,PHASE2,120,,2002-07,,NIH,1,1,1
NCT00645762,PHASE2,71,ACTUAL,2007-09,2010-06,INDUSTRY,1,13,1
NCT05776862,PHASE2,10,ACTUAL,2023-03-27,2025-01-29,OTHER,6,1,1
NCT00934362,PHASE2,16,ACTUAL,2008-10,2010-08,OTHER,1,1,1
NCT00455546,PHASE2,400,ACTUAL,2007-04,,INDUSTRY,1,36,2
NCT01644188,PHASE3,720,ACTUAL,2012-08,2014-05,INDUSTRY,1,126,10
NCT00003888,PHASE3,359,ACTUAL,1999-04,2002-03,NETWORK,1,44,15
NCT00138788,PHASE3,112,ESTIMATED,1996-02,2007-03,OTHER,2,1,1
NCT03512288,PHASE2,460,ACTUAL,2018-04-16,2020-02-11,INDUSTRY,1,39,1
NCT05096403,PHASE3,24,ACTUAL,2022-10-20,2024-05-27,INDUSTRY,1,44,14
NCT00004561,PHASE3,,,1997-06,,NIH,1,0,0
NCT02336542,PHASE2,192,ACTUAL,2014-11,2015-07,INDUSTRY,1,0,0
NCT00418886,PHASE3,698,ACTUAL,2007-01,2008-09,INDUSTRY,2,110,21
NCT01613586,PHASE2,287,ACTUAL,2012-05-31,2014-03-18,INDUSTRY,4,60,12
NCT00516386,PHASE1|PHASE2,16,ACTUAL,2007-03,2008-05,OTHER,1,1,1
NCT01211483,PHASE1|PHASE2,222,ACTUAL,2010-09,2013-10,INDUSTRY,1,52,13
NCT04263454,PHASE2|PHASE3,36,ACTUAL,2020-03-11,2021-12-22,OTHER,1,1,1
NCT03936205,PHASE2|PHASE3,18,ACTUAL,2016-08,2017-10,OTHER,2,0,0
NCT03272594,PHASE3,39,ACTUAL,2017-11-29,2019-01-29,OTHER,2,1,1
NCT03254394,PHASE1|PHASE2,26,ACTUAL,2017-09-15,2020-09-28,OTHER,3,1,1
NCT00000451,PHASE2,198,ACTUAL,2003-01,2005-08,OTHER,2,1,1
NCT02509351,PHASE2|PHASE3,280,ACTUAL,2015-10,2016-11,OTHER,1,1,1
NCT00248651,PHASE2|PHASE3,292,ACTUAL,2006-10,2013-07,OTHER,1,8,2
NCT01412229,PHASE2,40,ACTUAL,2012-02,2015-06-20,OTHER,1,3,1
NCT02249429,PHASE2,53,ACTUAL,2015-05,2018-09-11,INDUSTRY,1,12,6
NCT01691612,PHASE2,14,ACTUAL,2013-03,2015-05,OTHER,1,1,1
NCT00002212,PHASE2,27,,,,INDUSTRY,2,3,1
NCT04577781,PHASE2,28,ACTUAL,2020-10-12,2021-03-26,INDUSTRY,1,9,4
NCT02359019,PHASE2,45,ACTUAL,2015-02,2018-10,OTHER,1,5,1
NCT00771030,PHASE1|PHASE2,40,ACTUAL,2008-10-27,2010-05-25,INDUSTRY,1,0,0
NCT00239330,PHASE3,824,,2003-06,2005-02,INDUSTRY,1,26,1
NCT02266628,PHASE2,1599,ACTUAL,2014-10,2016-03,INDUSTRY,1,10,1
NCT00845065,PHASE3,202,ACTUAL,2009-02,2010-10,INDUSTRY,1,0,0
NCT02147067,PHASE2,26,ACTUAL,2014-09,2018-03,OTHER,1,1,1
NCT01326767,PHASE3,366,ACTUAL,2011-03,2014-12,OTHER,1,11,2
NCT00135200,PHASE2,16,ACTUAL,2005-08,2013-08,OTHER,1,1,1
NCT03548207,PHASE1|PHASE2,126,ACTUAL,2018-06-29,2022-08-23,INDUSTRY,1,21,2
NCT00848211,PHASE1|PHASE2,24,ACTUAL,2009-02,2010-05,INDUSTRY,1,1,1
NCT00337571,PHASE3,218,ACTUAL,2006-06-01,2008-06-01,INDUSTRY,2,31,1
NCT01250171,PHASE2,72,ACTUAL,2010-11,2011-09,INDUSTRY,1,1,1
NCT02265744,PHASE2,730,ACTUAL,2014-11-13,2017-10-26,INDUSTRY,1,121,23
NCT02072434,PHASE3,2199,ACTUAL,2014-03-25,2016-02-03,INDUSTRY,1,228,19
NCT00560560,PHASE2,168,ACTUAL,2007-12,2010-09,INDUSTRY,1,12,3
NCT02357420,PHASE2,393,ACTUAL,2015-01-29,2016-06-09,INDUSTRY,3,98,7
NCT04714320,PHASE2,160,ACTUAL,2021-04-28,2022-06-29,INDUSTRY,1,50,2
NCT01307423,PHASE3,529,ACTUAL,2010-12-09,2013-02-21,INDUSTRY,1,118,18
NCT00384059,PHASE3,286,ACTUAL,2006-10,2008-10,INDUSTRY,1,11,1
NCT03713359,PHASE3,756,ACTUAL,2016-04,2016-07,OTHER_GOV,1,0,0
NCT03406780,PHASE2,20,ACTUAL,2018-04-04,2020-03-10,INDUSTRY,8,9,1
NCT05607680,PHASE3,610,ACTUAL,2022-11-14,2023-08-21,INDUSTRY,1,23,1
NCT06411379,PHASE3,418,ACTUAL,2024-05-14,2025-08-14,INDUSTRY,1,106,12
NCT00004796,PHASE2,16,,1994-11,,NIH,3,0,0
NCT05298696,PHASE1|PHASE2,71,ACTUAL,2022-03-28,2022-10-30,OTHER,2,1,1
NCT02226562,PHASE2,191,ACTUAL,2014-09-02,2014-12-01,INDUSTRY,1,1,1
NCT01653262,PHASE3,29,ACTUAL,2012-07,2013-11,INDUSTRY,1,12,5
NCT00255762,PHASE2,47,ACTUAL,2005-12,2006-12,NIH,2,1,1
NCT01122862,PHASE2,23,ACTUAL,2010-04,2010-05,INDUSTRY,1,1,1
NCT00003546,PHASE2,43,ACTUAL,1998-09,2003-12,OTHER,1,48,1
NCT05346588,PHASE3,300,ACTUAL,2022-09-29,2023-04-16,OTHER,12,4,1
NCT02352103,PHASE3,120,ACTUAL,2015-01,2016-04,OTHER,1,2,1
NCT03027661,PHASE3,41,ACTUAL,2017-08-01,2018-06-30,OTHER,1,1,1
NCT02660242,PHASE2,16,ACTUAL,2016-01,2017-02-15,OTHER,1,2,1
NCT01951586,PHASE2,226,ACTUAL,2013-12-31,2016-07-29,INDUSTRY,1,74,10
NCT01920269,PHASE2|PHASE3,331,ACTUAL,1994-01,2004-12,OTHER,3,1,1
NCT04080869,PHASE2,20,ACTUAL,2020-01-06,2020-08-28,OTHER,1,1,1
NCT01319383,PHASE1|PHASE2,25,ACTUAL,2011-02,2016-03-31,OTHER,1,1,1
NCT00876941,PHASE3,589,ACTUAL,2009-04,2012-10,OTHER,3,1,1
NCT01344083,PHASE2,60,ESTIMATED,2011-04,2012-02,INDUSTRY,1,1,1
NCT05842954,PHASE3,1720,ACTUAL,2024-03-07,2025-06-27,INDUSTRY,1,33,12
NCT05414305,PHASE2,29,ACTUAL,2020-10-01,2023-12-01,FED,3,1,1
NCT04143594,PHASE2,183,ACTUAL,2019-11-22,2021-10-05,INDUSTRY,1,53,3
NCT02926066,PHASE2,12,ACTUAL,2016-11-09,2022-01-24,OTHER,1,1,1
NCT00291356,PHASE2,45,ACTUAL,2006-01,2006-05,INDUSTRY,2,3,2
NCT00726622,PHASE3,486,ACTUAL,2008-08,2013-10,OTHER,1,37,2
NCT03334422,PHASE3,615,ACTUAL,2017-11-27,2018-12-12,INDUSTRY,1,80,10
NCT00058903,PHASE2,40,ESTIMATED,2003-04,,NIH,3,1,1
NCT02145403,PHASE1|PHASE2,53,ACTUAL,2014-10,2018-11-26,OTHER,3,1,1
NCT02052427,PHASE2,3,ACTUAL,2014-01,2015-08,INDUSTRY,1,1,1
NCT05736861,PHASE3,1800,ACTUAL,2021-06-08,2022-03-15,OTHER,1,87,1
NCT03291886,PHASE2,133,ACTUAL,2017-09-22,2019-04-04,INDUSTRY,1,28,1
NCT00601003,PHASE2,112,ACTUAL,2008-01-14,2020-04-28,OTHER,2,15,1
NCT01718327,PHASE2,53,ACTUAL,2011-09-01,2016-11-17,OTHER,1,6,1
NCT01876927,PHASE2,106,ACTUAL,2010-09,2017-03,OTHER,2,20,1
NCT00087061,PHASE1|PHASE2,,,2004-05,,OTHER,1,1,1
NCT00944970,PHASE3,578,ACTUAL,2005-10,2006-12,INDUSTRY,1,0,0
NCT03088670,PHASE3,299,ACTUAL,2013-04-23,2014-03-30,INDUSTRY,1,27,1
NCT06517173,PHASE3,998,ACTUAL,2024-07-24,2025-04-08,OTHER,1,1,1
NCT03071341,PHASE1|PHASE2,19,ACTUAL,2016-10,2018-02-01,INDUSTRY,1,1,1
NCT03926754,PHASE2|PHASE3,56,ACTUAL,2017-01-23,2021-01-21,OTHER,1,1,1
NCT01582854,PHASE3,503,ACTUAL,2012-06,2014-11,INDUSTRY,1,14,3
NCT05517642,PHASE3,540,ACTUAL,2022-09-20,2023-05-02,INDUSTRY,1,1,1
NCT02775942,PHASE2,240,ACTUAL,2015-11,2016-07-25,OTHER,1,2,1
NCT01824342,PHASE3,18,ACTUAL,2011-01,2014-02,INDUSTRY,1,9,2
NCT00282386,PHASE3,2586,ACTUAL,1999-12-23,2004-09-01,INDUSTRY,1,0,0
NCT00551070,PHASE2,52,ACTUAL,2007-12-17,2013-07-23,NIH,6,49,1
NCT02354170,PHASE2,16,ACTUAL,2015-01,2017-04-27,OTHER,1,2,1
NCT01597973,PHASE3,467,ACTUAL,2012-10-06,2020-08-09,OTHER,2,19,7
NCT00097383,PHASE1|PHASE2,,,,,INDUSTRY,1,25,5
NCT00337883,PHASE2,110,,2003-07,,INDUSTRY,1,0,0
NCT01117441,PHASE3,6136,ACTUAL,2010-06,2021-12-31,OTHER,1,139,7
NCT00000654,PHASE2,78,,,,NIH,3,4,1
NCT01430754,PHASE3,20,ACTUAL,2011-09,2012-12,INDUSTRY,1,22,1
NCT01411254,PHASE2|PHASE3,,,,,INDUSTRY,1,1,1
NCT00315705,PHASE1|PHASE2,50,ACTUAL,2006-03,2010-05,INDUSTRY,3,13,1
NCT00528866,PHASE2,80,ACTUAL,2008-04,2013-12,NETWORK,1,70,2
NCT00461851,PHASE2,17,ACTUAL,2007-03,2013-08,OTHER,1,1,1
NCT06439251,PHASE1|PHASE2,68,ACTUAL,2023-10-18,2025-06-15,OTHER,1,1,1
NCT01143051,PHASE1|PHASE2,24,ACTUAL,2010-01,2010-06,INDUSTRY,1,1,1
NCT00678327,PHASE3,1202,ACTUAL,2008-08-29,2016-01-31,OTHER,1,1,1
NCT03443661,PHASE2,50,ACTUAL,2016-02-06,2019-03-01,UNKNOWN,1,1,1
NCT00077142,PHASE1|PHASE2,37,ACTUAL,2001-04,2005-07,OTHER,1,1,1
NCT00981942,PHASE3,10,ACTUAL,2009-09,2010-12,OTHER,1,2,1
NCT01911442,PHASE3,150,ACTUAL,2013-08,2014-11,INDUSTRY,1,41,1
NCT04351373,PHASE2,12,ACTUAL,2021-10-06,2022-05-25,OTHER,1,1,1
NCT03137173,PHASE3,679,ACTUAL,2018-02-19,2019-04-22,INDUSTRY,1,34,4
NCT00124683,PHASE2,59,ACTUAL,2001-09,,NIH,3,0,0
NCT01463683,PHASE3,722,ACTUAL,2011-11-29,2012-11-06,INDUSTRY,1,0,0
NCT01409083,PHASE1|PHASE2,18,ESTIMATED,2011-07,2012-12,OTHER_GOV,1,1,1
NCT01677754,PHASE2,542,ACTUAL,2012-10-24,2015-06-12,INDUSTRY,1,142,12
NCT01018654,PHASE2,70,ACTUAL,2010-06,2013-02,OTHER,1,1,1
NCT00437554,PHASE3,188,ESTIMATED,2006-08,,INDUSTRY,1,1,1
NCT01854554,PHASE2,90,ACTUAL,2013-05-17,2021-10-13,OTHER,1,1,1
NCT01024205,PHASE2,43,ESTIMATED,2007-08,2010-08,OTHER,1,1,1
NCT00671294,PHASE3,100,ACTUAL,2002-10,2003-07,INDUSTRY,1,18,1
NCT04906694,PHASE2,97,ACTUAL,2021-11-16,2022-01-13,INDUSTRY,1,18,1
NCT01891994,PHASE2,40,ACTUAL,2013-06-28,2017-10-16,NIH,1,1,1
NCT02289456,PHASE2,40,ACTUAL,2015-04-28,2017-02-22,INDUSTRY,1,8,1
NCT01275222,PHASE1|PHASE2,117,ACTUAL,2002-11-13,2008-09-03,INDUSTRY,1,16,4
NCT00763451,PHASE3,484,ACTUAL,2008-09,2011-01,INDUSTRY,1,15,15
NCT01842529,PHASE2,60,ACTUAL,2012-09,2013-12,NETWORK,2,3,2
NCT06183229,PHASE3,166,ACTUAL,2023-09-15,2024-03-01,INDUSTRY,2,2,1
NCT02564627,PHASE3,90,ACTUAL,2015-07,2015-09,OTHER,1,0,0
NCT00163527,PHASE3,2054,,2003-04,2005-11,INDUSTRY,1,24,24
NCT01631227,PHASE3,665,ACTUAL,2012-06,2013-04,INDUSTRY,1,38,3
NCT05170061,PHASE3,26,ACTUAL,2013-02,2014-09,OTHER,1,1,1
NCT05869669,PHASE2,159,ACTUAL,2023-05-01,2025-05-29,INDUSTRY,1,40,3
NCT00112554,PHASE3,420,ESTIMATED,2005-03,2008-03,INDUSTRY,1,62,10
NCT05850494,PHASE3,52,ACTUAL,2023-05-02,2023-08-21,INDUSTRY,1,4,1
NCT00082966,PHASE2,43,ACTUAL,2004-03,2007-03,NIH,4,1,1
NCT05636566,PHASE2|PHASE3,60,ACTUAL,2022-02-15,2022-09-15,OTHER,2,1,1
NCT02880956,PHASE2,453,ACTUAL,2017-01-26,2021-03-30,INDUSTRY,1,68,11
NCT04567329,PHASE3,620,ACTUAL,2020-11-18,2021-08-30,INDUSTRY,1,35,1
NCT00311129,PHASE2,41,ACTUAL,2005-12,2007-07,INDUSTRY,1,8,1
NCT02795429,PHASE1|PHASE2,89,ACTUAL,2016-06-15,2021-06-01,INDUSTRY,1,17,8
NCT00182403,PHASE3,866,,1998-09,,OTHER,3,8,2
NCT01719003,PHASE3,1413,ACTUAL,2012-10,2014-11,INDUSTRY,2,190,21
NCT00664027,PHASE2,80,ACTUAL,2008-04-30,2009-05-31,INDUSTRY,1,3,1
NCT00933361,PHASE1|PHASE2,21,ACTUAL,2009-06,2011-12,OTHER,2,1,1
NCT05364242,PHASE2|PHASE3,178,ACTUAL,2022-05-09,2022-09-22,INDUSTRY,1,4,2
NCT02178670,PHASE1|PHASE2,40,ACTUAL,2014-06,2015-04,OTHER,1,1,1
NCT03984370,PHASE2,10,ACTUAL,2019-09-18,2020-02-26,OTHER,2,1,1
NCT00448669,PHASE2|PHASE3,1219,ACTUAL,2007-03,2011-03,FED,1,2,2
NCT00073541,PHASE2,38,ACTUAL,2003-04,2004-03,INDUSTRY,1,5,1
NCT00873041,PHASE2,166,ACTUAL,2008-11,2011-06,INDUSTRY,1,21,9
NCT07281105,PHASE2,131,ACTUAL,2018-08-23,2025-08-12,INDUSTRY,3,3,1
NCT01330966,PHASE2,47,ACTUAL,2011-04,2018-02,INDUSTRY,2,7,2
NCT00536666,PHASE3,182,ACTUAL,2007-05,2008-08,INDUSTRY,2,1,1
NCT00855166,PHASE3,182,ACTUAL,2009-02,2010-06,INDUSTRY,1,21,5
NCT00303056,PHASE2,590,ACTUAL,2006-02,2007-07,INDUSTRY,1,5,5
NCT01517451,PHASE1|PHASE2,45,ACTUAL,2013-05-22,2024-02-28,OTHER,1,3,1
NCT00952029,PHASE2|PHASE3,492,ACTUAL,2010-03,2015-12,OTHER,1,102,1
NCT03740529,PHASE1|PHASE2,803,ACTUAL,2019-03-15,2025-01-27,INDUSTRY,6,56,10
NCT02019056,PHASE2,90,ACTUAL,2010-11,2014-12,INDUSTRY,2,1,1
NCT03225651,PHASE2,30,ACTUAL,2017-07-18,2019-08-30,OTHER,1,1,1
NCT00578929,PHASE3,2388,ACTUAL,2007-09,2008-11,INDUSTRY,1,1,1
NCT02159729,PHASE2,205,ACTUAL,2009-02,2015-12,INDUSTRY,2,20,4
NCT02659527,PHASE3,220,ACTUAL,2016-01,2022-05,OTHER,1,1,1
NCT02411227,PHASE2,37,ACTUAL,2015-04-07,2017-07-20,NIH,1,1,1
NCT04857827,PHASE2,30,ACTUAL,2021-09-15,2022-08-26,INDUSTRY,1,1,1
NCT00122161,PHASE3,190,ESTIMATED,,,FED,1,3,1
NCT06583486,PHASE3,488,ACTUAL,2024-03-19,2025-08-25,INDUSTRY,1,16,1
NCT01451086,PHASE3,1200,ACTUAL,2011-10,2012-07,NETWORK,1,1,1
NCT02234986,PHASE2,35,ACTUAL,2015-10,2018-06-30,INDUSTRY,2,5,1
NCT03368170,PHASE2,75,ACTUAL,2018-04-12,2019-06-12,INDUSTRY,1,20,2
NCT01557270,PHASE3,62,ACTUAL,2012-03,2012-11,OTHER,2,1,1
NCT02429973,PHASE2,33,ACTUAL,2012-07,2014-12,INDIV,1,0,0
NCT01258673,PHASE3,263,ACTUAL,2010-11,2011-12,INDUSTRY,1,1,1
NCT00376883,PHASE3,500,,2000-01,,OTHER,1,14,3
NCT00101283,PHASE2,32,ACTUAL,2006-02-23,2009-09,NETWORK,1,115,1
NCT06555783,PHASE2,93,ACTUAL,2024-07-26,2025-11-11,INDUSTRY,1,47,8
NCT04908683,PHASE3,25236,ACTUAL,2021-07-21,2023-07-21,INDUSTRY,2,272,14
NCT00230841,PHASE2,129,,2001-09,,OTHER,1,1,1
NCT05160441,PHASE3,50,ACTUAL,2022-09-26,2025-05-08,FED,4,1,1
NCT00150605,PHASE3,50,,2005-02,,INDUSTRY,1,0,0
NCT05549505,PHASE2,152,ACTUAL,2023-02-15,2024-07-13,INDUSTRY,1,49,4
NCT04083456,PHASE2,40,ACTUAL,2019-11-01,2025-05-31,OTHER,3,1,1
NCT04004429,PHASE2,105,ACTUAL,2019-08-26,2021-11-16,INDUSTRY,1,2,2
NCT00212342,PHASE3,100,ACTUAL,2004-12,2006-01,INDUSTRY,1,0,0
NCT00002842,PHASE2,49,ACTUAL,1994-09,2014-05,OTHER,2,1,1
NCT01449942,PHASE1|PHASE2,40,ACTUAL,2009-05,2011-04,OTHER,1,1,1
NCT03047070,PHASE2,43,ACTUAL,2017-02-09,2021-12-31,OTHER,1,2,1
NCT05548270,PHASE3,503,ACTUAL,2022-08-23,2022-11-29,INDUSTRY,1,1,1
NCT03083470,PHASE2,33,ACTUAL,2017-05-18,2018-03-12,INDUSTRY,1,1,1
NCT03718273,PHASE3,68,ACTUAL,2018-10-19,2022-02-22,OTHER,2,10,1
NCT06276569,PHASE3,382,ACTUAL,2024-02-18,2025-04-30,OTHER,1,1,1
NCT02064569,PHASE1|PHASE2,19,ACTUAL,2014-02-13,2020-06-25,INDUSTRY,1,1,1
NCT01276041,PHASE2,70,ACTUAL,2011-01-05,2019-08-07,OTHER,1,6,1
NCT05326841,PHASE3,60,ACTUAL,2021-10-03,2022-01-11,OTHER,4,1,1
NCT01248754,PHASE2,20,ACTUAL,2011-07,2014-01,OTHER,1,3,1
NCT00242294,PHASE2|PHASE3,570,,2004-11,2006-09,INDUSTRY,1,1,1
NCT02896205,PHASE3,41,ACTUAL,2016-10,2017-07-01,OTHER,3,1,1
NCT00855205,PHASE2,10,ACTUAL,2009-07,2012-12,OTHER,1,1,1
NCT00006366,PHASE2,,,2001-02,2003-12,NETWORK,1,235,2
NCT02905266,PHASE3,106,ACTUAL,2016-10-27,2017-10-23,INDUSTRY,1,16,4
NCT04170556,PHASE1|PHASE2,69,ACTUAL,2020-03-16,2024-07-09,OTHER,1,7,1
NCT01903629,PHASE1|PHASE2,70,ACTUAL,2011-11,2012-12,OTHER,2,1,1
NCT02146651,PHASE2,38,ACTUAL,2014-05,2014-07,INDUSTRY,1,1,1
NCT00133861,PHASE2|PHASE3,23,ESTIMATED,2005-04,2008-06,OTHER,1,1,1
NCT04314661,PHASE1|PHASE2,31,ACTUAL,2020-08-03,2024-07-08,INDUSTRY,1,1,1
NCT03119961,PHASE1|PHASE2,10,ACTUAL,2017-06-26,2020-10-02,OTHER,1,1,1
NCT01209442,PHASE2,30,ACTUAL,2010-09-16,2014-09-07,OTHER,1,1,1
NCT03381742,PHASE2|PHASE3,3043,ACTUAL,2017-12-13,2018-12-13,OTHER,1,1,1
NCT03967886,PHASE3,170,ACTUAL,2019-04-10,2019-12-20,INDUSTRY,1,1,1
NCT00112086,PHASE2,56,ACTUAL,2003-01,2007-02,OTHER,3,1,1
NCT00904670,PHASE3,45,ACTUAL,2009-04,2009-08,INDUSTRY,1,2,1
NCT03222570,PHASE2,90,ACTUAL,2018-02-26,2024-04-28,OTHER,1,1,1
NCT03729973,PHASE3,100,ACTUAL,2018-11-15,2019-01-01,OTHER_GOV,1,1,1
NCT00859469,PHASE2,29,ACTUAL,2004-04,2009-03,OTHER,1,1,1
NCT02244541,PHASE2,32,ACTUAL,2014-12,2015-11,INDUSTRY,1,5,1
NCT00304005,PHASE1|PHASE2,35,ESTIMATED,2005-07,2005-10,INDUSTRY,2,1,1
NCT00632866,PHASE3,120,ACTUAL,2008-03,2011-05,OTHER,1,1,1
NCT00271466,PHASE3,199,ACTUAL,2000-02,,INDUSTRY,1,0,0
NCT02656966,PHASE2,42,ACTUAL,2015-12,2016-05,OTHER,1,1,1
NCT02188251,PHASE2,100,ACTUAL,2014-09,2015-04,INDUSTRY,1,1,1
NCT00056251,PHASE2,150,,2003-01,,INDUSTRY,1,24,1
NCT03377361,PHASE1|PHASE2,325,ACTUAL,2018-01-31,2024-11-04,INDUSTRY,4,47,10
NCT01370642,PHASE3,294,ACTUAL,2011-06-27,2013-07-31,INDUSTRY,1,0,0
NCT06007586,PHASE3,143,ACTUAL,2024-05-31,2025-06-20,OTHER,5,2,1
NCT03521570,PHASE2,62,ACTUAL,2018-06-28,2022-07-25,OTHER,1,4,1
NCT02831673,PHASE3,719,ACTUAL,2016-07-21,2018-03-29,INDUSTRY,2,90,18
NCT00148083,PHASE3,5,ACTUAL,2005-09,2006-03,OTHER,2,2,1
NCT02674854,PHASE3,750,ACTUAL,2016-02,2017-03,INDUSTRY,2,1,1
NCT05186805,PHASE2,36,ACTUAL,2021-11-15,2022-08-24,INDUSTRY,1,10,2
NCT02494505,PHASE3,40,ACTUAL,2013-11-18,2018-05-09,OTHER,1,1,1
NCT05973305,PHASE3,118,ACTUAL,2017-04-05,2017-04-05,INDUSTRY,1,1,1
NCT00027066,PHASE3,2206,,1993-06,2000-06,OTHER,1,1,1
NCT00521456,PHASE3,263,ACTUAL,2007-10,2008-03,INDUSTRY,1,1,1
NCT05701956,PHASE3,330,ACTUAL,2023-03-16,2025-02-04,OTHER,3,1,1
NCT04530422,PHASE3,250,ACTUAL,2020-04-15,2020-07-08,OTHER,1,1,1
NCT00004251,PHASE2,33,ACTUAL,2000-01-19,2002-09-13,NETWORK,1,0,0
NCT00915551,PHASE3,278,ACTUAL,2009-06,2009-09,INDUSTRY,1,21,2
NCT03057951,PHASE3,5988,ACTUAL,2017-03-02,2021-04-26,INDUSTRY,1,619,23
NCT00191451,PHASE2,150,ACTUAL,2004-04,2008-10,INDUSTRY,1,1,1
NCT00972959,PHASE2,17,ACTUAL,2009-07,2013-05,OTHER,1,3,1
NCT01664182,PHASE2,41,ACTUAL,2012-08-01,2020-12-07,NIH,4,12,1
NCT00124280,PHASE2,85,ACTUAL,2005-07,2007-10,INDUSTRY,1,2,1
NCT00629096,PHASE2,27,ACTUAL,2008-02,2010-08,OTHER,1,1,1
NCT01713296,PHASE2,58,ACTUAL,2011-11,2015-03,OTHER,1,8,1
NCT01376596,PHASE1|PHASE2,49,ACTUAL,2011-08,2013-01,OTHER,2,1,1
NCT02118896,PHASE3,850,ACTUAL,2003-02-24,2009-10-07,INDUSTRY,3,105,23
NCT02040662,PHASE2,120,ACTUAL,2013-01,2014-06,OTHER,1,1,1
NCT02784262,PHASE2,11,ACTUAL,2016-10,2018-09-04,OTHER,3,1,1
NCT01453946,PHASE3,55,ACTUAL,2011-12,2014-02,INDUSTRY,1,19,5
NCT02772588,PHASE2,64,ACTUAL,2016-05-12,2026-01-22,OTHER,1,11,1
NCT01241188,PHASE2,253,ACTUAL,2011-04,2011-12,OTHER,1,1,1
NCT00110188,PHASE2,39,ACTUAL,2005-05,2007-04,INDUSTRY,1,4,1
NCT01169272,PHASE3,100,ACTUAL,2010-10,2011-06,INDUSTRY,1,1,1
NCT02486653,PHASE3,158,ACTUAL,2015-08,2018-04-01,OTHER,2,1,1
NCT00345839,PHASE3,3883,ACTUAL,2006-08-22,2012-04-10,INDUSTRY,2,0,0
NCT02018939,PHASE3,24,ACTUAL,2010-03,2014-02,OTHER,1,1,1
NCT00280657,PHASE3,1326,ACTUAL,2004-03-10,2005-05-21,INDUSTRY,1,62,5
NCT02478957,PHASE2,41,ACTUAL,2015-06,2016-03,INDUSTRY,3,8,5
NCT00123201,PHASE2,,,2005-09,2007-03,INDUSTRY,2,29,1
NCT00508001,PHASE2,67,ACTUAL,2007-07,2008-11,INDUSTRY,1,3,1
NCT05642312,PHASE3,245,ACTUAL,2023-01-09,2024-12-09,INDUSTRY,1,77,14
NCT00598312,PHASE3,201,ACTUAL,2007-04,2008-08,INDUSTRY,1,1,1
NCT00042601,PHASE2,51,ACTUAL,2002-07,2003-10,INDUSTRY,2,1,1
NCT02393612,PHASE3,151,ACTUAL,2012-10,2014-04,INDUSTRY,1,0,0
NCT00422812,PHASE2,400,ACTUAL,2006-04,2007-01,UNKNOWN,2,25,1
NCT02779712,PHASE2,60,ACTUAL,2016-08-01,2018-07-23,OTHER,1,2,1
NCT00038181,PHASE2,18,ACTUAL,2000-10-05,2005-11-29,OTHER,1,1,1
NCT00260481,PHASE2|PHASE3,120,ACTUAL,2006-01,2008-06,OTHER,2,1,1
NCT03087019,PHASE2,21,ACTUAL,2017-04-25,2020-08-04,OTHER,1,2,1
NCT00166595,PHASE1|PHASE2,100,,2003-02,,OTHER,1,4,1
NCT03470077,PHASE2,80,ACTUAL,2019-07-31,2020-09-30,OTHER,1,1,1
NCT00658775,PHASE3,1069,ACTUAL,2008-02,2009-09,INDUSTRY,1,83,14
NCT00347581,PHASE3,72,,2003-05,,INDUSTRY,1,10,1
NCT00005081,PHASE2,,,2000-08,2001-04,OTHER,1,1,1
NCT01872481,PHASE3,54,ACTUAL,2013-06,2013-09,OTHER,1,1,1
NCT01447719,PHASE3,110,ACTUAL,2010-03,2011-03,INDUSTRY,1,22,1
NCT01410019,PHASE1|PHASE2,5,ACTUAL,2010-12,2015-06-16,OTHER,1,1,1
NCT00507130,PHASE2,36,ACTUAL,2007-07,2008-07,INDUSTRY,1,9,2
NCT00116428,PHASE3,167,ACTUAL,2004-10-01,2007-10-01,INDUSTRY,3,17,5
NCT00408902,PHASE2,10,ACTUAL,2006-11,2008-10,NIH,3,1,1
NCT02197637,PHASE2,39,ACTUAL,2014-05,2019-08,OTHER,1,16,1
NCT01814137,PHASE3,40,ACTUAL,2013-03,2014-03,INDUSTRY,2,40,5
NCT04362137,PHASE3,432,ACTUAL,2020-05-02,2020-10-17,INDUSTRY,1,61,12
NCT05699239,PHASE2,326,ACTUAL,2023-02-08,2023-12-26,INDUSTRY,1,1,1
NCT04660539,PHASE3,119,ACTUAL,2021-03-02,2024-05-28,INDUSTRY,1,53,18
NCT00857675,PHASE3,480,ACTUAL,2002-12,2008-03,INDUSTRY,1,10,1
NCT02982057,PHASE3,50,ACTUAL,2015-01,2019-11-01,OTHER,1,1,1
NCT00413257,PHASE2|PHASE3,90,ACTUAL,2006-12,2007-12,OTHER,3,1,1
NCT00721201,PHASE1|PHASE2,6,ESTIMATED,2008-11,2010-03,OTHER,1,1,1
NCT00824512,PHASE2,22,ACTUAL,2008-06,2011-10,INDUSTRY,1,1,1
NCT00744081,PHASE2,130,ESTIMATED,2004-07,2010-12,OTHER,1,1,1
NCT00461981,PHASE2,101,ACTUAL,2007-05,2007-12,INDUSTRY,1,19,1
NCT00761319,PHASE3,705,ACTUAL,2008-10,2009-09,INDUSTRY,2,0,0
NCT00131430,PHASE2|PHASE3,500,ACTUAL,2005-08,2007-05,INDUSTRY,1,0,0
NCT02799030,PHASE2,105,ACTUAL,2006-10,2007-03,INDUSTRY,1,0,0
NCT02146430,PHASE3,1293,ACTUAL,2014-10-27,2016-07-14,INDUSTRY,1,165,11
NCT00162045,PHASE1|PHASE2,79,ACTUAL,2005-01,2007-05,INDUSTRY,1,10,3
NCT00148837,PHASE2,112,ACTUAL,2004-09,2008-12,OTHER_GOV,2,1,1
NCT03958045,PHASE2,33,ACTUAL,2019-09-04,2022-11-15,OTHER,1,1,1
NCT01612845,PHASE2,28,ACTUAL,2007-05,2009-05,OTHER,1,1,1
NCT03285672,PHASE2,109,ACTUAL,2018-03-26,2018-10-29,INDUSTRY,1,12,1
NCT00259077,PHASE3,270,,2003-10,2004-07,INDUSTRY,1,26,1
NCT05254457,PHASE3,145,ACTUAL,2022-02-14,2024-03-21,INDUSTRY,1,27,1
NCT01056081,PHASE3,19,ACTUAL,2006-04,2008-04,OTHER,1,0,0
NCT01965119,PHASE2,20,ACTUAL,2013-11-15,2017-06-30,OTHER,2,7,1
NCT00154219,PHASE3,1200,,2004-11,2006-10,INDUSTRY,1,5,5
NCT04431219,PHASE1|PHASE2,10,ACTUAL,2019-11-26,2022-03-28,INDUSTRY,1,1,1
NCT00184795,PHASE3,576,ACTUAL,2004-05-28,2005-05-04,INDUSTRY,2,91,10
NCT01770795,PHASE2,45,ACTUAL,2011-01,2012-10,OTHER,1,1,1
NCT01055639,PHASE2,126,ACTUAL,2010-02,2013-06,FED,1,1,1
NCT03168139,PHASE1|PHASE2,20,ACTUAL,2017-04-18,2020-03-25,INDUSTRY,2,1,1
NCT00308477,PHASE1|PHASE2,,,,,INDUSTRY,3,12,1
NCT03310957,PHASE1|PHASE2,185,ACTUAL,2018-02-27,2024-09-30,INDUSTRY,1,50,4
NCT04480957,PHASE1|PHASE2,106,ACTUAL,2020-08-04,2021-01-29,INDUSTRY,1,1,1
NCT01946412,PHASE3,33,ACTUAL,2013-12,2015-12,INDUSTRY,1,16,3
NCT03009019,PHASE3,631,ACTUAL,2016-12,2017-11,INDUSTRY,1,43,1
NCT00572572,PHASE3,69,ACTUAL,2007-12,2010-12,OTHER,1,6,1
NCT01299272,PHASE3,1249,ACTUAL,2011-05,2013-11,INDUSTRY,1,77,16
NCT03696277,PHASE2,21,ACTUAL,2018-10-01,2024-01-23,OTHER,1,1,1
NCT00562575,PHASE2,24,ACTUAL,2007-05,2008-02,INDUSTRY,1,1,1
NCT02177357,PHASE3,150,ACTUAL,1998-11,2000-01,INDUSTRY,1,0,0
NCT02464657,PHASE1|PHASE2,44,ACTUAL,2015-07,2020-05-07,OTHER,3,1,1
NCT02561481,PHASE1|PHASE2,60,ACTUAL,2015-12,2018-12,OTHER,1,1,1
NCT04445519,PHASE3,691,ACTUAL,2020-06-01,2022-09-16,INDUSTRY,2,1,1
NCT00256919,PHASE2,51,ACTUAL,2005-11,2006-11,INDUSTRY,1,17,5
NCT00197730,PHASE3,2387,ACTUAL,2004-06,2008-05,OTHER,2,1,1
NCT02951130,PHASE2,66,ACTUAL,2017-10-24,2024-09-30,NETWORK,4,19,1
NCT01099930,PHASE2,24,ACTUAL,2001-08,2012-11,OTHER,1,1,1
NCT05795595,PHASE1|PHASE2,19,ACTUAL,2023-03-13,2025-09-18,INDUSTRY,5,7,1
NCT01748539,PHASE2,140,ESTIMATED,2012-12,2013-09,INDUSTRY,1,1,1
NCT04318639,PHASE2|PHASE3,15,ACTUAL,2018-08-17,2019-12-31,FED,2,1,1
NCT05830539,PHASE1|PHASE2,68,ACTUAL,2022-03-10,2024-08-31,INDUSTRY,1,7,1
NCT01642901,PHASE3,16,ACTUAL,2012-09,2018-03,OTHER,1,1,1
NCT00817219,PHASE2,33,ACTUAL,2009-07,2011-12,INDUSTRY,1,8,1
NCT00234819,PHASE3,325,,2005-10,,INDUSTRY,1,7,1
NCT03787030,PHASE3,160,ACTUAL,2018-12-21,2019-02-28,OTHER,1,1,1
NCT01071239,PHASE2,1,ACTUAL,2009-04,2016-08-30,OTHER,1,1,1
NCT04001075,PHASE1|PHASE2,32,ACTUAL,2019-02-25,2021-06-30,INDUSTRY,1,4,1
NCT00505375,PHASE2,112,ACTUAL,2008-02,2012-05,NIH,1,13,2
NCT00927901,PHASE2,30,ACTUAL,2009-06,2009-11,INDUSTRY,1,3,3
NCT01231412,PHASE3,174,ACTUAL,2010-11,2016-10-08,OTHER,19,11,3
NCT03760081,PHASE2,19,ACTUAL,2019-03-19,2020-10-16,INDUSTRY,2,3,1
NCT00402181,PHASE2,53,ACTUAL,2006-10,2009-07,INDUSTRY,1,13,2
NCT03019419,PHASE2,66,ACTUAL,2017-04-24,2020-12-23,OTHER,1,12,1
NCT04156230,PHASE2,52,ACTUAL,2020-01-13,2025-08-13,OTHER,1,1,1
NCT03988530,PHASE3,98,ACTUAL,2019-06-07,2020-11-23,INDUSTRY,1,1,1
NCT02112175,PHASE3,46,ACTUAL,2014-04-30,2020-10-12,INDUSTRY,1,73,5
NCT06063057,PHASE1|PHASE2,744,ACTUAL,2023-09-20,2025-12-19,INDUSTRY,2,1,1
NCT04090957,PHASE3,1015,ACTUAL,2019-09-27,2022-08-18,INDUSTRY,2,117,2
NCT01197612,PHASE3,23,ACTUAL,2010-09,2012-06,OTHER,2,1,1
NCT00528112,PHASE3,2885,ACTUAL,2007-08,2011-07,INDUSTRY,1,136,11
NCT04391712,PHASE2,10,ACTUAL,2020-04-30,2020-05-15,OTHER,1,1,1
NCT02896712,PHASE2,118,ACTUAL,2016-11-18,2021-09-13,OTHER,1,1,1
NCT01693081,PHASE2,47,ACTUAL,2007-03,2007-07,OTHER,1,9,2
NCT01564381,PHASE1|PHASE2,64,ACTUAL,2012-03,2015-03,OTHER,1,1,1
NCT00572819,PHASE3,100,ESTIMATED,2008-01,2009-05,OTHER,1,1,1
NCT00635219,PHASE3,766,ACTUAL,2008-02,2009-04,INDUSTRY,1,0,0
NCT04942730,PHASE2,50,ACTUAL,2021-01-21,2024-04-30,OTHER,6,1,1
NCT02268175,PHASE2,75,ACTUAL,2014-10,2018-01,OTHER,3,4,1
NCT04833257,PHASE2,63,ACTUAL,2021-04-14,2025-05-30,OTHER,1,1,1
NCT01372501,PHASE2,19,ACTUAL,2010-09,2011-11,INDUSTRY,1,1,1
NCT00865501,PHASE3,50,ACTUAL,2008-03,2009-12,OTHER,1,1,1
NCT00304512,PHASE2,9,ACTUAL,2006-09-07,2008-05-09,INDUSTRY,1,6,6
NCT03040128,PHASE1|PHASE2,20,ACTUAL,2013-06-27,2016-11-30,OTHER,1,0,0
NCT04691570,PHASE2,7,ACTUAL,2021-11-10,2023-01-17,INDUSTRY,1,4,4
NCT02304770,PHASE2,73,ACTUAL,2015-01,2017-01,INDUSTRY,2,4,1
NCT01328041,PHASE3,183,ACTUAL,2011-05,2012-05,INDUSTRY,1,89,7
NCT03163966,PHASE2,248,ACTUAL,2017-10-05,2019-01-08,INDUSTRY,1,1,1
NCT00813956,PHASE2,80,ACTUAL,2008-12,2012-10,INDUSTRY,1,2,1
NCT00323622,PHASE2,1737,ACTUAL,2005-04,2007-05,INDUSTRY,1,1,1
NCT06500429,PHASE2,120,ACTUAL,2024-06-24,2024-09-04,INDUSTRY,2,1,1
NCT03110770,PHASE2,2428,ACTUAL,2017-03-29,2019-10-04,NIH,7,17,9
NCT00000570,PHASE3,,,1986-01,,NIH,2,0,0
NCT02183870,PHASE2,34,ACTUAL,2014-05,2018-07-24,OTHER,3,18,3
NCT02560870,PHASE2|PHASE3,32,ACTUAL,2014-03,2015-04,OTHER,1,0,0
NCT00668369,PHASE2,34,ACTUAL,2008-04,2011-09,OTHER,2,1,1
NCT00300469,PHASE3,613,ACTUAL,2006-03,2007-02,INDUSTRY,3,1,1
NCT03781154,PHASE3,31,ACTUAL,2019-10-17,2023-06-26,OTHER,1,4,1
NCT05896254,PHASE1|PHASE2,55,ACTUAL,2023-07-22,2024-12-13,INDUSTRY,1,2,1
NCT04521751,PHASE1|PHASE2,156,ACTUAL,2020-05-07,2021-08-30,INDUSTRY,1,2,1
NCT03528551,PHASE3,160,ACTUAL,2018-04-30,2020-12-03,INDUSTRY,2,67,26
NCT01403051,PHASE2,167,ACTUAL,2011-09,2013-02,NETWORK,1,39,2
NCT02171429,PHASE3,358,ACTUAL,2014-11-14,2020-03-02,INDUSTRY,1,90,19
NCT03503773,PHASE2,350,ACTUAL,2018-09-24,2022-01-31,INDUSTRY,2,4,4
NCT00227669,PHASE2,90,ACTUAL,2005-10,2010-02,OTHER,1,32,1
NCT02654769,PHASE3,441,ACTUAL,2015-02,2015-09,INDUSTRY,1,22,1
NCT02038569,PHASE2,125,ACTUAL,2014-01,2018-02,INDUSTRY,1,35,7
NCT00661141,PHASE2,32,ACTUAL,2008-04,2008-06,INDUSTRY,1,1,1
NCT00896454,PHASE2,33,ACTUAL,2009-11-16,2012-09-13,INDUSTRY,16,24,5
NCT00232505,PHASE2,112,ACTUAL,2005-11,2010-06-21,OTHER,1,14,1
NCT00981305,PHASE3,136,ACTUAL,2009-09,2015-07,OTHER,2,1,1
NCT02328105,PHASE2,11,ACTUAL,2014-12,2017-06-15,OTHER,1,1,1
NCT00612456,PHASE2,70,ACTUAL,2008-03-05,2009-01-01,INDUSTRY,1,27,4
NCT01522651,PHASE2,134,ACTUAL,2012-01-24,2014-03-10,INDUSTRY,1,50,7
NCT03986970,PHASE2,72,ACTUAL,2019-11-11,2021-02-25,OTHER,1,1,1
NCT05706870,PHASE2,190,ACTUAL,2022-12-07,2024-01-04,INDUSTRY,1,18,1
NCT05651841,PHASE3,90,ACTUAL,2023-03-27,2026-01-31,OTHER,1,11,1
NCT04392141,PHASE1|PHASE2,120,ACTUAL,2020-04-01,2020-11-01,OTHER,1,1,1
NCT00796354,PHASE3,210,ACTUAL,2008-11,2010-02,INDUSTRY,1,21,7
NCT04789005,PHASE3,80,ACTUAL,2019-11-10,2020-05-05,OTHER,1,1,1
NCT00645905,PHASE2,148,ACTUAL,2003-06,2005-03,INDUSTRY,1,0,0
NCT00805766,PHASE3,39,ACTUAL,2008-12,2009-11,INDUSTRY,1,4,1
NCT04505722,PHASE3,44325,ACTUAL,2020-09-07,2023-03-31,INDUSTRY,1,225,8
NCT01179529,PHASE2,,,,,OTHER,2,1,1
NCT01349270,PHASE3,40,ACTUAL,2004-06,2013-12,OTHER,1,11,1
NCT00476073,PHASE3,228,ACTUAL,2007-04,2008-01,INDUSTRY,1,1,1
NCT00535873,PHASE2,61,ACTUAL,2007-10,2013-02,OTHER,4,1,1
NCT02658773,PHASE2,120,ACTUAL,2016-01,2016-05,OTHER,1,1,1
NCT00137969,PHASE2|PHASE3,262,ACTUAL,2005-05-10,2008-08-25,INDUSTRY,1,65,2
NCT00109083,PHASE2,300,,2002-03,2006-02,INDUSTRY,1,25,1
NCT03959241,PHASE3,431,ACTUAL,2019-06-25,2022-09-19,OTHER,4,39,1
NCT04577794,PHASE2,31,ACTUAL,2020-10-05,2021-05-17,INDUSTRY,1,15,4
NCT00064051,PHASE2,,,2003-01,2006-08,INDUSTRY,1,7,3
NCT02869022,PHASE3,105,ACTUAL,2016-07,2019-09-02,INDUSTRY,1,9,2
NCT01570751,PHASE3,145,ACTUAL,2012-04,2014-01,INDUSTRY,2,46,2
NCT00134173,PHASE3,1100,,2003-10,,INDUSTRY,3,146,6
NCT03527069,PHASE3,146,ACTUAL,2021-01-29,2024-08-30,INDUSTRY,2,1,1
NCT04869969,PHASE2|PHASE3,70,ACTUAL,2019-06-01,2021-01-01,OTHER,1,1,1
NCT00720941,PHASE3,1110,ACTUAL,2008-08-14,2012-05-21,INDUSTRY,1,227,14
NCT05299554,PHASE3,76,ACTUAL,2022-04-01,2026-01-15,INDUSTRY,1,21,3
NCT04202354,PHASE1|PHASE2,50,ACTUAL,2020-03-03,2021-09-03,INDUSTRY,1,1,1
NCT00608205,PHASE3,69,ACTUAL,2008-01,2012-09,OTHER,1,2,1
NCT00299494,PHASE1|PHASE2,119,ACTUAL,2006-05-04,2014-05-19,INDUSTRY,1,38,13
NCT00192166,PHASE2,1200,,2002-10,2003-03,INDUSTRY,1,1,1
NCT01182766,PHASE2|PHASE3,236,ACTUAL,2011-11-01,2017-10-06,OTHER,2,4,1
NCT04834856,PHASE2,12,ACTUAL,2021-04-01,2021-08-20,INDUSTRY,1,1,1
NCT02727751,PHASE3,312,ACTUAL,2016-03,2017-10,INDUSTRY,1,1,1
NCT00002882,PHASE3,140,ACTUAL,1995-11,2003-08,OTHER,2,1,1
NCT00078559,PHASE1|PHASE2,10,ACTUAL,2003-11,2010-02,OTHER,2,1,1
NCT01093196,PHASE3,660,ACTUAL,2009-10,2012-11,OTHER,1,1,1
NCT01024062,PHASE2,60,ESTIMATED,2002-12,2005-03,INDUSTRY,1,0,0
NCT03656562,PHASE2,107,ACTUAL,2018-12-19,2022-07-27,INDUSTRY,1,31,15
NCT01989546,PHASE1|PHASE2,9,ACTUAL,2014-02-04,2020-03-26,NIH,4,1,1
NCT01726062,PHASE2,360,ACTUAL,2012-08,2018-01-30,OTHER,1,1,1
NCT00130546,PHASE3,112,ACTUAL,2004-11,2008-07,OTHER,1,1,1
NCT02315703,PHASE1|PHASE2,393,ACTUAL,2014-12-22,2017-08-29,INDUSTRY,1,12,5
NCT01582269,PHASE2,158,ACTUAL,2012-04-26,2014-07-26,INDUSTRY,1,29,10
NCT00646854,PHASE3,136,ACTUAL,2008-06,2016-12-31,OTHER,1,59,11
NCT00051454,PHASE1|PHASE2,24,,2003-03,,NIH,1,1,1
NCT00003466,PHASE2,100,ESTIMATED,1998-03,2005-07,OTHER,1,2,1
NCT00337051,PHASE3,120,ACTUAL,2006-06,2010-02,OTHER,3,1,1
NCT00264329,PHASE3,812,ACTUAL,2004-11,2006-04,OTHER,1,4,1
NCT00442169,PHASE2,208,ACTUAL,2005-12,2008-06,INDUSTRY,1,5,1
NCT06656169,PHASE1|PHASE2,25,ACTUAL,2021-01-01,2023-01-06,OTHER_GOV,1,2,1
NCT03919773,PHASE1|PHASE2,30,ACTUAL,2018-10-29,2023-06-26,OTHER,1,1,1
NCT02605954,PHASE3,275,ACTUAL,2015-11-18,2017-06-14,INDUSTRY,1,49,6
NCT00353405,PHASE3,1650,ACTUAL,2006-10,2010-12,OTHER,2,4,1
NCT03797456,PHASE2,111,ACTUAL,2019-04-01,2023-12-27,INDUSTRY,1,32,1
NCT02121756,PHASE1|PHASE2,40,ACTUAL,2014-07,2017-10,OTHER,1,1,1
NCT00755456,PHASE2,35,ACTUAL,2008-01,2012-09,INDUSTRY,2,12,1
NCT00388856,PHASE2,400,ACTUAL,2006-10,2009-11,OTHER,1,1,1
NCT00097422,PHASE2,,,2004-11-01,2005-04-01,INDUSTRY,1,1,1
NCT01270594,PHASE2,97,ACTUAL,2011-01,2011-11,OTHER,1,1,1
NCT01515566,PHASE1|PHASE2,26,ACTUAL,2012-04,2013-04,OTHER,2,1,1
NCT01283022,PHASE2,24,ACTUAL,2011-05,2011-07,INDUSTRY,2,1,1
NCT02483455,PHASE2,21,ACTUAL,2015-04,2015-10,INDUSTRY,1,1,1
NCT01415726,PHASE1|PHASE2,25,ACTUAL,2011-07,2012-02,OTHER,1,1,1
NCT00000678,PHASE2,320,,,1992-07,NIH,1,10,1
NCT01329185,PHASE2,17,ACTUAL,2011-06,2014-04,OTHER,2,1,1
NCT05116085,PHASE2,33,ACTUAL,2022-01-26,2023-09-26,INDUSTRY,1,8,1
NCT04391985,PHASE1|PHASE2,113,ACTUAL,2017-03-01,2017-10-31,OTHER,1,1,1
NCT01431443,PHASE2,160,ACTUAL,2011-05,2014-09,OTHER,1,1,1
NCT00338143,PHASE3,1200,,2003-10,,INDUSTRY,1,0,0
NCT01460615,PHASE2,,,2011-02,2017-01,OTHER,2,1,1
NCT00257608,PHASE3,1145,ACTUAL,2006-01,2014-11,INDUSTRY,1,247,17
NCT03982225,PHASE2,143,ACTUAL,2019-07-01,2022-10-21,INDUSTRY,1,4,1
NCT00405925,PHASE3,207,ACTUAL,2003-03,2009-08,OTHER,1,1,1
NCT00259025,PHASE2,60,ACTUAL,2006-09,2007-07,OTHER,1,1,1
NCT02851576,PHASE1|PHASE2,14,ACTUAL,2011-08,2015-03,OTHER,1,1,1
NCT00688740,PHASE3,1491,ACTUAL,1997-06,2010-01,INDUSTRY,1,20,20
NCT00381550,PHASE2,35,ACTUAL,2006-08,2011-03,NIH,10,1,1
NCT02283268,PHASE3,24,ACTUAL,2015-04-01,2016-07-06,INDUSTRY,1,34,13
NCT06640868,PHASE3,50,ACTUAL,2024-11-04,2025-02-20,OTHER,2,1,1
NCT03186040,PHASE1|PHASE2,7,ACTUAL,2017-07-13,2020-04-30,OTHER,1,1,1
NCT00248989,PHASE3,150,ACTUAL,2004-11-01,2005-11-24,OTHER,2,1,1
NCT03123068,PHASE1|PHASE2,74,ACTUAL,2017-04-17,2018-12-14,OTHER,1,1,1
NCT01643668,PHASE2,34,ACTUAL,2012-07,2016-08,OTHER,3,3,1
NCT00063674,PHASE2|PHASE3,240,ESTIMATED,2003-04,,NIH,3,1,1
NCT00890474,PHASE3,212,ACTUAL,2004-10,2008-12,OTHER,1,1,1
NCT04991974,PHASE2|PHASE3,373,ACTUAL,2021-09-17,2026-01-31,OTHER,1,2,1
NCT03295318,PHASE2,375,ACTUAL,2017-11-15,2018-08-31,INDUSTRY,1,1,1
NCT02672540,PHASE2,34,ACTUAL,2016-07,2017-05-31,INDUSTRY,1,4,4
NCT03019640,PHASE2,22,ACTUAL,2017-10-10,2021-08-16,OTHER,7,1,1
NCT01984489,PHASE2,120,ACTUAL,2012-06,2013-05,INDUSTRY,1,0,0
NCT00058968,PHASE3,660,,2002-10,,INDUSTRY,1,1,1
NCT00325468,PHASE3,200,ACTUAL,2006-05-01,2011-03-28,INDUSTRY,1,0,0
NCT03589768,PHASE2,399,ACTUAL,2019-01-24,2020-07-01,NIH,6,2,2
NCT00475150,PHASE2,39,ACTUAL,2008-05,2011-07,NIH,11,5,1
NCT01083550,PHASE2|PHASE3,74,ACTUAL,2010-02,2016-11,OTHER,1,1,1
NCT00434668,PHASE2,99,ESTIMATED,2005-12,2010-09,OTHER,1,3,1
NCT02492568,PHASE2,92,ACTUAL,2015-07,2018-06,OTHER,1,1,1
NCT00140374,PHASE1|PHASE2,36,,1998-12,,INDUSTRY,1,0,0
NCT00684918,PHASE2,18,ACTUAL,2008-04,2009-08,INDUSTRY,1,13,2
NCT01246440,PHASE2,39,ACTUAL,2010-06,2014-02,OTHER,1,17,1
NCT07171840,PHASE3,43,ACTUAL,2021-05-01,2022-07-23,OTHER,1,1,1
NCT04983589,PHASE3,230,ACTUAL,2021-09-02,2022-02-11,INDUSTRY,1,23,1
NCT01524289,PHASE3,306,ACTUAL,2012-02-03,2014-02-12,INDUSTRY,2,0,0
NCT02503189,PHASE3,,,,2017-01,INDUSTRY,1,1,1
NCT05509868,PHASE3,182,ACTUAL,2022-07-25,2025-02-28,INDUSTRY,1,1,1
NCT01241591,PHASE3,1101,ACTUAL,2010-11,2013-01,INDUSTRY,1,122,26
NCT02610491,PHASE2,53,ACTUAL,2015-02,2015-10,OTHER,2,1,1
NCT03000374,PHASE2,34,ACTUAL,2017-05-30,2020-10-31,OTHER,1,11,1
NCT00107848,PHASE3,280,,2004-10,,INDUSTRY,2,61,2
NCT03894748,PHASE2|PHASE3,168,ACTUAL,2011-12,2012-08,INDUSTRY,1,3,1
NCT03405155,PHASE2,26,ACTUAL,2018-01-17,2025-12-15,OTHER,1,4,1
NCT00449878,PHASE3,163,ACTUAL,2007-05,2008-06,INDUSTRY,2,29,1
NCT00005878,PHASE2,,,2000-07,2005-09,OTHER,1,8,1
NCT04625985,PHASE2,20,ACTUAL,2020-07-14,2021-03-08,INDUSTRY,1,1,1
NCT03661385,PHASE3,300,ACTUAL,2018-07-11,2022-03-23,OTHER,2,4,4
NCT01174043,PHASE2,11,ACTUAL,2010-07,2012-03,OTHER,1,1,1
NCT00214643,PHASE3,160,,2005-06,,UNKNOWN,1,1,1
NCT01393743,PHASE3,163,ACTUAL,2011-09,2014-05,INDUSTRY,1,0,0
NCT03886415,PHASE2,118,ACTUAL,2019-01-08,2021-02-02,INDUSTRY,1,1,1
NCT02715115,PHASE2,82,ACTUAL,2016-03,2017-01-05,INDUSTRY,1,12,1
NCT04448808,PHASE2,170,ACTUAL,2020-10-01,2025-01-02,OTHER,1,4,1
NCT00409825,PHASE2,61,ACTUAL,2006-03,2008-04,OTHER,1,4,1
NCT02211417,PHASE2,102,ACTUAL,2015-01,2015-11,INDUSTRY,1,14,2
NCT01573117,PHASE2,20,ACTUAL,2010-09,2011-11,OTHER,2,1,1
NCT02013817,PHASE2,43,ACTUAL,2005-10-11,2012-09-24,INDUSTRY,1,8,1
NCT02353689,PHASE2|PHASE3,84,ACTUAL,2013-10,2014-12,OTHER,1,0,0
NCT01174589,PHASE2,100,ACTUAL,2010-09,2014-06,OTHER,1,1,1
NCT03279289,PHASE2,170,ACTUAL,2017-10-25,2023-02-09,OTHER,1,1,1
NCT00006968,PHASE1|PHASE2,4,ACTUAL,2000-09,2004-09,OTHER,1,1,1
NCT03170050,PHASE3,107,ACTUAL,2017-03-01,2017-11-21,INDUSTRY,1,2,1
NCT01749891,PHASE1|PHASE2,25,ACTUAL,2012-03,2013-06-04,INDUSTRY,1,1,1
NCT06752174,PHASE3,300,ACTUAL,2023-03-08,2024-04-12,INDUSTRY,1,1,1
NCT00239174,PHASE2,394,ACTUAL,2004-11,2005-11,INDUSTRY,1,5,5
NCT00002674,PHASE2,30,ESTIMATED,1994-10,2000-03,OTHER,1,1,1
NCT00619840,PHASE3,363,ACTUAL,2004-11,2006-05,INDUSTRY,1,1,1
NCT03532789,PHASE2|PHASE3,66,ACTUAL,2018-05-14,2019-10-23,OTHER,1,1,1
NCT01379989,PHASE3,617,ACTUAL,2011-06,2020-12-17,OTHER,1,132,11
NCT05981040,PHASE2,24,ACTUAL,2023-11-09,2024-06-26,INDUSTRY,1,7,1
NCT00396591,PHASE2,16,ACTUAL,2006-10,2008-11,INDUSTRY,1,3,3
NCT05173818,PHASE2,20,ACTUAL,2022-06-28,2025-08-01,OTHER,2,1,1
NCT02123368,PHASE1|PHASE2,30,ACTUAL,2012-05,2014-11,OTHER,1,2,1
NCT00117650,PHASE2,289,ACTUAL,2005-02,2008-09,INDUSTRY,3,47,3
NCT00414050,PHASE3,1718,ACTUAL,2006-10-06,2007-10-22,INDUSTRY,1,0,0
NCT02371668,PHASE2,104,ACTUAL,2015-02-25,2018-11-30,NIH,1,1,1
NCT00861068,PHASE2,44,ACTUAL,2002-02,2002-12,INDUSTRY,1,0,0
NCT00387140,PHASE2,89,ACTUAL,2006-10,2007-05,INDUSTRY,2,0,0
NCT02205840,PHASE2|PHASE3,240,ACTUAL,2014-07,2014-11,INDUSTRY,1,1,1
NCT05081089,PHASE2,80,ACTUAL,2021-10-12,2021-12-16,OTHER,1,1,1
NCT01313689,PHASE3,122,ACTUAL,2011-04-14,2014-03-18,INDUSTRY,1,80,17
NCT01069991,PHASE2,345,ACTUAL,2002-01,2006-04,OTHER,1,1,1
NCT02276274,PHASE3,12,ACTUAL,2014-06,2014-06,INDUSTRY,1,1,1
NCT02167789,PHASE3,520,ACTUAL,2009-09,2013-06,INDUSTRY,1,50,9
NCT01048268,PHASE1|PHASE2,30,ACTUAL,2009-12,2014-04,OTHER,1,1,1
NCT04531540,PHASE3,225,ACTUAL,2013-09-09,2013-10-18,INDUSTRY,1,1,1
NCT00094991,PHASE3,42,,2004-05,2006-05,INDUSTRY,1,2,2
NCT06178991,PHASE3,8795,ACTUAL,2023-12-20,2024-11-26,INDUSTRY,2,106,1
NCT00382174,PHASE2,72,ACTUAL,2006-05,2008-12,INDUSTRY,1,12,1
NCT02437318,PHASE3,572,ACTUAL,2015-07-23,2018-06-12,INDUSTRY,1,197,31
NCT04239950,PHASE3,316,ACTUAL,2020-05-09,2023-07-20,INDUSTRY,1,1,1
NCT00679289,PHASE2,36,ACTUAL,2008-03-28,2014-02-03,OTHER,2,2,1
NCT00152789,PHASE2,40,ESTIMATED,2001-04,2008-03,OTHER,1,1,1
NCT00550589,PHASE2,33,ACTUAL,2007-09,2010-02,NETWORK,2,8,1
NCT01096368,PHASE3,479,ACTUAL,2010-05-07,2021-12-31,NETWORK,6,209,4
NCT02756650,PHASE2,8,ACTUAL,2016-06-23,2019-01-31,INDUSTRY,1,1,1
NCT00071591,PHASE2,240,,2001-07,2006-11,OTHER,1,1,1
NCT02078674,PHASE1|PHASE2,610,ACTUAL,2014-03,2015-07,INDUSTRY,1,5,1
NCT00974974,PHASE3,471,ACTUAL,2009-09,2011-01,INDUSTRY,1,73,8
NCT05357755,PHASE2,90,ACTUAL,2022-06-13,2023-03-23,INDUSTRY,1,34,6
NCT00244855,PHASE2,32,ACTUAL,2004-05,2008-12,OTHER,23,1,1
NCT01348243,PHASE3,260,ACTUAL,2011-10,2013-03,INDUSTRY,1,1,1
NCT00807443,PHASE2,10,ACTUAL,2009-09,2011-12,OTHER,2,1,1
NCT01380743,PHASE2,25,ACTUAL,2011-10-31,2013-01-04,INDUSTRY,1,15,4
NCT01890343,PHASE2,34,ACTUAL,2009-09,2012-12,INDUSTRY,2,1,1
NCT01098435,PHASE2,69,ACTUAL,2010-05,2011-05,INDUSTRY,1,6,1
NCT02348008,PHASE1|PHASE2,61,ACTUAL,2015-03,2019-12-05,OTHER,1,9,1
NCT01605825,PHASE2,83,ACTUAL,2012-05,2013-02,INDUSTRY,1,20,1
NCT00377676,PHASE3,3095,ACTUAL,2004-07,2007-01,INDUSTRY,1,0,0
NCT04585776,PHASE2,31,ACTUAL,2020-10-30,2021-05-27,INDUSTRY,1,3,1
NCT02017340,PHASE3,511,ACTUAL,2013-04-24,2016-12-16,OTHER,1,23,9
NCT03855189,PHASE3,345,ACTUAL,1993-08-23,1993-10-08,INDUSTRY,1,0,0
NCT00432289,PHASE1|PHASE2,30,ESTIMATED,2006-11,2009-06,OTHER,1,1,1
NCT02250950,PHASE2|PHASE3,57,ACTUAL,2014-06,2015-02,OTHER,1,1,1
NCT04847050,PHASE2,19,ACTUAL,2021-04-28,2023-05-25,NIH,5,1,1
NCT00369850,PHASE3,458,ACTUAL,2004-05,2008-05,NETWORK,2,16,8
NCT00021450,PHASE3,819,ACTUAL,2001-04,2008-04,NETWORK,1,20,11
NCT01745640,PHASE2,63,ACTUAL,2012-01,2015-12,OTHER,1,20,1
NCT00117468,PHASE2,20,ESTIMATED,2005-06,2006-04,INDUSTRY,1,1,1
NCT00385268,PHASE2,60,ACTUAL,2006-11,2008-05,OTHER,1,1,1
NCT00616668,PHASE2,20,ACTUAL,2003-01,,OTHER_GOV,1,0,0
NCT00543868,PHASE2,462,ACTUAL,2004-06,2004-08,INDUSTRY,2,0,0
NCT00752791,PHASE2,59,ACTUAL,2008-10,2010-05,INDUSTRY,1,23,5
NCT00326378,PHASE3,434,ACTUAL,2005-10,2013-03,OTHER,1,1,1
NCT00081978,PHASE2,211,ACTUAL,2004-03,,INDUSTRY,1,0,0
NCT04213885,PHASE2,12,ACTUAL,2020-05-04,2024-08-05,OTHER,3,1,1
NCT04157985,PHASE3,161,ACTUAL,2019-11-15,2025-10-14,OTHER,13,1,1
NCT01472185,PHASE3,465,ACTUAL,2011-11,2013-10,INDUSTRY,1,159,10
NCT02376985,PHASE3,174,ACTUAL,2015-03-26,2018-03-31,OTHER,1,1,1
NCT01644643,PHASE3,345,ACTUAL,2013-01,2014-09,INDUSTRY,2,43,18
NCT02663635,PHASE3,30,ACTUAL,2016-01,2016-01,INDUSTRY,1,1,1
NCT00436176,PHASE3,6000,ESTIMATED,2007-06,2008-06,OTHER,1,1,1
NCT00269776,PHASE3,,,1998-11,,INDUSTRY,1,0,0
NCT05465889,PHASE3,348,ACTUAL,2019-05-15,2020-01-09,OTHER,1,1,1
NCT00888940,PHASE2,243,ACTUAL,2009-06,2009-12,INDUSTRY,2,34,3
NCT00108589,PHASE3,,,2004-01,,FED,1,1,1
NCT00811889,PHASE2,227,ACTUAL,2009-04-30,2010-05-31,INDUSTRY,3,42,1
NCT01326689,PHASE3,42,ACTUAL,2011-03,2012-06,INDUSTRY,1,1,1
NCT05445089,PHASE2|PHASE3,600,ACTUAL,2020-08-01,2020-11-01,OTHER,5,1,1
NCT02254291,PHASE3,308,ACTUAL,2014-10-02,2015-11-11,INDUSTRY,2,25,1
NCT05700591,PHASE3,1552,ACTUAL,2023-01-29,2024-03-14,INDUSTRY,1,72,1
NCT00362518,PHASE3,12,ACTUAL,2004-07,2007-06,OTHER,1,1,1
NCT00515450,PHASE3,46,ESTIMATED,2007-07,2010-05,INDUSTRY,1,1,1
NCT02549989,PHASE2,28,ACTUAL,2015-09,2022-03-23,OTHER,2,6,1
NCT00723489,PHASE1|PHASE2,82,ACTUAL,2008-08,2011-04,NIH,1,3,1
NCT00269789,PHASE3,,,1998-03,,INDUSTRY,1,0,0
NCT01522768,PHASE2,42,ACTUAL,2012-03,2023-02-20,OTHER,2,9,1
NCT01881568,PHASE3,79,ACTUAL,2013-01,2014-01,OTHER,1,1,1
NCT01621789,PHASE3,25,ACTUAL,2012-06,2013-07,OTHER,1,1,1
NCT01384591,PHASE1|PHASE2,6,ACTUAL,2011-07,2015-05,OTHER,1,1,1
NCT03525574,PHASE3,507,ACTUAL,2018-10-09,2023-01-09,INDUSTRY,1,110,13
NCT00281840,PHASE2,30,ACTUAL,2005-09,2012-04,OTHER,1,6,1
NCT05101889,PHASE2,110,ACTUAL,2013-01-11,2017-01-31,OTHER,1,0,0
NCT01729091,PHASE2,72,ACTUAL,2013-06-10,2024-06-25,OTHER,2,1,1
NCT00022191,PHASE3,608,ACTUAL,2001-05,2004-06,NETWORK,3,234,16
NCT03945591,PHASE2,23,ACTUAL,2019-06-20,2022-12-29,OTHER,1,1,1
NCT00179491,PHASE3,1802,ACTUAL,1998-04,,OTHER,1,0,0
NCT00421174,PHASE3,37,ACTUAL,2007-08,2010-06,NIH,2,12,1
NCT01811940,PHASE2|PHASE3,169,ACTUAL,2013-07,2017-06,OTHER,1,2,1
NCT02178189,PHASE2,85,ACTUAL,2010-04,2013-04,OTHER,1,1,1
NCT04381689,PHASE3,260,ACTUAL,2024-10-23,2025-05-20,INDUSTRY,1,2,1
NCT01877668,PHASE3,422,ACTUAL,2014-01-20,2015-12-18,INDUSTRY,1,123,16
NCT00152191,PHASE3,1300,ESTIMATED,1996-10,2007-10,INDUSTRY,1,1,1
NCT01613274,PHASE3,80,ACTUAL,2012-06,2014-03,OTHER,1,1,1
NCT00878774,PHASE2,50,ESTIMATED,2009-04,2009-11,INDUSTRY,1,1,1
NCT01748474,PHASE2,20,ACTUAL,2012-12,2016-03,OTHER,2,1,1
NCT01327235,PHASE2,336,ACTUAL,2011-03,2014-04,INDUSTRY,2,3,1
NCT01968408,PHASE3,184,ACTUAL,2012-09,2015-02,OTHER,1,1,1
NCT01922817,PHASE3,28,ACTUAL,2012-09,2014-04,OTHER,2,1,1
NCT01401517,PHASE2,55,ACTUAL,2011-07,2013-01,INDUSTRY,1,10,1
NCT05096117,PHASE2,60,ACTUAL,2021-12-13,2023-03-22,NIH,3,3,1
NCT05410743,PHASE1|PHASE2,30,ACTUAL,2022-06-01,2025-03-24,OTHER,1,1,1
NCT00771615,PHASE2,469,ACTUAL,2008-10-16,2009-05-26,INDUSTRY,1,10,2
NCT00234676,PHASE2,23,ACTUAL,2003-10,2006-03,NETWORK,1,6,1
NCT00767325,PHASE3,104,ACTUAL,2008-12,2011-10,INDUSTRY,1,21,8
NCT02240017,PHASE2|PHASE3,46,ACTUAL,2015-01-21,2018-04-10,OTHER,2,18,1
NCT00638976,PHASE3,91,ACTUAL,2007-11,2010-02,OTHER,1,1,1
NCT02098291,PHASE2,34,ACTUAL,1999-04,2001-07,INDUSTRY,1,0,0
NCT01088191,PHASE1|PHASE2,17,ACTUAL,2009-03,2013-11,INDUSTRY,2,1,1
NCT00089674,PHASE3,1468,ACTUAL,2004-08-01,2008-05-16,INDUSTRY,1,0,0
NCT00005818,PHASE1|PHASE2,68,ACTUAL,2000-03,2003-03,NIH,8,1,1
NCT01335932,PHASE2,160,ACTUAL,2011-03-10,2016-06-17,OTHER,3,14,1
NCT00146809,PHASE3,60,,2003-12,,OTHER,2,10,2
NCT05579964,PHASE2|PHASE3,66,ACTUAL,2022-10-10,2023-04-10,OTHER,3,1,1
NCT00398398,PHASE2,44,ACTUAL,2006-11,2008-09,OTHER,1,3,1
NCT00105209,PHASE2,20,,2002-04,,INDIV,1,2,1
NCT00345787,PHASE3,262,ACTUAL,2006-05,2007-08,INDUSTRY,2,28,1
NCT00002984,PHASE1|PHASE2,26,ACTUAL,1997-03,2006-05,OTHER,1,1,1
NCT04338958,PHASE2,193,ACTUAL,2020-04-22,2021-07-15,OTHER,1,6,1
NCT00074958,PHASE2,16,ACTUAL,2002-10,2005-05,INDUSTRY,1,7,4
NCT01491958,PHASE2,40,ACTUAL,2011-12-10,2014-01-01,OTHER,3,1,1
NCT01971658,PHASE3,358,ACTUAL,2013-10,2015-08,OTHER,1,63,1
NCT03158948,PHASE2,50,ACTUAL,2017-07-03,2018-06-13,INDUSTRY,1,4,4
NCT00278148,PHASE1|PHASE2,32,ACTUAL,2005-10,2011-02,OTHER,1,1,1
NCT05093855,PHASE2,41,ACTUAL,2021-08-18,2023-08-22,INDUSTRY,1,15,1
NCT05934526,PHASE3,390,ACTUAL,2023-12-28,2025-11-27,INDUSTRY,1,166,31
NCT01716026,PHASE3,66,ACTUAL,2012-10,2018-04,OTHER,1,11,1
NCT01852578,PHASE2,46,ACTUAL,2012-09,2013-08,OTHER,1,5,1
NCT02216578,PHASE2,51,ACTUAL,2017-02-02,2019-05-20,NETWORK,1,11,6
NCT04223778,PHASE3,672,ACTUAL,2020-02-18,2021-09-08,INDUSTRY,1,78,15
NCT00560885,PHASE3,55,ACTUAL,2007-11,2009-12,INDUSTRY,1,9,1
NCT01417143,PHASE2,33,ESTIMATED,2011-09,2013-12,OTHER,1,1,1
NCT00230815,PHASE3,62,ACTUAL,2004-07,2005-11,INDUSTRY,1,0,0
NCT02360215,PHASE3,518,ACTUAL,2015-07,2018-04-30,OTHER,3,220,2
NCT02915835,PHASE2,17,ACTUAL,2016-09,2018-07-24,OTHER,2,5,1
NCT03048825,PHASE3,7264,ACTUAL,2018-02-01,2024-08-09,OTHER,2,109,14
NCT03497325,PHASE2,134,ACTUAL,2020-02-01,2020-12-15,OTHER,1,1,1
NCT06596876,PHASE3,165,ACTUAL,2024-11-06,2025-10-09,INDUSTRY,1,1,1
NCT03049540,PHASE3,100,ACTUAL,2017-10-25,2021-10-28,OTHER,2,7,2
NCT00427440,PHASE2,61,ACTUAL,2006-11,2008-12,INDUSTRY,1,0,0
NCT07385040,PHASE2|PHASE3,62,ACTUAL,2023-04-13,2023-12-31,OTHER,3,1,1
NCT00645840,PHASE1|PHASE2,15,ACTUAL,2008-03,2009-09,OTHER,1,1,1
NCT05376150,PHASE2,168,ACTUAL,2022-05-19,2023-09-18,INDUSTRY,1,20,1
NCT00151450,PHASE3,390,,2005-03,,INDUSTRY,1,45,8
NCT02004691,PHASE2|PHASE3,36,ACTUAL,2015-12-18,2021-03-15,INDUSTRY,1,24,17
NCT00003091,PHASE2,40,ESTIMATED,1996-01,2000-01,OTHER,2,4,1
NCT01125774,PHASE2|PHASE3,4548,ACTUAL,2010-06-01,2011-04-08,INDUSTRY,1,0,0
NCT03377790,PHASE3,266,ACTUAL,2018-03-21,2018-11-26,INDUSTRY,1,18,1
NCT00175890,PHASE3,116,ACTUAL,2004-10,2007-01,INDUSTRY,1,86,15
NCT01256190,PHASE2,56,ACTUAL,2010-12,2011-09,INDUSTRY,1,1,1
NCT01189890,PHASE3,480,ACTUAL,2010-08-16,2012-10-31,INDUSTRY,1,0,0
NCT00645190,PHASE3,215,ACTUAL,2004-03,,INDUSTRY,1,0,0
NCT00438490,PHASE2,21,ACTUAL,2002-04,2011-03,OTHER,1,1,1
NCT00089297,PHASE2,74,ACTUAL,2005-01-06,2010-02,NETWORK,1,0,0
NCT00063713,PHASE2,152,,2003-06,2005-12,INDUSTRY,1,35,1
NCT01014013,PHASE3,271,ACTUAL,2008-04,2009-02,INDUSTRY,1,0,0
NCT00770913,PHASE2|PHASE3,337,ACTUAL,2008-10,2009-11,INDUSTRY,1,54,1
NCT00000560,PHASE3,,,1994-06,,NIH,4,0,0
NCT01534260,PHASE1|PHASE2,37,ACTUAL,2012-02-10,2016-08-29,OTHER,1,1,1
NCT04983160,PHASE2,22,ACTUAL,2014-02-26,2016-04-29,OTHER,1,1,1
NCT00106860,PHASE3,158,,2005-03,,INDUSTRY,1,13,1
NCT01928420,PHASE2,30,ACTUAL,2007-04,2014-06,INDUSTRY,2,1,1
NCT00104182,PHASE3,503,ACTUAL,2005-02,2006-02,INDUSTRY,2,96,7
NCT00000324,PHASE2,200,,1997-03,,NIH,1,1,1
NCT02808624,PHASE1|PHASE2,65,ACTUAL,2015-06,2016-11,OTHER,2,1,1
NCT01196624,PHASE2,11,ACTUAL,2008-11,2013-02,OTHER_GOV,2,1,1
NCT00002623,PHASE3,640,ESTIMATED,1994-12,2002-12,NETWORK,1,30,5
NCT01966523,PHASE2,62,ACTUAL,2013-10,2016-02,OTHER,1,1,1
NCT00171223,PHASE2,532,ACTUAL,1999-12-06,2013-11-29,INDUSTRY,1,28,6
NCT00716859,PHASE3,139,ACTUAL,2008-07,2009-11,INDUSTRY,1,48,20
NCT04632459,PHASE2,26,ACTUAL,2021-06-16,2025-01-09,OTHER,1,2,1
NCT00363259,PHASE3,110,,2002-07,,OTHER,1,7,1
NCT01844180,PHASE2,200,ACTUAL,2013-04,2014-07,INDUSTRY,1,48,1
NCT03018080,PHASE2,40,ACTUAL,2017-06-12,2021-07-29,OTHER,2,1,1
NCT00000580,PHASE3,,,1975-11,,NIH,3,0,0
NCT05658380,PHASE3,60,ACTUAL,2022-12-25,2023-05-25,OTHER,1,1,1
NCT02936479,PHASE2,1,ACTUAL,2016-10,2018-10-30,OTHER,1,1,1
NCT00058279,PHASE1|PHASE2,,,2003-02,,NIH,2,1,1
NCT00510159,PHASE2|PHASE3,800,ACTUAL,2007-08,2007-10,INDUSTRY,1,1,1
NCT01003496,PHASE3,204,ACTUAL,2009-11-05,2011-07-27,OTHER,1,1,1
NCT00561262,PHASE2,60,ESTIMATED,2006-05,2009-10,OTHER,1,1,1
NCT01162746,PHASE2,40,ACTUAL,2011-10,2015-06,OTHER,2,1,1
NCT00273546,PHASE3,500,ACTUAL,1999-05,2006-02,INDUSTRY,1,6,6
NCT00105846,PHASE2,200,ESTIMATED,,,FED,3,2,1
NCT00419146,PHASE2|PHASE3,99,ACTUAL,2001-09,2004-04,OTHER,4,1,1
NCT01466088,PHASE2,386,ACTUAL,2011-10,2014-05,INDUSTRY,1,33,5
NCT04869488,PHASE2,93,ACTUAL,2021-07-19,2023-02-14,INDUSTRY,1,1,1
NCT00565331,PHASE2|PHASE3,280,ACTUAL,2007-12,2013-12,OTHER,1,1,1
NCT03200002,PHASE2,49,ACTUAL,2014-01-01,2015-06-30,OTHER,1,0,0
NCT03176953,PHASE2|PHASE3,100,ACTUAL,2017-11-01,2022-10-31,FED,1,1,1
NCT02177253,PHASE3,1118,ACTUAL,2002-10,2004-03,INDUSTRY,1,0,0
NCT00003372,PHASE2,17,ACTUAL,1997-12-08,2000-10-05,NETWORK,1,11,1
NCT05118672,PHASE3,567,ACTUAL,2025-03-26,2025-08-26,INDUSTRY,2,2,1
NCT01176695,PHASE3,240,ACTUAL,2010-04,2011-04,INDUSTRY,1,2,1
NCT05582395,PHASE3,580,ACTUAL,2022-12-14,2025-03-06,INDUSTRY,1,224,23
NCT04347239,PHASE2,484,ACTUAL,2020-04-16,2021-10-24,INDUSTRY,1,18,1
NCT02161757,PHASE3,1207,ACTUAL,2014-06-13,2017-02-28,INDUSTRY,1,243,15
NCT05813912,PHASE3,148,ACTUAL,2023-09-22,2025-04-14,INDUSTRY,1,39,5
NCT02310412,PHASE2,14,ACTUAL,2014-12,2015-05,INDUSTRY,1,0,0
NCT03453112,PHASE3,494,ACTUAL,2017-10-09,2021-12-28,INDUSTRY,1,52,1
NCT03680612,PHASE2,45,ACTUAL,2017-09-05,2018-02-14,INDUSTRY,1,5,5
NCT03905512,PHASE2,170,ACTUAL,2019-05-07,2020-08-05,INDUSTRY,1,43,1
NCT00718081,PHASE2,88,ACTUAL,2008-08,2009-03,INDUSTRY,1,1,1
NCT00038519,PHASE2|PHASE3,16,,2001-04,,INDUSTRY,1,52,10
NCT00240630,PHASE3,646,ACTUAL,2005-10,2006-06,INDUSTRY,2,50,1
NCT00003428,PHASE2,114,ESTIMATED,1998-05,2001-06,OTHER,1,1,1
NCT00746967,PHASE2,267,ACTUAL,2003-01,,INDUSTRY,2,82,1
NCT00208767,PHASE2,120,ACTUAL,2005-02,2009-11,OTHER,2,1,1
NCT02227667,PHASE2,16,ACTUAL,2014-12-02,2020-06-29,OTHER,1,1,1
NCT01159600,PHASE3,1504,ACTUAL,2010-07,2012-02,INDUSTRY,1,148,12
NCT02493036,PHASE2,54,ACTUAL,2015-10,2015-12,INDUSTRY,1,11,1
NCT05200936,PHASE2,53,ACTUAL,2021-12-17,2023-11-06,INDUSTRY,2,2,2
NCT01130792,PHASE1|PHASE2,124,ACTUAL,2010-05,2011-07,OTHER,1,1,1
NCT05107011,PHASE1|PHASE2,25,ACTUAL,2021-11-08,2023-12-05,INDUSTRY,1,6,1
NCT00095992,PHASE2,15,ACTUAL,2005-03-08,2006-09-26,NETWORK,1,4,1
NCT01584492,PHASE2,59,ACTUAL,2011-12,2013-02,INDUSTRY,1,2,2
NCT03774771,PHASE2,48,ACTUAL,1998-09-29,1999-12-13,INDUSTRY,1,0,0
NCT02491671,PHASE3,260,ACTUAL,2015-11-24,2019-06-30,OTHER,2,6,1
NCT00814944,PHASE2,143,ACTUAL,2009-04,2009-10,INDUSTRY,1,1,1
NCT00553644,PHASE2,53,ACTUAL,2007-11-15,2012-12-31,NIH,1,82,1
NCT00413634,PHASE2,24,ACTUAL,2006-11-13,2008-01-22,INDUSTRY,1,5,3
NCT02439034,PHASE2,68,ACTUAL,2015-02,2016-09,OTHER,2,1,1
NCT03301532,PHASE2,10,ACTUAL,2018-06-05,2021-06-18,OTHER,1,1,1
NCT01468532,PHASE1|PHASE2,18,ACTUAL,2011-10,2017-07-20,OTHER,4,1,1
NCT00894998,PHASE3,104,ACTUAL,2009-06,2009-09,INDUSTRY,1,1,1
NCT02594098,PHASE2,41,ACTUAL,2015-11,2018-01-30,OTHER,1,1,1
NCT01121393,PHASE3,364,ACTUAL,2010-04-19,2017-11-23,INDUSTRY,2,36,3
NCT02971293,PHASE2,42,ACTUAL,2016-12-15,2017-08-18,INDUSTRY,1,2,2
NCT00615693,PHASE2,13,ACTUAL,2008-07,2009-10,INDUSTRY,3,13,1
NCT00510393,PHASE2,140,ACTUAL,2008-03,2010-11,NETWORK,2,5,3
NCT00070421,PHASE1|PHASE2,,,2003-04,,INDUSTRY,4,1,1
NCT04906421,PHASE2,168,ACTUAL,2021-08-12,2023-10-02,INDUSTRY,1,117,4
NCT00413114,PHASE2,24,ACTUAL,2006-12,2009-02,INDUSTRY,1,22,2
NCT00092716,PHASE3,655,ACTUAL,2002-05,2003-04,INDUSTRY,1,0,0
NCT00398216,PHASE2,903,ACTUAL,2006-05,2007-06,INDUSTRY,2,29,7
NCT03861416,PHASE2,360,ACTUAL,2018-03-16,2019-09-13,INDUSTRY,1,19,1
NCT00252304,PHASE2|PHASE3,641,ACTUAL,2006-01,2008-07,OTHER,1,1,1
NCT00033384,PHASE2,,,2002-02,2003-11,OTHER,4,1,1
NCT00388284,PHASE3,270,,2006-08,2007-03,INDUSTRY,1,6,1
NCT04136184,PHASE3,168,ACTUAL,2019-12-11,2023-04-11,INDUSTRY,1,45,16
NCT00332852,PHASE3,655,ACTUAL,2006-03,2010-07,INDUSTRY,1,53,1
NCT00412152,PHASE3,,,2006-01,2008-04,INDUSTRY,1,0,0
NCT00889252,PHASE3,250,ACTUAL,2009-04,2009-07,INDUSTRY,1,1,1
NCT00118833,PHASE2|PHASE3,56,ESTIMATED,2002-08,,NIH,2,1,1
NCT03432533,PHASE3,283,ACTUAL,2018-02-06,2019-04-11,INDUSTRY,1,46,3
NCT01880333,PHASE2|PHASE3,31,ACTUAL,2012-11,2014-03,OTHER_GOV,1,1,1
NCT03156452,PHASE3,123,ACTUAL,2017-10-25,2020-03-05,OTHER,1,1,1
NCT00059852,PHASE2,61,ACTUAL,2003-06,2006-08,OTHER,1,25,1
NCT00309049,PHASE1|PHASE2,30,,2006-04,2007-05,INDUSTRY,1,2,1
NCT02931149,PHASE3,11,ACTUAL,2016-08,2017-02,OTHER,3,1,1
NCT00596258,PHASE2,11,ACTUAL,2007-11,2008-07,INDUSTRY,2,5,1
NCT06949358,PHASE2,3,ACTUAL,2021-11-18,2025-04-08,INDUSTRY,1,2,1
NCT01706458,PHASE2,18,ACTUAL,2013-05-20,2017-06-12,OTHER,1,1,1
NCT00516958,PHASE2,65,ESTIMATED,2007-05,2007-12,INDUSTRY,1,16,1
NCT03204058,PHASE2|PHASE3,90,ACTUAL,2016-02-10,2017-02-23,OTHER,1,0,0
NCT00153049,PHASE2,583,ACTUAL,2004-06,2005-06,INDUSTRY,1,24,1
NCT00578149,PHASE2,45,ESTIMATED,2006-05,2007-08,OTHER,1,2,1
NCT00000167,PHASE3,1052,ACTUAL,1999-05,,NIH,1,24,1
NCT01266967,PHASE2,172,ACTUAL,2011-02,2011-11,INDUSTRY,1,24,6
NCT03683667,PHASE2|PHASE3,5283,ACTUAL,2018-09-23,2020-03-19,OTHER,4,1,1
NCT01694667,PHASE2,57,ACTUAL,2012-09,2012-12,OTHER,2,1,1
NCT00997100,PHASE2,13,ACTUAL,2009-08,2010-09,INDUSTRY,1,4,2
NCT03374800,PHASE3,4800,ACTUAL,2018-07-09,2023-10-31,OTHER,1,67,8
NCT01383707,PHASE2,77,ACTUAL,2011-08-12,2014-05-28,INDUSTRY,1,11,1
NCT00532207,PHASE3,50,ACTUAL,2003-11,,INDUSTRY,1,1,1
NCT01625507,PHASE2,73,ACTUAL,2012-10,2013-10,OTHER,1,1,1
NCT00883207,PHASE2|PHASE3,65,ESTIMATED,2006-02,2007-07,OTHER,1,1,1
NCT04128007,PHASE2,304,ACTUAL,2020-01-13,2020-09-23,INDUSTRY,1,47,4
NCT00879892,PHASE2,110,ACTUAL,2009-05,2014-09,OTHER_GOV,1,10,2
NCT00540592,PHASE2,2007,ACTUAL,2007-10-08,2008-06-10,INDUSTRY,1,30,4
NCT01662492,PHASE3,125,ACTUAL,2012-10,2016-08,INDUSTRY,1,22,1
NCT01306292,PHASE2,36,ACTUAL,2011-04,2011-11,INDUSTRY,1,1,1
NCT00119392,PHASE2,42,ACTUAL,2004-06,2009-07,OTHER,17,1,1
NCT00612807,PHASE1|PHASE2,42,ACTUAL,2006-07,2010-06,OTHER,2,1,1
NCT00701636,PHASE3,30,ACTUAL,2008-07,2010-10,OTHER,3,1,1
NCT00133536,PHASE1|PHASE2,157,ACTUAL,2006-01,2007-04,NIH,1,4,1
NCT02040636,PHASE2,277,ACTUAL,1999-01,2000-05,INDUSTRY,5,1,1
NCT01683071,PHASE2|PHASE3,297,ACTUAL,2012-09,2013-12,INDUSTRY,1,30,1
NCT00117871,PHASE2,48,,2004-10,,INDUSTRY,1,1,1
NCT00246571,PHASE2,217,ACTUAL,2006-01,2010-05,INDUSTRY,1,113,12
NCT01242644,PHASE2,48,ACTUAL,2006-10,2009-10,OTHER,1,0,0
NCT02013544,PHASE3,558,ACTUAL,2014-02,2015-01,INDUSTRY,1,38,2
NCT01861964,PHASE2|PHASE3,30,ACTUAL,2012-02,2013-01,OTHER,2,2,1
NCT00125164,PHASE3,137,ACTUAL,2004-03,2008-07,INDUSTRY,2,1,1
NCT00477464,PHASE2,51,ACTUAL,2007-06,2010-12,INDUSTRY,2,15,1
NCT03003364,PHASE1|PHASE2,10,ACTUAL,2016-12-27,2019-07-25,OTHER,1,1,1
NCT05825209,PHASE3,84,ACTUAL,2023-04-06,2023-07-04,INDUSTRY,1,1,1
NCT02169609,PHASE2,24,ACTUAL,2014-11-26,2016-12-26,OTHER,3,1,1
NCT00873509,PHASE2|PHASE3,166,ACTUAL,2009-05,2015-01,INDIV,1,6,1
NCT00581399,PHASE2,94,ACTUAL,2006-09,2010-07,OTHER,2,1,1
NCT00882999,PHASE2,245,ACTUAL,2009-04,2011-02,INDUSTRY,1,63,13
NCT02335099,PHASE1|PHASE2,54,ACTUAL,2014-12,2019-06,OTHER,2,1,1
NCT06288932,PHASE3,118,ACTUAL,2023-08-18,2024-02-18,OTHER_GOV,1,1,1
NCT00433732,PHASE3,1400,,2004-08,,INDUSTRY,1,2,1
NCT00792298,PHASE2,254,ACTUAL,2008-11-05,2009-12-26,INDUSTRY,1,0,0
NCT00690898,PHASE3,108,ACTUAL,2008-05,2012-02,INDUSTRY,1,27,9
NCT02002663,PHASE3,120,ACTUAL,2013-08,2016-06,OTHER,1,2,1
NCT06607263,PHASE3,120,ACTUAL,2024-09-16,2024-12-09,INDUSTRY,3,1,1
NCT01144663,PHASE3,2095,ACTUAL,2010-07-01,2012-06-22,INDUSTRY,2,44,3
NCT00137787,PHASE3,51,ACTUAL,2005-04,2009-12,OTHER,1,1,1
NCT00397787,PHASE2,64,ACTUAL,2006-11,2007-09,NIH,4,2,1
NCT00883493,PHASE3,421,ACTUAL,2009-04,2011-03,INDUSTRY,1,24,9
NCT00003093,PHASE3,573,ACTUAL,1988-03,2006-09,NETWORK,1,235,7
NCT00298493,PHASE2,65,,2001-02,,OTHER,2,1,1
NCT03384693,PHASE2,25,ACTUAL,2018-05-01,2020-07-31,OTHER,1,1,1
NCT01235221,PHASE3,38,ACTUAL,2010-12,2012-06,INDUSTRY,1,5,1
NCT00568321,PHASE2,99,ACTUAL,2007-12-19,2008-12-20,INDUSTRY,1,31,1
NCT04829214,PHASE2,153,ACTUAL,2021-03-22,2022-06-30,INDUSTRY,1,48,4
NCT01218516,PHASE2,130,ACTUAL,2011-06-27,2012-12-15,INDUSTRY,1,93,8
NCT01109316,PHASE3,132,ACTUAL,2010-04,2011-08,INDUSTRY,1,11,1
NCT00402116,PHASE1|PHASE2,72,ACTUAL,2006-09,2009-12,INDUSTRY,3,1,1
NCT01251406,PHASE2,67,ACTUAL,2012-01,2012-12,INDUSTRY,1,13,1
NCT04240106,PHASE2,14,ACTUAL,2020-06-15,2022-11-17,OTHER,2,10,1
NCT02314806,PHASE3,51,ACTUAL,2013-01,2014-12,OTHER,1,0,0
NCT00020904,PHASE2,,,2001-02,2003-01,OTHER,1,2,1
NCT06067984,PHASE3,73,ACTUAL,2023-09-12,2025-06-13,INDUSTRY,2,1,1
NCT00742833,PHASE2,400,ESTIMATED,,,INDUSTRY,1,6,1
NCT02834052,PHASE1|PHASE2,42,ACTUAL,2018-01-10,2022-07-29,OTHER,2,1,1
NCT01033552,PHASE1|PHASE2,32,ACTUAL,2010-01,2021-08-12,OTHER,1,1,1
NCT00708552,PHASE2,576,ACTUAL,2008-07-04,2010-03-01,INDUSTRY,1,72,11
NCT01665352,PHASE2,186,ACTUAL,2012-08,2013-05,INDUSTRY,1,19,1
NCT00789152,PHASE3,81,ACTUAL,2003-12-01,2004-05-01,INDUSTRY,1,0,0
NCT06865352,PHASE1|PHASE2,15,ACTUAL,2021-02-13,2025-01-30,OTHER,2,1,1
NCT02119052,PHASE2|PHASE3,35,ACTUAL,2009-01,2013-09,OTHER,1,0,0
NCT02280252,PHASE2,69,ACTUAL,2005-03,2018-12-20,OTHER,1,1,1
NCT03360747,PHASE2,3,ACTUAL,2017-12-21,2018-06-12,INDUSTRY,3,1,1
NCT01114347,PHASE2,270,ACTUAL,2010-08,2014-03-22,OTHER,2,1,1
NCT00652938,PHASE3,744,ACTUAL,2008-04-09,2009-08-28,INDUSTRY,1,7,2
NCT01546038,PHASE2,255,ACTUAL,2012-06-27,2017-01-03,INDUSTRY,1,81,6
NCT00410748,PHASE3,388,ACTUAL,,,INDUSTRY,2,0,0
NCT00691678,PHASE2,53,ACTUAL,2008-10,2012-07,OTHER,2,1,1
NCT00489736,PHASE3,504,ACTUAL,2007-06,2008-10,INDUSTRY,1,23,23
NCT00011011,PHASE1|PHASE2,94,ACTUAL,2001-02,,NIH,1,16,1
NCT01224171,PHASE3,416,ACTUAL,2010-11,2012-02,INDUSTRY,1,41,2
NCT01558271,PHASE3,492,ACTUAL,2012-03,2013-10,INDUSTRY,1,14,1
NCT00359944,PHASE2,171,ACTUAL,2006-02,2008-09,INDUSTRY,1,34,1
NCT00764634,PHASE2,440,ACTUAL,2008-09,2010-03,INDUSTRY,1,6,1
NCT00236509,PHASE3,763,ACTUAL,2001-02,,INDUSTRY,4,0,0
NCT00455299,PHASE3,156,ACTUAL,2007-03,2013-10,OTHER,1,2,1
NCT00092599,PHASE3,410,ACTUAL,2003-02,2004-06,INDUSTRY,2,0,0
NCT00144599,PHASE3,56,ACTUAL,2004-05,,INDUSTRY,1,0,0
NCT04392999,PHASE2|PHASE3,55,ACTUAL,2021-02-01,2023-03-26,OTHER,1,1,1
NCT01665534,PHASE3,32,ACTUAL,2010-03,2011-03,OTHER_GOV,1,0,0
NCT01361399,PHASE3,1088,ACTUAL,2004-11-30,2005-05-28,INDUSTRY,3,19,2
NCT04949399,PHASE3,408,ACTUAL,2021-07-08,2022-12-20,INDUSTRY,1,30,2
NCT01904032,PHASE2,265,ACTUAL,2013-11-21,2017-11-11,OTHER,3,1,1
NCT03765632,PHASE1|PHASE2,13,ACTUAL,2018-01-03,2021-09-13,OTHER,1,1,1
NCT02116998,PHASE2,98,ACTUAL,2014-09,2016-04,INDUSTRY,2,1,1
NCT05040698,PHASE2,20,ACTUAL,2021-10-01,2023-01-13,OTHER,1,1,1
NCT00161798,PHASE2,,,2001-09,,INDUSTRY,1,23,1
NCT02595463,PHASE2|PHASE3,89,ACTUAL,2015-11,2024-06-05,OTHER,1,1,1
NCT03108963,PHASE2,280,ESTIMATED,2017-01,2018-03,OTHER_GOV,1,1,1
NCT02723487,PHASE2,60,ACTUAL,2016-04,2017-05,OTHER,1,1,1
NCT00252187,PHASE1|PHASE2,45,ACTUAL,2000-01,2008-07,OTHER,2,1,1
NCT01034787,PHASE2,11,ACTUAL,2009-08-17,2017-08-08,OTHER,1,3,1
NCT03439293,PHASE2,61,ACTUAL,2018-03-13,2022-01-01,INDUSTRY,1,28,6
NCT01502293,PHASE2,51,ACTUAL,2012-02-14,2016-03-21,INDUSTRY,1,6,1
NCT01711021,PHASE2,110,ACTUAL,2012-10,2013-03,INDUSTRY,1,3,1
NCT01847521,PHASE2,50,ACTUAL,2011-12,2013-02,OTHER,1,1,1
NCT06637514,PHASE2,14,ACTUAL,2025-07-16,2026-05-08,INDUSTRY,1,7,2
NCT00838214,PHASE2|PHASE3,208,ACTUAL,2001-03,2008-12,INDUSTRY,1,1,1
NCT01667614,PHASE2,136,ACTUAL,2010-05,2012-03,OTHER,3,1,1
NCT04171414,PHASE3,62,ACTUAL,2019-09-09,2019-11-04,INDUSTRY,1,1,1
NCT00308516,PHASE2,66,ACTUAL,2006-03,2009-04,OTHER,3,14,1
NCT04503616,PHASE1|PHASE2,46,ACTUAL,2020-09-16,2022-12-14,OTHER,1,1,1
NCT00165516,PHASE2,85,ACTUAL,2004-01,2006-07,OTHER,2,2,1
NCT02556606,PHASE3,33,ACTUAL,2015-10-01,2020-03-31,FED,1,1,1
NCT00662506,PHASE1|PHASE2,46,ACTUAL,2008-04,2014-04,NIH,3,2,1
NCT02516306,PHASE1|PHASE2,75,ACTUAL,2015-09-16,2016-03-10,INDUSTRY,1,4,1
NCT02318706,PHASE3,854,ACTUAL,2015-01,2017-06-29,INDUSTRY,1,1,1
NCT02778906,PHASE3,98,ACTUAL,2014-11,2019-12,OTHER,2,9,1
NCT03397004,PHASE2,13,ACTUAL,2018-09-12,2021-02-18,OTHER,1,1,1
NCT03884504,PHASE3,10,ACTUAL,2019-05-01,2020-12-30,INDUSTRY,1,1,1
NCT04001504,PHASE3,1801,ACTUAL,2019-07-19,2022-08-28,OTHER,1,22,1
NCT02340884,PHASE2,92,ACTUAL,2015-01-30,2017-09-19,OTHER,7,1,1
NCT00857584,PHASE3,27,ACTUAL,2009-05,2011-02,INDUSTRY,2,4,1
NCT00511433,PHASE3,48,ACTUAL,2006-10,2008-01,INDUSTRY,1,0,0
NCT02572947,PHASE2,8,ACTUAL,2016-06,2017-06,OTHER,4,1,1
NCT05357547,PHASE2,63,ACTUAL,2022-05-13,2023-04-18,OTHER,1,1,1
NCT00271349,PHASE2,28,ACTUAL,2005-12,2008-07,OTHER,1,1,1
NCT00936858,PHASE2,50,ACTUAL,2009-07,2020-02-27,OTHER,1,4,1
NCT00115258,PHASE3,26,ACTUAL,2004-01,2009-07,OTHER,1,0,0
NCT00006258,PHASE2,,,1997-11,,OTHER,1,3,2
NCT02609958,PHASE2,32,ACTUAL,2015-11-16,2017-07-07,OTHER,1,3,3
NCT01132248,PHASE2,65,ACTUAL,2010-05,2012-12,OTHER,1,2,1
NCT03194555,PHASE2,12,ACTUAL,2017-08-25,2018-07-26,INDUSTRY,1,1,1
NCT00523926,PHASE2,75,ACTUAL,2005-05,,INDUSTRY,1,0,0
NCT00453336,PHASE2,45,ACTUAL,2003-06,2009-08,OTHER,2,1,1
NCT00461136,PHASE1|PHASE2,18,,2005-08,2006-11,INDUSTRY,1,1,1
NCT01489111,PHASE3,36,ACTUAL,2012-08-03,2018-12-10,INDUSTRY,2,70,21
NCT02453711,PHASE2,957,ACTUAL,2015-10-01,2017-03-30,INDUSTRY,2,74,8
NCT01449071,PHASE1|PHASE2,20,ACTUAL,2011-10,2013-03,INDUSTRY,1,7,1
NCT02031471,PHASE3,57,ACTUAL,2014-01,2015-09,INDUSTRY,1,17,2
NCT02726971,PHASE1|PHASE2,141,ACTUAL,2016-04,2016-08,OTHER,1,1,1
NCT01661634,PHASE3,2157,ACTUAL,2012-07,2015-11,INDUSTRY,1,163,22
NCT02081534,PHASE2,162,ACTUAL,2014-03,2014-11,INDUSTRY,1,41,4
NCT03275064,PHASE2,142,ACTUAL,2017-09-12,2022-09-06,INDUSTRY,1,19,3
NCT00561964,PHASE3,241,ACTUAL,2004-01,,INDUSTRY,1,0,0
NCT04153409,PHASE2,21,ACTUAL,2019-09-24,2020-02-15,INDUSTRY,1,3,1
NCT04265209,PHASE3,152,ACTUAL,2021-12-01,2024-08-02,INDUSTRY,2,16,1
NCT02675699,PHASE3,126,ACTUAL,2015-10,2017-10,OTHER,1,1,1
NCT00529399,PHASE2,145,ACTUAL,2009-02,2012-05,NIH,1,15,2
NCT00321932,PHASE2,61,ACTUAL,2005-07,2011-03,OTHER,5,2,1
NCT00000232,PHASE2,0,,1992-03,,OTHER,1,1,1
NCT00635232,PHASE2,261,ACTUAL,2008-03,2008-11,INDUSTRY,1,40,1
NCT00644098,PHASE2,138,ACTUAL,2008-09,2009-07,OTHER,1,1,1
NCT02807298,PHASE3,25,ACTUAL,2014-06,2014-10,OTHER,1,0,0
NCT00352963,PHASE3,480,ACTUAL,2003-09-30,,INDUSTRY,5,22,1
NCT00713063,PHASE2,61,ACTUAL,2006-04,2012-03,OTHER,1,0,0
NCT01839487,PHASE2,279,ACTUAL,2013-05-14,2018-05-01,INDUSTRY,1,51,1
NCT03691987,PHASE2,80,ACTUAL,2019-02-15,2023-03-01,OTHER,2,1,1
NCT00041093,PHASE2,27,ACTUAL,2002-06,2006-10-23,NETWORK,2,1,1
NCT00603993,PHASE3,88,ACTUAL,2006-03,2006-11,INDUSTRY,1,16,1
NCT03924193,PHASE3,141,ACTUAL,2019-03-25,2023-09-13,OTHER,2,1,1
NCT02616393,PHASE2,36,ACTUAL,2015-11,2018-04-03,INDUSTRY,3,7,1
NCT01278693,PHASE2,54,ACTUAL,2009-08,2010-09,OTHER,1,1,1
NCT00866593,PHASE2|PHASE3,260,ACTUAL,2009-03,2010-03,OTHER,1,6,1
NCT02322593,PHASE3,711,ACTUAL,2014-12,2019-02,INDUSTRY,1,6,2
NCT02197221,PHASE3,300,ACTUAL,2015-01,2018-12-31,OTHER,1,46,2
NCT01896921,PHASE3,7,ACTUAL,2013-09,2018-12,OTHER,1,1,1
NCT00000621,PHASE2,,,1999-09,2004-12,NIH,4,0,0
NCT01954121,PHASE3,436,ACTUAL,2013-09,2015-09,INDUSTRY,2,28,1
NCT01508221,PHASE2,31,ACTUAL,2011-06,2017-02-01,OTHER,1,1,1
NCT00570921,PHASE2,33,ACTUAL,2008-04,2013-02,OTHER,1,1,1
NCT00157521,PHASE3,30,,2002-09,,OTHER,1,2,1
NCT00023621,PHASE2,60,ESTIMATED,2001-02,,OTHER,1,2,1
NCT01486121,PHASE3,140,ACTUAL,2011-12,2015-04,OTHER,5,3,1
NCT00872014,PHASE2,60,ACTUAL,2009-08,2011-10,INDUSTRY,2,0,0
NCT04037514,PHASE3,133,ACTUAL,2017-07-07,2024-12-18,OTHER,1,4,1
NCT03603314,PHASE2|PHASE3,115,ACTUAL,2019-02-15,2021-11-04,INDUSTRY,1,26,10
NCT01234506,PHASE2,21,ACTUAL,2010-10,2013-07,OTHER,5,1,1
NCT00148421,PHASE3,,,,,INDUSTRY,1,0,0
NCT02351804,PHASE2,20,ACTUAL,2015-02,2015-03,OTHER,1,1,1
NCT02686333,PHASE3,50,ACTUAL,2016-03,2017-12-01,OTHER,2,1,1
NCT01667133,PHASE1|PHASE2,35,ACTUAL,2012-08-31,2018-08-02,INDUSTRY,2,11,1
NCT03272347,PHASE2,123,ACTUAL,2017-11-27,2021-03-08,INDUSTRY,1,26,4
NCT01651949,PHASE3,2520,ACTUAL,2012-10-29,2014-08-04,INDUSTRY,3,0,0
NCT01775449,PHASE3,80,ACTUAL,2013-02-02,2015-01-06,OTHER,2,1,1
NCT01625338,PHASE3,534,ACTUAL,2012-06,2014-10,INDUSTRY,1,175,16
NCT00000233,PHASE2,0,,1993-05,,NIH,1,1,1
NCT06404333,PHASE2,13,ACTUAL,2025-02-25,2025-11-30,OTHER,1,1,1
NCT04799158,PHASE2,458,ACTUAL,2021-03-25,2021-12-16,INDUSTRY,2,63,1
NCT02638948,PHASE2,508,ACTUAL,2016-02-16,2018-05-03,INDUSTRY,1,104,17
NCT00006255,PHASE2,17,ACTUAL,2000-04,2005-03,OTHER,3,1,1
NCT01808326,PHASE2,5,ACTUAL,2013-04,2014-11,INDUSTRY,1,6,1
NCT00185978,PHASE2,900,,1998-04,,OTHER,3,1,1
NCT00349778,PHASE2,102,ACTUAL,2006-08,2009-04,OTHER,1,1,1
NCT00304278,PHASE2,21,ACTUAL,2006-03,2015-05,OTHER,1,1,1
NCT00755885,PHASE1|PHASE2,77,ACTUAL,2008-10,2016-06-04,OTHER,1,6,1
NCT02213328,PHASE2,148,ACTUAL,2015-04,2017-03-06,NIH,1,2,1
NCT01686165,PHASE2,5,ACTUAL,2012-08-31,2016-02-09,OTHER,3,1,1
NCT01466465,PHASE2,35,ACTUAL,2011-10,2015-01,OTHER,1,1,1
NCT00475865,PHASE2,123,ACTUAL,2007-04,2009-10,INDUSTRY,1,6,6
NCT03825965,PHASE3,39,ACTUAL,2023-05-03,2025-02-25,OTHER,1,2,1
NCT02977065,PHASE2,62,ACTUAL,2017-03-23,2017-12-30,INDUSTRY,1,1,1
NCT00439465,PHASE2,23,ACTUAL,2007-01,2012-10-15,OTHER,2,1,1
NCT01227265,PHASE3,476,ACTUAL,2010-11-19,2013-04-04,INDUSTRY,3,0,0
NCT01319019,PHASE2,437,ACTUAL,2010-12,2011-09,INDUSTRY,1,49,9
NCT05646719,PHASE3,333,ACTUAL,2022-12-22,2023-10-11,INDUSTRY,1,26,1
NCT00847119,PHASE2,43,ACTUAL,2007-09,2011-06,OTHER,1,1,1
NCT01817530,PHASE2,571,ACTUAL,2013-04-08,2015-06,INDUSTRY,2,0,0
NCT00552565,PHASE3,711,ACTUAL,2007-09,2009-06,OTHER,1,1,1
NCT00004665,PHASE2,20,,1995-06,,NIH,1,0,0
NCT00613028,PHASE2,23,ACTUAL,2008-04,2009-10,OTHER,2,1,1
NCT03317028,PHASE2,201,ACTUAL,2017-10-10,2020-04-21,INDUSTRY,1,13,2
NCT02793128,PHASE3,71,ACTUAL,2017-04-04,2019-04-05,INDUSTRY,2,24,2
NCT00316628,PHASE2,50,,2005-06,,INDUSTRY,1,2,1
NCT01569828,PHASE2,12,ACTUAL,2009-03,2009-09,INDUSTRY,3,3,3
NCT03202628,PHASE2,8,ACTUAL,2017-07-24,2021-04-13,OTHER,2,1,1
NCT02128828,PHASE2,20,ACTUAL,2014-04,2016-06,OTHER,3,1,1
NCT01350128,PHASE2,103,ACTUAL,2011-05-01,2011-10-01,INDUSTRY,1,8,1
NCT02998528,PHASE3,505,ACTUAL,2017-03-04,2021-09-08,INDUSTRY,1,138,15
NCT01249365,PHASE3,199,ACTUAL,2011-01-24,2017-01-10,INDUSTRY,1,15,4
NCT01197430,PHASE1|PHASE2,23,ACTUAL,,,OTHER,1,0,0
NCT04817228,PHASE2,12,ACTUAL,2021-04-21,2022-05-06,INDUSTRY,2,3,1
NCT01485328,PHASE3,60,ACTUAL,2008-12,2009-04,INDUSTRY,1,1,1
NCT01073228,PHASE2,409,ACTUAL,2010-04,2011-11,INDUSTRY,3,54,5
NCT00564928,PHASE2,19,ACTUAL,2007-11,2010-03,INDUSTRY,3,10,1
NCT00623428,PHASE3,235,ACTUAL,2008-06,2012-05,INDUSTRY,1,101,10
NCT05771428,PHASE2,263,ACTUAL,2023-06-05,2024-08-06,INDUSTRY,1,64,7
NCT00468728,PHASE3,535,ACTUAL,2006-10-04,2009-12-11,INDUSTRY,2,116,9
NCT02468128,PHASE2|PHASE3,221,ACTUAL,2012-12,2015-04,INDUSTRY,2,6,1
NCT01673828,PHASE2,13,ACTUAL,2013-04,2015-05,OTHER,2,1,1
NCT02547428,PHASE2,85,ACTUAL,2015-08-03,2016-06-04,INDUSTRY,1,4,1
NCT00085228,PHASE2,116,ACTUAL,2004-04,2006-01,NETWORK,1,16,11
NCT07582328,PHASE2,120,ACTUAL,2026-04-20,2026-05-28,INDUSTRY,1,1,1
NCT00956930,PHASE2,45,ACTUAL,2009-08,2016-06-02,OTHER,1,1,1
NCT00860028,PHASE2,30,ACTUAL,2008-10,2010-05,OTHER,3,0,0
NCT01980628,PHASE2,63,ACTUAL,2013-12,2016-07,INDUSTRY,2,25,5
NCT05668065,PHASE3,199,ACTUAL,2021-11-22,2022-01-31,OTHER,1,5,1
NCT00332228,PHASE2,125,ACTUAL,2002-06,2007-12,OTHER,1,2,1
NCT02783430,PHASE2|PHASE3,42,ACTUAL,2016-09-08,2024-03-08,OTHER,1,9,1
NCT03458130,PHASE2,49,ACTUAL,2018-04-27,2018-10-05,INDUSTRY,2,13,1
NCT00790998,PHASE3,1497,ACTUAL,2009-04,2012-02,OTHER,1,4,3
NCT04327063,PHASE3,182,ACTUAL,2020-08-04,2021-12-30,OTHER,1,4,1
NCT01481363,PHASE1|PHASE2,55,ACTUAL,2012-03,2013-10,OTHER,1,1,1
NCT00087763,PHASE2,135,,2004-03,,INDUSTRY,1,0,0
NCT03753763,PHASE2,49,ACTUAL,2019-10-29,2021-01-05,INDUSTRY,1,19,2
NCT00228163,PHASE2,147,ACTUAL,2002-01,2015-01,INDUSTRY,1,16,2
NCT00876421,PHASE2,435,ACTUAL,2009-04,2010-04,INDUSTRY,1,50,9
NCT00654121,PHASE2,112,ACTUAL,2000-02,2004-04,OTHER,1,3,1
NCT03102021,PHASE2,25,ACTUAL,2006-03,2013-06,FED,1,1,1
NCT06022406,PHASE2,20,ACTUAL,2024-07-31,2025-08-13,OTHER,1,1,1
NCT01545804,PHASE2,55,ACTUAL,2011-08,2016-10,OTHER,1,1,1
NCT00654784,PHASE2,21,ACTUAL,2005-10,2007-08,INDUSTRY,1,1,1
NCT02646826,PHASE2,86,ACTUAL,2016-01,2017-10,INDUSTRY,1,4,1
NCT00578526,PHASE2,64,ACTUAL,2008-04,2014-07-16,OTHER,3,5,1
NCT02267278,PHASE2,25,ACTUAL,2015-01-12,2018-06-01,OTHER,1,1,1
NCT02804178,PHASE2,10,ACTUAL,2016-05-18,2017-08-17,INDUSTRY,1,6,1
NCT00313378,PHASE3,78,ACTUAL,2004-04,2008-05,OTHER,1,1,1
NCT05093478,PHASE3,28,ACTUAL,2019-09-10,2023-11-30,OTHER,1,1,1
NCT00791778,PHASE2,246,ACTUAL,2008-11,2011-07,INDUSTRY,1,59,14
NCT00324285,PHASE3,180,,2001-07,2005-06-30,OTHER,2,1,1
NCT02843815,PHASE1|PHASE2,30,ACTUAL,2016-07-01,2017-07-01,OTHER,1,1,1
NCT02293915,PHASE3,818,ACTUAL,2014-04-01,2018-06-29,INDUSTRY,2,16,1
NCT06099535,PHASE2,156,ACTUAL,2021-11-18,2022-12-29,INDUSTRY,1,1,1
NCT00794235,PHASE2,12,ESTIMATED,2008-12,2009-11,OTHER,2,1,1
NCT01353235,PHASE3,317,ACTUAL,2010-04,2013-06,OTHER,1,1,1
NCT02354508,PHASE3,123,ACTUAL,2015-03-31,2018-01-08,INDUSTRY,1,50,15
NCT00290225,PHASE3,180,ACTUAL,2005-06,,OTHER,2,0,0
NCT04097925,PHASE2,30,ACTUAL,2020-02-18,2020-08-24,OTHER,1,1,1
NCT02337725,PHASE3,244,ACTUAL,2015-02-07,2016-09-15,INDUSTRY,1,55,1
NCT01328925,PHASE2,100,ACTUAL,2005-12,2006-06,INDUSTRY,2,1,1
NCT01652976,PHASE2,44,ACTUAL,2012-07,2018-02,OTHER,1,1,1
NCT04083976,PHASE2,316,ACTUAL,2019-11-20,2023-12-04,INDUSTRY,1,179,15
NCT01858740,PHASE2,20,ACTUAL,2014-04-10,2023-01-30,OTHER,18,1,1
NCT01609140,PHASE2,248,ACTUAL,2012-05,2013-05,INDUSTRY,1,73,9
NCT03262389,PHASE2,10,ACTUAL,2017-09-19,2019-11-23,OTHER,1,1,1
NCT01630668,PHASE2,150,ACTUAL,2012-08,2013-12,INDUSTRY,1,1,1
NCT05495568,PHASE3,367,ACTUAL,2022-11-07,2023-08-14,INDUSTRY,1,1,1
NCT00598650,PHASE2,160,ACTUAL,2008-02,2011-03,INDUSTRY,1,0,0
NCT01313650,PHASE3,1538,ACTUAL,2011-03-01,2012-04-01,INDUSTRY,1,165,13
NCT05565950,PHASE1|PHASE2,72,ACTUAL,2022-09-03,2024-06-03,INDUSTRY,1,2,1
NCT03063450,PHASE3,332,ACTUAL,2017-03-28,2023-02-07,OTHER,1,24,1
NCT00191191,PHASE2,226,ACTUAL,2004-10,2008-10,INDUSTRY,1,16,1
NCT00417391,PHASE2,24,ESTIMATED,2006-12,2008-05,INDUSTRY,1,8,1
NCT00786474,PHASE3,1884,ACTUAL,2009-07,2015-02,OTHER,2,1,1
NCT00144274,PHASE3,220,,2005-04,2005-11,INDUSTRY,1,12,1
NCT00386074,PHASE2,412,,2004-05,,OTHER,1,0,0
NCT03866174,PHASE2,347,ACTUAL,2020-01-23,2022-06-28,OTHER,1,11,1
NCT03554018,PHASE3,120,ACTUAL,2018-10-16,2019-09-30,OTHER,1,1,1
NCT02937818,PHASE2,72,ACTUAL,2016-11-28,2020-06-22,INDUSTRY,1,12,5
NCT01200290,PHASE2,18,ACTUAL,2011-04,2014-03,INDUSTRY,1,1,1
NCT01115491,PHASE2,32,ACTUAL,2010-06,2012-07,INDUSTRY,1,8,1
NCT04121091,PHASE2,13,ACTUAL,2019-10-04,2021-03-18,OTHER,4,1,1
NCT00310310,PHASE2|PHASE3,240,ACTUAL,2006-04,2009-05,FED,1,1,1
NCT00191360,PHASE3,68,,2003-01,,INDUSTRY,1,14,1
NCT00248560,PHASE2,36,ACTUAL,2005-01,2009-12,OTHER,1,1,1
NCT00680160,PHASE2,15,ACTUAL,2006-04-30,2007-05-09,INDUSTRY,1,1,1
NCT03355820,PHASE3,228,ACTUAL,2018-02-28,2018-06-29,INDUSTRY,1,1,1
NCT00051220,PHASE1|PHASE2,150,ACTUAL,2001-10,2006-09,OTHER,2,2,2
NCT01814020,PHASE2,,,2012-12,2014-07,INDUSTRY,1,1,1
NCT00393120,PHASE2,45,ACTUAL,2006-10,2007-09,INDUSTRY,1,6,1
NCT00295620,PHASE3,3484,ACTUAL,2004-03-01,2017-06-30,INDUSTRY,1,60,1
NCT00042224,PHASE1|PHASE2,39,ACTUAL,2000-12,2008-07,OTHER,1,1,1
NCT03583424,PHASE1|PHASE2,19,ACTUAL,2018-09-10,2021-09-30,OTHER,12,1,1
NCT01884623,PHASE3,82,ACTUAL,2013-11-06,2021-10-12,OTHER,1,1,1
NCT02929823,PHASE2,130,ACTUAL,2016-09,2017-05-03,INDUSTRY,1,19,1
NCT00000123,PHASE3,,,1978-01,,NIH,2,0,0
NCT01120223,PHASE2,78,ACTUAL,2010-05,2012-08,INDUSTRY,1,17,3
NCT00192023,PHASE3,139,ACTUAL,2004-10,2006-08,INDUSTRY,2,12,1
NCT01638923,PHASE3,339,ACTUAL,2012-06,2015-06,INDUSTRY,1,41,6
NCT02430259,PHASE3,566,ESTIMATED,2015-03,2018-06,OTHER,2,1,1
NCT00866359,PHASE2,111,ACTUAL,2009-08-01,2012-05-01,INDUSTRY,1,7,2
NCT01568580,PHASE3,71,ACTUAL,2004-12,2006-09,INDUSTRY,1,0,0
NCT00184080,PHASE2,7,ACTUAL,2004-05,2006-04,OTHER,1,1,1
NCT00823680,PHASE2,110,ACTUAL,2009-04,2009-08,INDUSTRY,1,5,3
NCT00002779,PHASE2,34,ACTUAL,1998-02,2000-07,OTHER,1,20,2
NCT03602079,PHASE1|PHASE2,49,ACTUAL,2018-07-16,2022-01-12,INDUSTRY,44,10,1
NCT02476279,PHASE3,1950,ACTUAL,2015-09,2023-01-25,OTHER,1,20,2
NCT00838162,PHASE2,33,ACTUAL,2009-06,2009-08,INDUSTRY,1,3,1
NCT04350463,PHASE2,92,ACTUAL,2020-07-14,2023-12-19,INDUSTRY,1,37,6
NCT02985164,PHASE3,222,ACTUAL,2015-09,2016-12,OTHER,3,0,0
NCT03414814,PHASE2,15,ACTUAL,2018-01-04,2021-08-03,OTHER,1,1,1
NCT00293514,PHASE3,,,2006-02,2007-10,INDUSTRY,2,1,1
NCT00296504,PHASE3,753,ACTUAL,2001-11,2010-10,INDUSTRY,1,24,8
NCT04075604,PHASE2,23,ACTUAL,2019-10-18,2021-07-27,INDUSTRY,2,36,8
NCT02582684,PHASE2,122,ACTUAL,2015-12-08,2017-02-28,NETWORK,1,26,2
NCT00868452,PHASE3,348,ACTUAL,2009-04,2011-12,INDUSTRY,1,71,10
NCT05925647,PHASE1|PHASE2,15,ACTUAL,2022-08-01,2023-02-28,OTHER,1,1,1
NCT02947347,PHASE3,445,ACTUAL,2017-01-23,2024-02-21,INDUSTRY,1,128,19
NCT00533949,PHASE3,544,ACTUAL,2007-11,2013-06,NETWORK,2,213,2
NCT00696358,PHASE3,,,2009-03-17,2009-11-25,OTHER,1,1,1
NCT01931748,PHASE3,104,ACTUAL,2013-04,2014-04,INDUSTRY,1,2,1
NCT00529555,PHASE3,602,ACTUAL,2006-01,2008-12,INDUSTRY,1,10,1
NCT04850378,PHASE1|PHASE2,57,ACTUAL,2021-03-25,2024-05-01,OTHER,2,1,1
NCT03493685,PHASE3,371,ACTUAL,2018-04-17,2023-03-20,INDUSTRY,1,226,22
NCT00651885,PHASE2,7,ACTUAL,2008-03,2010-12,OTHER,1,1,1
NCT00494585,PHASE2,27,ACTUAL,2007-06,2010-05,OTHER,2,1,1
NCT00053885,PHASE2,47,ACTUAL,2003-07,2005-07,OTHER,1,80,1
NCT00746785,PHASE3,304,ACTUAL,2002-09,2010-05,OTHER,1,1,1
NCT06055985,PHASE2,207,ACTUAL,2023-11-17,2025-03-31,INDUSTRY,1,61,1
NCT00249743,PHASE1|PHASE2,50,,2004-12,,INDUSTRY,3,1,1
NCT00128843,PHASE2,103,ACTUAL,2001-08,2005-07,OTHER,1,13,1
NCT02657915,PHASE2,52,ACTUAL,2016-03-10,2017-01-23,INDUSTRY,1,23,11
NCT00561015,PHASE2,52,ACTUAL,2007-12,2008-06,INDUSTRY,1,7,3
NCT02626715,PHASE2,21,ACTUAL,2015-09-04,2023-04-12,OTHER,3,1,1
NCT00129935,PHASE3,1384,ACTUAL,2004-02,2013-06,OTHER,1,58,1
NCT00404508,PHASE2,15,,2005-09,,OTHER_GOV,1,1,1
NCT02845908,PHASE2,90,ACTUAL,2015-11,2018-05,OTHER_GOV,1,1,1
NCT01253408,PHASE2,36,ACTUAL,2009-09,2011-12,OTHER,1,1,1
NCT00487708,PHASE2,34,ACTUAL,2005-01,2008-07,INDUSTRY,1,10,5
NCT01092325,PHASE1|PHASE2,28,ACTUAL,2009-06,2010-05,INDUSTRY,1,1,1
NCT02773225,PHASE2|PHASE3,93,ACTUAL,2015-01-27,2025-01-30,OTHER,1,1,1
NCT04387617,PHASE2|PHASE3,90,ACTUAL,2021-02-15,2022-01-31,OTHER,1,1,1
NCT03384940,PHASE2,86,ACTUAL,2018-02-23,2019-08-09,INDUSTRY,1,25,5
NCT00697840,PHASE3,150,ACTUAL,1995-06,1996-01,INDUSTRY,1,1,1
NCT00300989,PHASE2,43,ACTUAL,2005-12,,INDUSTRY,1,1,1
NCT00016289,PHASE2,30,ACTUAL,2001-07,2007-07,NIH,2,1,1
NCT00541489,PHASE3,800,ESTIMATED,2007-06,2008-09,INDUSTRY,2,48,2
NCT02237950,PHASE3,586,ACTUAL,2014-10-13,2016-12-09,INDUSTRY,1,45,3
NCT03164291,PHASE3,170,ACTUAL,1984-06,2006-09,OTHER,1,1,1
NCT00202774,PHASE3,348,ACTUAL,2002-04,2004-08,OTHER,1,1,1
NCT01236768,PHASE3,407,ACTUAL,2010-10,2011-06,INDUSTRY,1,21,1
NCT03982368,PHASE2,261,ACTUAL,2019-06-10,2020-07-15,INDUSTRY,1,12,1
NCT01800968,PHASE2,300,ACTUAL,2013-04,2015-10,OTHER,1,25,1
NCT01681290,PHASE2,250,ACTUAL,2012-10,2014-11,INDUSTRY,1,29,3
NCT04234997,PHASE2,14,ACTUAL,2021-08-23,2024-08-22,OTHER,1,1,1
NCT03118310,PHASE2,74,ACTUAL,2017-04-06,2020-08-31,OTHER,1,1,1
NCT00337610,PHASE3,190,ACTUAL,2006-06,2007-05,INDUSTRY,1,0,0
NCT02119013,PHASE2|PHASE3,35,ACTUAL,2009-01,2013-09,OTHER,2,0,0
NCT02293460,PHASE3,44,ACTUAL,2015-05,2017-09-29,INDUSTRY,1,33,6
NCT00271960,PHASE3,1047,ACTUAL,2001-04,2008-12,OTHER,2,2,1
NCT00299520,PHASE3,,,2005-06,,INDUSTRY,1,5,1
NCT04510220,PHASE3,10,ACTUAL,2020-09-21,2022-12-28,OTHER,1,1,1
NCT06192420,PHASE3,809,ACTUAL,2018-02-26,2020-11-18,INDUSTRY,1,1,1
NCT00980382,PHASE1|PHASE2,85,ACTUAL,2004-09,2007-08,OTHER_GOV,1,1,1
NCT02652624,PHASE3,472,ACTUAL,2016-02-19,2017-10-09,INDUSTRY,1,56,6
NCT00338624,PHASE3,420,ACTUAL,2004-05,,INDUSTRY,1,0,0
NCT00095823,PHASE3,1200,,2004-06,2006-08,INDUSTRY,1,20,1
NCT00219323,PHASE3,133,ACTUAL,2003-11,2006-03,INDUSTRY,1,1,1
NCT01915823,PHASE3,348,ACTUAL,2013-07,2014-02,INDUSTRY,1,31,1
NCT02240459,PHASE2,47,ACTUAL,2016-08,2020-01-31,OTHER,2,1,1
NCT03818932,PHASE2|PHASE3,90,ACTUAL,2019-01-22,2020-01-20,OTHER,1,1,1
NCT01082809,PHASE2,59,ACTUAL,2009-03,2012-01,OTHER,1,1,1
NCT00308399,PHASE2|PHASE3,45,ACTUAL,2005-11,2007-06,OTHER,1,1,1
NCT00580398,PHASE1|PHASE2,49,ACTUAL,2008-01,2012-04,OTHER,1,1,1
NCT02908087,PHASE2,13,ACTUAL,2016-03,2021-05,OTHER,1,4,2
NCT01101464,PHASE2,8,ACTUAL,2002-10,2002-12,INDUSTRY,2,0,0
NCT01218958,PHASE3,624,ACTUAL,2002-02,2003-09,INDUSTRY,1,0,0
NCT00236548,PHASE3,1,ACTUAL,,,INDUSTRY,2,0,0
NCT00265148,PHASE2,80,ACTUAL,2004-05-18,2008-07-10,INDUSTRY,1,15,3
NCT02934555,PHASE2,48,ACTUAL,2016-03,2019-05-25,OTHER,1,1,1
NCT00002555,PHASE3,338,ESTIMATED,1994-02,2000-10,NETWORK,1,19,10
NCT02681055,PHASE2,19,ACTUAL,2016-03,2018-05-30,INDUSTRY,4,3,1
NCT00018655,PHASE2,276,ACTUAL,2000-04,2009-09,FED,2,1,1
NCT02713126,PHASE2,92,ACTUAL,2016-09,2022-04-12,OTHER,1,1,1
NCT00000178,PHASE3,,,,,NIH,1,19,1
NCT01441778,PHASE2,81,ACTUAL,2010-06,2010-10,OTHER,1,1,1
NCT00568178,PHASE3,306,ACTUAL,2007-06-01,2008-09-01,INDUSTRY,1,0,0
NCT00789685,PHASE1|PHASE2,37,ACTUAL,2009-02,2011-09,INDUSTRY,2,8,1
NCT01543243,PHASE2,30,ACTUAL,2011-11,2012-12,OTHER,1,1,1
NCT00183443,PHASE3,75,ACTUAL,2005-02,2010-11,OTHER,2,1,1
NCT01183143,PHASE3,215,ACTUAL,2004-05-11,2006-03-02,INDUSTRY,3,1,1
NCT00036543,PHASE3,1000,,2001-05,,INDUSTRY,1,232,18
NCT02493335,PHASE3,204,ACTUAL,2016-01-15,2018-11-28,INDUSTRY,1,1,1
NCT02212535,PHASE1|PHASE2,3,ACTUAL,2016-01-15,2017-04-04,OTHER,1,1,1
NCT00263835,PHASE2,300,,2004-10,,NIH,2,0,0
NCT00175825,PHASE2,210,ACTUAL,2005-11-07,2006-06-29,INDUSTRY,1,42,4
NCT02008240,PHASE2,160,ACTUAL,2011-08,2014-02,OTHER,1,1,1
NCT00814840,PHASE2|PHASE3,100,ACTUAL,2008-02,2010-07,OTHER,2,1,1
NCT00189540,PHASE2,27,ACTUAL,2005-08,2008-07,INDUSTRY,4,4,1
NCT03025789,PHASE3,174,ACTUAL,2016-11-10,2021-02-01,OTHER,3,8,2
NCT03696589,PHASE1|PHASE2,13,ACTUAL,2018-05-21,2019-04-05,OTHER,1,1,1
NCT00402389,PHASE2,50,ACTUAL,2004-06,2006-01,OTHER,2,1,1
NCT01355289,PHASE2,65,ACTUAL,2011-11,2014-02,INDUSTRY,1,2,1
NCT00402168,PHASE2,173,ACTUAL,2007-01,2009-06,INDUSTRY,1,44,12
NCT02895750,PHASE2,12,ACTUAL,2017-08-30,2022-01-08,OTHER,1,1,1
NCT00289250,PHASE3,360,,2001-05,,OTHER,1,1,1
NCT00004650,PHASE3,150,,1993-08,,NIH,1,0,0
NCT01222650,PHASE2,400,,,,INDUSTRY,1,1,1
NCT01472991,PHASE2,250,ACTUAL,2011-11,2012-07,INDUSTRY,1,14,1
NCT01702974,PHASE2,279,ACTUAL,2012-09,2015-08,OTHER,1,1,1
NCT00772291,PHASE3,140,ESTIMATED,2007-05,2010-08,OTHER,1,1,1
NCT00136474,PHASE2,75,ESTIMATED,2003-05,2005-05,OTHER,3,2,1
NCT00434018,PHASE2|PHASE3,138,ACTUAL,2008-04,2011-09,FED,1,3,1
NCT05049590,PHASE3,63,ACTUAL,2022-02-28,2023-05-22,OTHER,4,1,1
NCT00348790,PHASE2,25,ACTUAL,2006-05,2010-11,OTHER,2,3,1
NCT02773290,PHASE2|PHASE3,46,ACTUAL,2016-05,2017-11-14,INDUSTRY,1,3,2
NCT00251290,PHASE2,62,ACTUAL,2004-11,2007-09,OTHER,2,3,1
NCT00452790,PHASE3,708,ACTUAL,2007-06,2009-10,INDUSTRY,1,12,1
NCT03984890,PHASE2|PHASE3,50,ACTUAL,2019-08-01,2021-12-31,OTHER,3,2,1
NCT00071097,PHASE2,330,ACTUAL,2003-10,2005-02,INDUSTRY,1,39,2
NCT03512197,PHASE3,511,ACTUAL,2018-07-20,2021-02-12,INDUSTRY,1,133,20
NCT01551810,PHASE3,1200,ACTUAL,2012-03,2012-05,OTHER,1,1,1
NCT04389710,PHASE2,52,ACTUAL,2020-04-15,2020-11-03,OTHER,1,1,1
NCT00140010,PHASE2,80,ACTUAL,2005-04,2007-03,OTHER,1,1,1
NCT02967510,PHASE2,283,ACTUAL,2016-10,2018-05,INDUSTRY,1,23,5
NCT00724113,PHASE3,66,ACTUAL,2009-02,2013-08,OTHER,1,1,1
NCT01613313,PHASE2,14,ACTUAL,2012-05,2013-09,INDIV,1,1,1
NCT03642860,PHASE2,3,ACTUAL,2018-08-15,2019-08-28,OTHER,3,1,1
NCT00034060,PHASE2,36,,2002-04,,NIH,2,1,1
NCT02017860,PHASE2,4,ACTUAL,2014-01-16,2019-04-25,INDUSTRY,1,4,1
NCT03428360,PHASE3,149,ACTUAL,2018-01-23,2020-06-25,INDUSTRY,1,6,1
NCT02155660,PHASE3,2255,ACTUAL,2014-06-25,2018-04-09,INDUSTRY,1,356,26
NCT06123520,PHASE3,60,ACTUAL,2023-05-01,2023-10-01,OTHER,1,1,1
NCT02948582,PHASE2,42,ACTUAL,2010-07,2010-11,INDUSTRY,1,0,0
NCT03439124,PHASE3,138,ACTUAL,2017-11-27,2020-03-16,INDUSTRY,2,19,4
NCT04345523,PHASE2,350,ACTUAL,2020-04-03,2021-02-05,OTHER,1,29,1
NCT01863823,PHASE1|PHASE2,350,ACTUAL,2011-08,2012-09,INDUSTRY,1,1,1
NCT02235259,PHASE2,260,ACTUAL,2014-09,2015-02,INDUSTRY,1,1,1
NCT06641180,PHASE3,1180,ACTUAL,2024-11-04,2025-01-28,INDUSTRY,1,20,1
NCT00958880,PHASE3,40,ACTUAL,2009-03,2013-01,OTHER,1,2,1
NCT00079079,PHASE2,34,ACTUAL,2003-10-27,2008-09-29,NETWORK,1,4,1
NCT04977479,PHASE2,20,ACTUAL,2021-09-08,2022-06-17,NIH,1,1,1
NCT04608396,PHASE2,44,ACTUAL,2020-08-13,2021-07-30,INDUSTRY,2,20,1
NCT00213096,PHASE2,50,,2003-03,,OTHER,1,1,1
NCT00170664,PHASE2,129,ACTUAL,1999-01,2003-03,OTHER,1,1,1
NCT00093509,PHASE1|PHASE2,15,ACTUAL,1999-11,2007-07,OTHER,1,1,1
NCT03934099,PHASE2,156,ACTUAL,2019-12-02,2021-05-03,INDUSTRY,2,34,1
NCT02468232,PHASE3,225,ACTUAL,2015-06-15,2019-02-08,INDUSTRY,1,49,1
NCT04526132,PHASE3,306,ACTUAL,2021-04-25,2021-12-29,INDUSTRY,1,1,1
NCT02239809,PHASE2,20,ACTUAL,2014-05,2016-05,OTHER,1,1,1
NCT00237198,PHASE2,47,ACTUAL,2004-03,2006-07,INDUSTRY,1,24,1
NCT05130398,PHASE1|PHASE2,120,ACTUAL,2021-04-09,2021-09-08,OTHER,1,1,1
NCT00073398,PHASE1|PHASE2,54,ACTUAL,2003-11,2012-11,INDUSTRY,5,1,1
NCT00787098,PHASE2,82,ESTIMATED,2007-11,2009-04,INDUSTRY,4,0,0
NCT01160198,PHASE3,271,ACTUAL,2010-10-13,2011-02-18,INDUSTRY,1,7,1
NCT00170404,PHASE3,887,,2000-06,,NIH,1,1,1
NCT04170504,PHASE2|PHASE3,204,ACTUAL,2019-11-14,2022-06-28,OTHER,1,1,1
NCT02232204,PHASE2,3,ACTUAL,2009-10,2011-10,OTHER,3,1,1
NCT00475033,PHASE3,603,ACTUAL,2007-06,2009-05,INDUSTRY,1,11,1
NCT04824638,PHASE2,267,ACTUAL,2021-03-08,2021-06-30,OTHER_GOV,2,11,1
NCT03186638,PHASE2,87,ACTUAL,2017-05-26,2022-03-30,OTHER,2,169,1
NCT00309738,PHASE3,355,ACTUAL,2005-09,2006-10,INDUSTRY,2,35,4
NCT02959658,PHASE2,54,ACTUAL,2016-12,2019-12-21,OTHER,1,1,1
NCT03398785,PHASE3,66,ACTUAL,2017-10-01,2018-12-31,OTHER,2,1,1
NCT00004885,PHASE3,430,ACTUAL,1999-07,2001-07,NETWORK,1,57,9
NCT01827943,PHASE2,54,ACTUAL,2009-06,2014-12,OTHER,1,9,1
NCT03576443,PHASE2,36,ACTUAL,2017-07-07,2021-09-30,NETWORK,1,6,2
NCT01089543,PHASE2,338,ACTUAL,2010-04,2011-08,INDUSTRY,1,46,1
NCT01014143,PHASE2,26,ACTUAL,2007-08,2007-09,INDUSTRY,1,1,1
NCT00225615,PHASE3,100,,2005-11,,INDUSTRY,1,14,1
NCT00667615,PHASE1|PHASE2,30,ACTUAL,2008-04,2017-02,OTHER,2,5,1
NCT02048215,PHASE3,13,ACTUAL,2000-02,2001-01,OTHER,1,1,1
NCT02982915,PHASE1|PHASE2,62,ACTUAL,2016-11,2021-09,INDUSTRY,1,6,1
NCT00762515,PHASE3,44,ACTUAL,2008-02,2008-08,INDUSTRY,1,1,1
NCT00673335,PHASE3,170,ACTUAL,2008-05,2019-06,OTHER,4,23,1
NCT02029508,PHASE3,99,ACTUAL,2012-10,2013-02,OTHER,1,1,1
NCT00958308,PHASE3,255,ACTUAL,2008-12,2009-03,INDUSTRY,2,0,0
NCT02584608,PHASE2,12,ACTUAL,2016-01-01,2019-11-12,OTHER,1,1,1
NCT00542425,PHASE2,222,ACTUAL,2007-04,2009-06,INDUSTRY,1,1,1
NCT05533125,PHASE3,114,ACTUAL,2023-02-01,2025-10-29,OTHER,1,1,1
NCT01597817,PHASE2,78,ACTUAL,2011-11,2012-06,OTHER,1,1,1
NCT00784940,PHASE3,308,ACTUAL,1998-06,2005-03,INDUSTRY,1,0,0
NCT00502840,PHASE3,193,ACTUAL,2007-07-23,2011-09-20,INDUSTRY,1,51,1
NCT01235689,PHASE3,252,ACTUAL,2011-02-11,2016-11-03,INDUSTRY,1,0,0
NCT02358889,PHASE2,88,ACTUAL,2015-02,2016-09,INDUSTRY,2,48,1
NCT00424268,PHASE3,743,ACTUAL,2007-01,2008-01,INDUSTRY,1,103,7
NCT01340768,PHASE3,870,ACTUAL,2010-06-22,2011-09-21,INDUSTRY,1,0,0
NCT01348568,PHASE2,141,ACTUAL,2011-03,2013-04,OTHER,1,1,1
NCT00921050,PHASE2|PHASE3,70,ACTUAL,2009-06,2012-03,OTHER,1,2,1
NCT04223791,PHASE3,643,ACTUAL,2020-02-18,2021-08-26,INDUSTRY,1,89,11
NCT00184574,PHASE3,603,ACTUAL,2005-04,2006-03,INDUSTRY,2,108,18
NCT01653574,PHASE2,28,ACTUAL,2012-05,2013-11,OTHER,1,1,1
NCT01758874,PHASE2,20,ACTUAL,2006-09,2007-04,OTHER,1,1,1
NCT02471118,PHASE2,62,ACTUAL,2015-03,2021-03,INDUSTRY,1,7,1
NCT04822818,PHASE3,96,ACTUAL,2021-04-17,2022-04-10,OTHER,8,1,1
NCT00882518,PHASE3,388,ACTUAL,2009-04,2010-07,INDUSTRY,1,11,1
NCT01534390,PHASE2,504,ACTUAL,2012-04,2013-04,OTHER,1,1,1
NCT00879190,PHASE2|PHASE3,92,ACTUAL,2009-05,2012-06,OTHER,1,1,1
NCT04038190,PHASE2,572,ACTUAL,2019-09-05,2025-05-30,OTHER,4,1,1
NCT02558790,PHASE2,20,ACTUAL,2016-03,2017-10,OTHER,2,1,1
NCT05227690,PHASE2,385,ACTUAL,2022-06-30,2024-08-23,INDUSTRY,1,25,2
NCT03800290,PHASE2,11,ACTUAL,2019-06-01,2021-04-23,OTHER,1,1,1
NCT03922997,PHASE3,101,ACTUAL,2019-07-03,2022-08-11,INDUSTRY,1,7,1
NCT00093210,PHASE3,,,,,INDUSTRY,1,0,0
NCT01294410,PHASE2,305,ACTUAL,2011-03,2012-12,INDUSTRY,1,75,14
NCT01796613,PHASE2|PHASE3,120,ACTUAL,2013-06,2014-03,OTHER,1,1,1
NCT03104413,PHASE3,618,ACTUAL,2017-12-18,2020-11-30,INDUSTRY,1,403,43
NCT01043913,PHASE2,60,ACTUAL,2008-02,2009-09,OTHER,6,1,1
NCT03622060,PHASE3,600,ACTUAL,2018-06-04,2019-05-21,OTHER,3,1,1
NCT02868060,PHASE1|PHASE2,16,ACTUAL,2015-09,2017-08,INDUSTRY,1,5,1
NCT01555060,PHASE2,215,ACTUAL,2012-03,2013-05,NIH,1,4,1
NCT00336960,PHASE2,24,ACTUAL,2002-07,2004-11,OTHER,1,2,1
NCT00690820,PHASE3,17,ACTUAL,2008-06,2008-12,INDUSTRY,2,10,1
NCT03117920,PHASE2,19,ACTUAL,2017-04-10,2019-07-01,INDUSTRY,1,3,1
NCT02870920,PHASE2,180,ACTUAL,2016-10-12,2018-10-18,NETWORK,1,25,1
NCT01296620,PHASE3,330,ACTUAL,2011-02,2012-03,INDUSTRY,1,50,6
NCT04523220,PHASE2,704,ACTUAL,2020-08-28,2021-12-28,INDUSTRY,4,151,19
NCT01977482,PHASE2,216,ACTUAL,2013-11-01,2015-02-01,INDUSTRY,1,107,16
NCT01396382,PHASE2,97,ACTUAL,2010-03,2014-05,OTHER,1,1,1
NCT00217282,PHASE2,45,ACTUAL,2004-06,2007-06,OTHER,1,1,1
NCT00502424,PHASE2,50,ACTUAL,2004-07,,OTHER,1,1,1
NCT01782924,PHASE3,145,ACTUAL,2013-03,2015-02,INDUSTRY,1,1,1
NCT00722124,PHASE2|PHASE3,150,ACTUAL,2008-09,2009-12,OTHER,1,2,1
NCT01980524,PHASE2|PHASE3,8,ACTUAL,2013-10,2015-12,OTHER,1,1,1
NCT01203644,PHASE2,76,ACTUAL,2004-12,2006-01,INDUSTRY,1,0,0
NCT05878899,PHASE3,77,ACTUAL,2022-05-03,2023-03-13,OTHER,1,1,1
NCT00404144,PHASE2,120,ACTUAL,2006-01,2010-08,OTHER,1,9,1
NCT01666444,PHASE2,297,ACTUAL,2012-10-31,2016-07-31,INDUSTRY,3,136,1
NCT01888432,PHASE3,285,ACTUAL,2013-09-25,2016-10-19,INDUSTRY,1,42,13
NCT00942864,PHASE3,40,ACTUAL,2008-12,2009-12,INDUSTRY,2,1,1
NCT04560309,PHASE3,60,ACTUAL,2021-01-01,2021-10-30,OTHER,3,1,1
NCT02140164,PHASE1|PHASE2,7,ACTUAL,2014-05,2015-11,NIH,1,1,1
NCT03941964,PHASE3,60,ACTUAL,2019-08-15,2022-03-14,INDUSTRY,2,16,1
NCT02553798,PHASE3,564,ACTUAL,2015-08,2016-12,INDUSTRY,1,48,2
NCT00632398,PHASE2,228,ACTUAL,2008-03,2009-08,OTHER,1,3,1
NCT00242606,PHASE3,409,ACTUAL,2005-03,2008-06,OTHER,1,1,1
NCT01988584,PHASE2,20,ACTUAL,2013-11,2018-02-21,OTHER,1,1,1
NCT03097133,PHASE3,230,ACTUAL,2017-06-15,2019-04-11,INDUSTRY,1,61,12
NCT01119833,PHASE2,81,ACTUAL,2010-05,2012-12,INDUSTRY,3,22,2
NCT06045052,PHASE2,8,ACTUAL,2020-12-02,2023-06-19,OTHER,1,1,1
NCT04270552,PHASE3,76,ACTUAL,2018-04-22,2018-07-20,OTHER,1,1,1
NCT00681252,PHASE1|PHASE2,14,ESTIMATED,2008-05,2009-04,OTHER,1,1,1
NCT00634647,PHASE2,24,ACTUAL,2008-02-19,2011-02-01,NIH,2,2,1
NCT00739349,PHASE2,132,ACTUAL,2008-08,2009-01,INDUSTRY,1,1,1
NCT00771849,PHASE2,103,ACTUAL,2003-08,2004-03,INDUSTRY,2,2,1
NCT01359449,PHASE3,123,ACTUAL,2011-05,2012-07,INDUSTRY,2,1,1
NCT00368238,PHASE2,96,,2005-10,,OTHER,1,1,1
NCT00002638,PHASE2,30,ESTIMATED,1995-03,,OTHER,1,1,1
NCT00451958,PHASE3,386,ACTUAL,2007-03,2011-10,INDUSTRY,1,69,12
NCT05284448,PHASE3,50,ACTUAL,2022-02-01,2022-09-01,OTHER,1,1,1
NCT00060255,PHASE2,451,ACTUAL,1991-12,2006-08,OTHER,7,1,1
NCT01620255,PHASE2,357,ACTUAL,2012-11-02,2014-09-22,INDUSTRY,1,190,21
NCT00355355,PHASE3,208,ACTUAL,2006-07,2012-09,INDUSTRY,2,34,11
NCT01465555,PHASE1|PHASE2,389,ACTUAL,2010-01,2013-12,OTHER,1,4,1
NCT05461755,PHASE2,20,ACTUAL,2022-11-22,2023-07-05,OTHER,1,1,1
NCT04455126,PHASE2|PHASE3,30,ACTUAL,2018-04-01,2018-12-30,OTHER,1,1,1
NCT02039726,PHASE3,367,ACTUAL,2014-05,2018-02-22,INDUSTRY,1,131,19
NCT03407378,PHASE1|PHASE2,110,ACTUAL,2018-06-26,2020-02-07,OTHER,1,10,3
NCT01493778,PHASE3,60,ACTUAL,2012-09-17,2017-08-16,INDUSTRY,2,69,18
NCT00302185,PHASE3,20,ACTUAL,2007-06,2008-03,OTHER,2,1,1
NCT00629135,PHASE3,180,ACTUAL,2005-11-15,2011-08-15,OTHER,1,1,1
NCT01541735,PHASE2|PHASE3,14,ACTUAL,2012-01,2013-03,OTHER_GOV,1,1,1
NCT04874935,PHASE3,66,ACTUAL,2021-06-10,2022-11-05,OTHER,1,1,1
NCT02383108,PHASE2|PHASE3,318,ACTUAL,2016-06,2020-08,NETWORK,1,31,11
NCT06140108,PHASE2|PHASE3,70,ACTUAL,2023-12-15,2024-05-30,OTHER,3,1,1
NCT00034489,PHASE2,,,,,INDUSTRY,1,1,1
NCT04778189,PHASE2,200,ACTUAL,2021-12-01,2023-04-01,OTHER,1,1,1
NCT00000589,PHASE3,,,1989-08,,NIH,5,0,0
NCT04320589,PHASE2,30,ACTUAL,2019-06-30,2021-08-30,OTHER,1,1,1
NCT04838717,PHASE3,200,ACTUAL,2021-12-06,2025-07-23,OTHER,1,7,1
NCT06796868,PHASE2,280,ACTUAL,2022-07-07,2023-09-28,INDUSTRY,1,17,1
NCT00207740,PHASE2,309,ACTUAL,2004-08,2007-07,INDUSTRY,1,57,11
NCT00003518,PHASE2,44,ESTIMATED,1999-01-25,2002-07,NETWORK,2,19,2
NCT00204490,PHASE2,197,ACTUAL,2004-04,2012-12-10,OTHER,1,1,1
NCT02631590,PHASE2,24,ACTUAL,2016-07-05,2019-10-25,OTHER,4,1,1
NCT03315897,PHASE2,103,ACTUAL,2017-07-05,2022-10-01,OTHER,3,1,1
NCT00206297,PHASE3,20,,2003-10,,OTHER,1,1,1
NCT01373710,PHASE1|PHASE2,34,ACTUAL,2011-05-19,2018-04,OTHER,2,10,1
NCT01898910,PHASE2,80,ACTUAL,2012-06,2013-06,NETWORK,2,1,1
NCT02222610,PHASE2,40,ACTUAL,2014-09-23,2019-03,OTHER,1,4,1
NCT01375413,PHASE3,121,ACTUAL,2011-06,2015-10,OTHER,1,1,1
NCT00614913,PHASE1|PHASE2,76,ACTUAL,1998-05,2009-02,OTHER,2,1,1
NCT00058071,PHASE3,100,ESTIMATED,2003-03,2007-12,NETWORK,4,57,1
NCT01816009,PHASE3,410,ACTUAL,2011-11,2017-01-21,OTHER,1,37,1
NCT03355209,PHASE3,296,ACTUAL,2017-11-27,2024-05-23,INDUSTRY,1,72,14
NCT02821832,PHASE2,946,ACTUAL,2017-06-21,2021-10-09,NIH,1,1,1
NCT00784732,PHASE2,44,ACTUAL,2008-09,2008-12,INDUSTRY,1,1,1
NCT03285932,PHASE2,56,ACTUAL,2018-02-01,2021-05-30,OTHER,1,1,1
NCT06795698,PHASE2,61,ACTUAL,2019-03-01,2024-12-01,OTHER,7,1,1
NCT00164164,PHASE3,200,,1999-08,2000-06,INDUSTRY,1,2,1
NCT01292798,PHASE1|PHASE2,43,ACTUAL,2011-03,2013-04,OTHER,1,5,1
NCT00484198,PHASE3,1912,ACTUAL,2007-04-23,2009-02-12,INDUSTRY,1,183,18
NCT01329887,PHASE3,10,ACTUAL,2011-03,2014-05,OTHER,2,1,1
NCT01202487,PHASE2,222,ACTUAL,2011-04,2012-01,OTHER,1,1,1
NCT03717987,PHASE3,26,ACTUAL,2019-01-03,2019-09-01,OTHER,1,1,1
NCT00005087,PHASE2,105,ACTUAL,2000-03,2004-11,NETWORK,1,235,2
NCT00710814,PHASE1|PHASE2,31,ACTUAL,2008-04,2012-08,OTHER,1,1,1
NCT01355614,PHASE2,10,ACTUAL,2011-06,2013-03,INDUSTRY,1,6,2
NCT00966914,PHASE3,540,ACTUAL,2010-04,2013-04,INDUSTRY,1,42,6
NCT00038714,PHASE2,27,ESTIMATED,2001-11,,INDUSTRY,2,8,1
NCT04233216,PHASE3,35,ACTUAL,2020-03-18,2022-11-21,INDUSTRY,1,98,18
NCT05244304,PHASE3,104,ACTUAL,2022-03-28,2025-08-04,INDUSTRY,1,19,11
NCT00357084,PHASE2,53,ESTIMATED,2006-05,2007-08,OTHER,1,1,1
NCT00990184,PHASE3,21,ACTUAL,2009-09,2010-10,OTHER,2,0,0
NCT01104584,PHASE3,460,ACTUAL,2010-05,2011-09,INDUSTRY,1,48,9
NCT00404833,PHASE3,16,ESTIMATED,2003-01,,OTHER_GOV,2,1,1
NCT03725033,PHASE3,538,ACTUAL,2018-10-10,2020-03-23,INDUSTRY,1,44,1
NCT00072033,PHASE2,66,ACTUAL,2003-03,2003-03,OTHER,1,9,1
NCT02138552,PHASE2,90,ACTUAL,2013-10,2014-04,INDUSTRY,1,2,1
NCT06949852,PHASE3,289,ACTUAL,2024-08-07,2025-07-08,INDUSTRY,1,24,1
NCT01388478,PHASE2,20,ACTUAL,2011-07,2014-01,OTHER,1,1,1
NCT02652585,PHASE3,46,ACTUAL,2016-02,2017-08-25,OTHER,1,1,1
NCT03406585,PHASE1|PHASE2,24,ACTUAL,2017-11-28,2020-07-01,INDUSTRY,1,1,1
NCT00514943,PHASE2,124,ACTUAL,2007-08,2010-03,INDUSTRY,2,36,4
NCT00005643,PHASE2,,,2000-05,2005-03,NETWORK,2,49,2
NCT00191243,PHASE2,237,ACTUAL,2002-03,2007-08,INDUSTRY,1,8,1
NCT05341843,PHASE2,60,ACTUAL,2022-05-01,2022-09-01,OTHER,1,1,1
NCT01736943,PHASE2,25,ACTUAL,2012-12-19,2019-05-20,OTHER,1,1,1
NCT00246415,PHASE2,90,,2002-11,2005-12,NIH,2,1,1
NCT01351415,PHASE3,485,ACTUAL,2011-06-25,2016-06-25,INDUSTRY,1,179,18
NCT00740415,PHASE2,39,ACTUAL,2007-06,2011-05,OTHER,1,1,1
NCT03930615,PHASE3,220,ACTUAL,2019-06-21,2021-10-27,INDUSTRY,1,32,6
NCT01090817,PHASE2,21,ACTUAL,2010-01,2014-06,OTHER,1,1,1
NCT04003389,PHASE3,1831,ACTUAL,2019-07-10,2022-01-04,INDUSTRY,1,182,8
NCT01602068,PHASE2,45,ACTUAL,2012-05,2012-10,INDUSTRY,1,3,1
NCT00077350,PHASE2,48,ACTUAL,2004-07,2005-04,NIH,1,1,1
NCT00869050,PHASE2,41,ACTUAL,2005-08,2013-12,OTHER,1,1,1
NCT02390050,PHASE2,292,ACTUAL,2015-05-12,2016-06-03,INDUSTRY,1,50,2
NCT03101150,PHASE1|PHASE2,179,ACTUAL,2012-10-01,2014-10-31,OTHER_GOV,2,0,0
NCT00442650,PHASE3,,,2004-01,2005-12,INDUSTRY,1,1,1
NCT00505050,PHASE3,,,1999-10,,OTHER,1,1,1
NCT01524991,PHASE2,36,ACTUAL,2012-01,2017-07-15,OTHER,1,8,1
NCT00297791,PHASE3,1044,ACTUAL,2004-06,2013-04,OTHER,1,35,9
NCT01556191,PHASE2,379,ACTUAL,2012-05-15,2018-05-15,OTHER,1,61,1
NCT00998218,PHASE3,7,ACTUAL,2009-09,2010-12,OTHER,2,1,1
NCT00382018,PHASE3,624,ACTUAL,2006-10,2015-12,NETWORK,1,296,1
NCT05713318,PHASE2,200,ACTUAL,2023-01-18,2023-06-19,INDUSTRY,1,16,1
NCT00326118,PHASE3,433,ACTUAL,2006-06-01,2007-11-01,INDUSTRY,2,7,1
NCT02810990,PHASE2,65,ACTUAL,2016-11-17,2020-04-30,OTHER,1,45,1
NCT01736397,PHASE2,149,ACTUAL,2012-11,2013-11,INDUSTRY,2,20,1
NCT02606097,PHASE2,19,ACTUAL,2014-04,2018-05,OTHER,1,1,1
NCT01013597,PHASE2,13,ACTUAL,2010-01,2013-08,OTHER,1,3,1
NCT01880697,PHASE3,126,ACTUAL,2013-08,2013-09,INDUSTRY,1,1,1
NCT00462813,PHASE3,3000,ESTIMATED,2004-10,2008-06,OTHER,2,2,1
NCT03679013,PHASE2,19,ACTUAL,2019-04-19,2019-07-12,OTHER,1,1,1
NCT05975060,PHASE2|PHASE3,660,ACTUAL,2023-09-07,2023-11-15,INDUSTRY,1,30,1
NCT00229060,PHASE3,483,ACTUAL,2004-03,,INDUSTRY,5,0,0
NCT00989560,PHASE3,175,ACTUAL,2009-08,2013-04,OTHER,1,1,1
NCT00002560,PHASE2,40,ESTIMATED,1994-02,2005-04,OTHER,1,1,1
NCT05388760,PHASE2,28,ACTUAL,2022-09-07,2023-10-20,INDUSTRY,1,11,5
NCT00292760,PHASE2,,,,,OTHER,1,0,0
NCT01103960,PHASE3,324,ACTUAL,2010-07,2011-08,INDUSTRY,1,16,3
NCT05513560,PHASE2|PHASE3,460,ACTUAL,2023-05-31,2025-03-31,OTHER,3,3,1
NCT00551109,PHASE2,150,ESTIMATED,2007-11,,INDUSTRY,1,5,1
NCT05515471,PHASE3,312,ACTUAL,2021-02-04,2021-09-07,INDUSTRY,1,1,1
NCT02729571,PHASE1|PHASE2,54,ACTUAL,2015-09,2016-09,INDUSTRY,1,1,1
NCT05509634,PHASE3,754,ACTUAL,2022-09-21,2023-06-19,INDUSTRY,1,1,1
NCT01504464,PHASE2,40,ACTUAL,2012-10,2015-09,OTHER_GOV,1,1,1
NCT00241332,PHASE3,100,,2005-10,,OTHER,1,1,1
NCT01631864,PHASE2,98,ACTUAL,2012-10,2013-07,INDUSTRY,2,3,2
NCT01544998,PHASE1|PHASE2,43,ACTUAL,2012-02,2013-08,OTHER,1,1,1
NCT03897998,PHASE2,211,ACTUAL,2021-11-01,2025-12-31,OTHER,3,1,1
NCT07116863,PHASE3,286,ACTUAL,2022-06-21,2024-06-20,INDUSTRY,1,2,1
NCT01387763,PHASE3,202,ACTUAL,2012-01,2020-06,OTHER,3,8,1
NCT01105793,PHASE2,20,ESTIMATED,2010-06,2011-06,INDUSTRY,1,4,1
NCT01116193,PHASE2,10,ACTUAL,2010-01,2012-07,OTHER,2,4,1
NCT06278493,PHASE1|PHASE2,34,ACTUAL,2018-08-23,2021-10-25,INDUSTRY,1,1,1
NCT01364493,PHASE2,51,ACTUAL,2011-05,2012-08,OTHER,1,1,1
NCT00238121,PHASE2,56,ACTUAL,2005-02,2010-07,NIH,4,7,2
NCT01989221,PHASE3,14,ACTUAL,2012-11,2018-12,OTHER,1,1,1
NCT07074821,PHASE2,100,ACTUAL,2023-03-01,2024-02-29,OTHER_GOV,3,1,1
NCT00186121,PHASE2,35,ACTUAL,2000-10,2013-05,OTHER,1,1,1
NCT01436747,PHASE3,168,ACTUAL,2012-07,2014-10,OTHER,3,1,1
NCT02730247,PHASE2,7,ACTUAL,2017-07-05,2019-09-08,OTHER,1,1,1
NCT01098747,PHASE3,335,ACTUAL,2010-04,2010-07,INDUSTRY,1,0,0
NCT01992549,PHASE3,48,ACTUAL,2014-04,2018-12-27,INDUSTRY,1,15,9
NCT06957249,PHASE3,80,ACTUAL,2025-04-25,2025-05-03,INDUSTRY,1,1,1
NCT00091949,PHASE3,3876,ACTUAL,2005-02,2015-11,OTHER,3,183,8
NCT02160548,PHASE3,75,ACTUAL,2015-04,2015-12,OTHER,1,1,1
NCT03308448,PHASE3,93,ACTUAL,2018-01-06,2022-08-06,OTHER,1,3,1
NCT05218655,PHASE3,101,ACTUAL,2022-06-22,2025-04-15,INDUSTRY,1,26,7
NCT03086226,PHASE2,104,ACTUAL,2017-05-09,2021-06-10,OTHER,1,1,1
NCT01905878,PHASE1|PHASE2,14,ACTUAL,2013-06,2013-09,OTHER,1,1,1
NCT00000278,PHASE2,0,,1994-09,1999-08,OTHER,2,1,1
NCT01128478,PHASE2|PHASE3,35,ACTUAL,2010-05,2011-04,OTHER,1,1,1
NCT02341378,PHASE2,28,ACTUAL,2009-08,2010-06,INDUSTRY,1,3,1
NCT05447078,PHASE3,492,ACTUAL,2022-07-01,2025-12-08,OTHER,1,1,1
NCT01901185,PHASE3,77,ACTUAL,2013-06-11,2013-12-18,INDUSTRY,2,13,1
NCT01854385,PHASE2,40,ACTUAL,2013-06,2018-02,OTHER,1,2,1
NCT03995485,PHASE3,371,ACTUAL,2017-06-07,2018-01-25,INDUSTRY,1,19,1
NCT01248143,PHASE2|PHASE3,300,ACTUAL,2010-11,2011-03,OTHER,5,3,3
NCT01517243,PHASE2,37,ACTUAL,2010-09-22,2018-08-20,OTHER,1,2,1
NCT00880243,PHASE3,473,ACTUAL,1999-03,2006-09,OTHER,1,0,0
NCT03298815,PHASE1|PHASE2,15,ACTUAL,2019-12-20,2022-12-16,OTHER,1,1,1
NCT05067335,PHASE3,327,ACTUAL,2021-10-21,2023-11-09,INDUSTRY,1,30,1
NCT00124735,PHASE3,149,ACTUAL,2004-10,2007-08,INDUSTRY,1,0,0
NCT04528108,PHASE2,160,ACTUAL,2020-09-02,2022-06-30,OTHER,1,1,1
NCT01720108,PHASE3,3426,ACTUAL,2013-02-24,2016-07,OTHER,1,1,1
NCT00996125,PHASE3,750,ACTUAL,2009-10-24,2010-12-08,INDUSTRY,1,1,1
NCT02858076,PHASE2|PHASE3,205,ACTUAL,2016-11,2020-01,OTHER,2,62,2
NCT02983617,PHASE2,36,ACTUAL,2017-04-06,2019-02-20,INDUSTRY,1,15,1
NCT00406640,PHASE3,595,ACTUAL,2006-12,2008-02,INDUSTRY,3,70,6
NCT00139789,PHASE3,60,ACTUAL,2005-01,2005-04,INDUSTRY,1,1,1
NCT04065789,PHASE2,41,ACTUAL,2018-05-02,2021-08-27,OTHER_GOV,4,14,1
NCT00649389,PHASE3,2500,ACTUAL,2008-05,2009-04,INDUSTRY,1,232,2
NCT02773368,PHASE3,420,ACTUAL,2016-05-23,2017-09-26,INDUSTRY,2,88,11
NCT02586350,PHASE2|PHASE3,91,ACTUAL,2015-07,2018-09-30,INDUSTRY,1,19,1
NCT03731091,PHASE3,494,ACTUAL,2018-10-31,2020-03-17,INDUSTRY,1,30,1
NCT04673591,PHASE2,42,ACTUAL,2020-12-09,2022-01-12,INDUSTRY,2,1,1
NCT00655291,PHASE3,190,ESTIMATED,2008-04,2008-08,INDUSTRY,1,6,1
NCT00821691,PHASE2|PHASE3,50,ACTUAL,2009-03,2013-04,OTHER,1,6,1
NCT03061474,PHASE2,46,ACTUAL,2017-07-12,2022-08-30,OTHER,2,2,1
NCT00284518,PHASE2,380,ACTUAL,2005-12,2009-05,INDUSTRY,1,11,11
NCT01747018,PHASE1|PHASE2,44,ACTUAL,2011-02,2012-07,OTHER,2,1,1
NCT00495118,PHASE3,314,ACTUAL,2001-10,,INDUSTRY,2,0,0
NCT04465890,PHASE2,207,ACTUAL,2020-07-17,2024-08-09,INDUSTRY,1,1,1
NCT02791490,PHASE3,458,ACTUAL,2016-06-16,2018-02-01,INDUSTRY,1,0,0
NCT00004990,PHASE2,20,,2000-03,,NIH,2,1,1
NCT00227890,PHASE2,205,ACTUAL,2005-03,2011-09,OTHER,1,2,1
NCT00770497,PHASE2,172,ACTUAL,2007-03,2008-05,INDUSTRY,2,13,1
NCT01638910,PHASE3,955,ACTUAL,2012-06,2014-11,INDUSTRY,1,39,5
NCT00389610,PHASE2,56,ACTUAL,2006-09-11,2021-10-11,OTHER,1,1,1
NCT00682734,PHASE3,349,ACTUAL,2008-04,2010-03,OTHER,1,1,1
NCT01288534,PHASE2,68,ACTUAL,2011-01,2016-01,OTHER,1,2,1
NCT00615264,PHASE3,457,ACTUAL,2005-09,2011-09,INDUSTRY,1,34,11
NCT00721799,PHASE2,33,ACTUAL,2008-03-01,2014-12-31,OTHER,4,1,1
NCT00820898,PHASE2,24,ACTUAL,2009-02,2011-01,NETWORK,4,20,1
NCT01199263,PHASE2,108,ACTUAL,2010-12-06,2015-06-01,NIH,3,36,1
NCT03404063,PHASE2|PHASE3,105,ACTUAL,2017-10-20,2020-07-02,OTHER,1,2,1
NCT01232621,PHASE2,138,ACTUAL,2011-07,2012-11,OTHER,1,1,1
NCT01270321,PHASE2,42,ACTUAL,2010-11,2019-02,OTHER,1,3,1
NCT00817414,PHASE2,63,ACTUAL,2009-01-14,2009-08-12,INDUSTRY,1,11,2
NCT02582814,PHASE3,151,ACTUAL,2015-10-26,2017-06-15,INDUSTRY,1,24,1
NCT00303316,PHASE3,458,ACTUAL,2006-02,2007-04,INDUSTRY,5,1,1
NCT03169816,PHASE2|PHASE3,60,ACTUAL,2017-05-25,2019-08-30,OTHER,1,1,1
NCT00425516,PHASE2,264,ACTUAL,2007-01,2014-08,OTHER,1,6,1
NCT03555916,PHASE3,43,ACTUAL,2019-04-04,2022-07-19,OTHER,1,1,1
NCT04082416,PHASE3,335,ACTUAL,2019-10-16,2022-04-24,INDUSTRY,1,1,1
NCT00384033,PHASE3,638,ACTUAL,2006-09,2007-09,INDUSTRY,1,22,1
NCT00585533,PHASE2,40,ACTUAL,2004-06,2012-03,OTHER,1,1,1
NCT01752933,PHASE2,52,ACTUAL,2012-12,2015-09,INDUSTRY,1,24,3
NCT02529852,PHASE1|PHASE2,59,ACTUAL,2015-11-04,2022-10-31,OTHER,1,1,1
NCT00534248,PHASE3,22439,ACTUAL,2007-10,2010-01,INDUSTRY,1,0,0
NCT05122455,PHASE2|PHASE3,61,ACTUAL,2021-09-14,2024-06-24,OTHER,2,1,1
NCT02722278,PHASE3,222,ACTUAL,2016-03,2016-11,INDUSTRY,1,1,1
NCT04137185,PHASE1|PHASE2,64,ACTUAL,2019-06-10,2020-12-29,INDUSTRY,1,1,1
NCT03688685,PHASE2,25,ACTUAL,2019-01-23,2019-09-10,INDUSTRY,1,7,1
NCT00411385,PHASE3,933,ACTUAL,2007-02,2008-10,INDUSTRY,1,159,21
NCT02709343,PHASE2,64,ACTUAL,2017-04-21,2023-09-13,OTHER,1,5,1
NCT02932943,PHASE3,465,ACTUAL,2016-10-15,2018-09-21,INDUSTRY,1,31,1
NCT00256815,PHASE1|PHASE2,35,,2003-03,,OTHER,1,1,1
NCT02200315,PHASE2,98,ACTUAL,2014-05,2015-06,OTHER,1,3,1
NCT06046443,PHASE2,28,ACTUAL,2024-07-11,2026-02-09,INDUSTRY,1,10,2
NCT00804908,PHASE2,346,ACTUAL,2009-02,2016-01,INDUSTRY,3,0,0
NCT05780125,PHASE2,40,ACTUAL,2023-03-20,2024-02-06,OTHER,5,1,1
NCT00003125,PHASE2,24,ESTIMATED,1998-01,2004-11,OTHER,6,2,1
NCT00061425,PHASE1|PHASE2,,,2000-08,2007-11,INDUSTRY,2,0,0
NCT00955825,PHASE3,473,ACTUAL,2008-10,2009-08,INDUSTRY,1,19,1
NCT04066725,PHASE2,95,ACTUAL,2019-07-25,2021-03-19,OTHER,1,1,1
NCT01811225,PHASE2,95,ACTUAL,2012-12,2017-06,OTHER,2,1,1
NCT03100825,PHASE3,96,ACTUAL,2017-04-28,2018-09-18,INDUSTRY,1,25,1
NCT01074125,PHASE3,154,ACTUAL,2010-05,2010-11,INDUSTRY,2,16,2
NCT00551876,PHASE3,214,ACTUAL,2001-12,2003-01,INDUSTRY,1,0,0
NCT01296776,PHASE3,78,ACTUAL,2011-01,2012-12,OTHER,3,1,1
NCT00794976,PHASE2,216,ACTUAL,2008-10,2009-05,INDUSTRY,2,10,1
NCT00530517,PHASE2,54,ACTUAL,2007-09,2007-10,INDUSTRY,1,4,1
NCT01313117,PHASE1|PHASE2,9,ACTUAL,2012-02,2013-08,OTHER,1,1,1
NCT04785625,PHASE3,366,ACTUAL,2021-04-29,2021-10-27,INDUSTRY,2,4,1
NCT00331240,PHASE3,32,,2006-03,2007-01,OTHER,2,1,1
NCT00600340,PHASE3,564,ACTUAL,2008-04,2014-09,OTHER,1,55,12
NCT01873989,PHASE1|PHASE2,15,ACTUAL,2012-04,2015-01,OTHER,3,1,1
NCT03862950,PHASE2,125,ACTUAL,2019-05-24,2025-12-16,OTHER,10,2,1
NCT00354991,PHASE3,437,ACTUAL,2006-06-01,2007-04-01,INDUSTRY,1,0,0
NCT02523274,PHASE2,60,ACTUAL,2016-06,2019-05,OTHER,1,1,1
NCT04119674,PHASE1|PHASE2,33,ACTUAL,2019-03-19,2022-08-23,OTHER,1,1,1
NCT00440050,PHASE3,402,ACTUAL,2007-02,2009-05,OTHER,1,51,1
NCT00231218,PHASE3,104,,2006-01,,OTHER,2,1,1
NCT01722318,PHASE2,428,ACTUAL,2012-11,2014-04,INDUSTRY,1,99,1
NCT00002718,PHASE2,31,ACTUAL,1995-11,2004-01,OTHER,4,1,1
NCT04573218,PHASE2,50,ACTUAL,2021-10-18,2021-12-16,OTHER,2,1,1
NCT01781390,PHASE2,106,ACTUAL,2013-03-11,2021-04-06,INDUSTRY,1,0,0
NCT01461590,PHASE2,160,ACTUAL,2011-10,2012-01,OTHER,1,2,1
NCT04048135,PHASE1|PHASE2,101,ACTUAL,2019-07-29,2020-08-28,INDUSTRY,1,26,2
NCT03499808,PHASE2,43,ACTUAL,2018-06-06,2023-08-30,NETWORK,13,345,1
NCT02081976,PHASE2,57,ACTUAL,2013-04,2013-10,INDUSTRY,2,1,1
NCT03714776,PHASE2,25,ACTUAL,2019-01-03,2019-11-13,INDUSTRY,1,6,1
NCT05298176,PHASE2,5,ACTUAL,2022-01-04,2024-04-01,OTHER,1,1,1
NCT03743376,PHASE2,31,ACTUAL,2018-12-12,2020-10-15,INDUSTRY,1,3,1
NCT00985517,PHASE1|PHASE2,57,ACTUAL,2009-10-29,2014-11-09,INDUSTRY,1,11,1
NCT01485640,PHASE3,162,ACTUAL,2011-06,2014-02,INDUSTRY,2,46,12
NCT00701740,PHASE2,32,ACTUAL,2007-07,2008-01,OTHER,2,1,1
NCT01308840,PHASE2,31,ACTUAL,2010-12,2013-01,OTHER,2,2,1
NCT00294268,PHASE2,24,ACTUAL,2006-03,2008-03,OTHER,1,1,1
NCT01332968,PHASE3,1401,ACTUAL,2011-07-06,2016-02-01,INDUSTRY,1,183,18
NCT04470050,PHASE1|PHASE2,225,ACTUAL,2020-06-09,2021-02-18,INDUSTRY,1,3,1
NCT04516291,PHASE2,286,ACTUAL,2020-09-28,2021-09-29,INDUSTRY,3,114,3
NCT01168791,PHASE3,447,ACTUAL,2010-07,2013-03,INDUSTRY,1,161,21
NCT02447991,PHASE2|PHASE3,223,ACTUAL,2014-12,2020-07-31,OTHER,2,3,1
NCT00093197,PHASE1|PHASE2,154,ACTUAL,2004-09,2006-10,INDUSTRY,1,1,1
NCT00002397,PHASE3,24,,,,INDUSTRY,2,1,1
NCT02385097,PHASE3,211,ACTUAL,2015-04,2017-05,INDUSTRY,1,1,1
NCT00004810,PHASE2,30,,1996-06,,NIH,1,0,0
NCT01820910,PHASE2,44,ACTUAL,2013-03-19,2016-05,OTHER,1,8,1
NCT00181610,PHASE2,11,ACTUAL,2004-09,2010-09,OTHER,1,1,1
NCT04594213,PHASE3,362,ACTUAL,2020-09-23,2021-04-15,INDUSTRY,1,12,1
NCT05610813,PHASE3,384,ACTUAL,2023-06-08,2024-10-18,INDUSTRY,1,2,1
NCT03874013,PHASE3,44,ACTUAL,2017-12-07,2020-03-06,INDUSTRY,1,46,1
NCT01077713,PHASE2,86,ACTUAL,2010-02,2014-07,INDUSTRY,1,26,1
NCT00087113,PHASE2,,,2004-08,2006-06,NETWORK,1,22,1
NCT02689960,PHASE2,12,ACTUAL,2017-01,2017-04,OTHER,1,0,0
NCT02880020,PHASE2,36,ACTUAL,2016-12-14,2022-08-09,OTHER,1,1,1
NCT02340520,PHASE3,13,ACTUAL,2014-12,2016-08,OTHER,1,1,1
NCT02166320,PHASE2,80,ACTUAL,2010-10,2015-01,OTHER,3,1,1
NCT01905020,PHASE2,28,ACTUAL,2013-07,2014-09,OTHER,1,3,1
NCT02779582,PHASE3,59,ACTUAL,2015-06,2018-06-01,OTHER,2,1,1
NCT02444182,PHASE1|PHASE2,108,ACTUAL,2014-12,2015-05,OTHER,2,1,1
NCT02071082,PHASE3,79,ACTUAL,2014-02-25,2015-01-23,INDUSTRY,2,24,3
NCT02379624,PHASE1|PHASE2,125,ACTUAL,2014-08,2015-01,OTHER,2,0,0
NCT00280423,PHASE2,342,ACTUAL,2006-01,2007-02,INDUSTRY,2,71,2
NCT04310423,PHASE2,20,ACTUAL,2021-10-19,2023-11-14,OTHER,4,1,1
NCT01890759,PHASE3,300,ACTUAL,2013-06-25,2016-04-12,INDUSTRY,2,8,2
NCT02357459,PHASE3,486,ACTUAL,2015-01,2016-01,INDUSTRY,1,38,8
NCT05683496,PHASE1|PHASE2,31,ACTUAL,2023-02-14,2025-05-26,INDUSTRY,1,11,2
NCT03329196,PHASE3,304,ACTUAL,2017-10-30,2019-01-08,INDUSTRY,1,31,1
NCT01533662,PHASE2,64,ACTUAL,2011-03,2013-05,OTHER,1,1,1
NCT01618162,PHASE3,435,ACTUAL,2012-08-29,2013-10-23,INDUSTRY,2,87,8
NCT04239846,PHASE2,74,ACTUAL,2019-10-02,2021-05-12,INDUSTRY,1,2,1
NCT01268046,PHASE1|PHASE2,38,ACTUAL,2009-11,2013-12-02,OTHER,3,1,1
NCT00181688,PHASE2,35,,2003-10,2006-03,OTHER,3,2,1
NCT00740103,PHASE2,119,ACTUAL,2002-12,2004-07,INDUSTRY,1,26,5
NCT03788291,PHASE2,39,ACTUAL,2019-03-25,2023-05-19,OTHER,2,1,1
NCT01316874,PHASE2|PHASE3,90,ACTUAL,1993-11,1997-04,INDUSTRY,2,39,1
NCT03091374,PHASE2,22,ACTUAL,2016-12,2021-03,OTHER,2,1,1
NCT00548418,PHASE2,27,ACTUAL,2007-02,2012-12,OTHER,1,3,1
NCT00945490,PHASE3,500,ACTUAL,2009-05,2014-05,INDUSTRY,1,35,1
NCT00526097,PHASE3,368,ACTUAL,2007-09,2009-06,INDUSTRY,1,27,1
NCT01376297,PHASE3,413,ACTUAL,2011-07,2012-09,INDUSTRY,1,75,10
NCT01668797,PHASE3,524,ACTUAL,2012-10,2015-01,INDUSTRY,1,49,8
NCT04381910,PHASE2,66,ACTUAL,2020-09-28,2023-03-04,INDUSTRY,1,1,1
NCT00717210,PHASE3,318,ACTUAL,1999-06,2005-02,NETWORK,3,12,1
NCT02695810,PHASE2,120,ACTUAL,2016-02-24,2018-09-20,OTHER,2,1,1
NCT01899560,PHASE3,12,ACTUAL,2013-03,2013-06,OTHER,1,1,1
NCT00307060,PHASE3,274,ACTUAL,2004-12-01,2005-06-01,INDUSTRY,1,0,0
NCT00891020,PHASE3,886,ACTUAL,2009-05,2010-07,INDUSTRY,1,227,1
NCT05038982,PHASE2,20,ACTUAL,2021-09-09,2022-07-11,OTHER,5,1,1
NCT01470482,PHASE3,50,ACTUAL,2006-08,2010-05,OTHER,1,1,1
NCT01963182,PHASE2,47,ACTUAL,2013-10,2019-12,OTHER,1,3,1
NCT02192424,PHASE3,109,ACTUAL,2014-07,2020-08,OTHER,1,1,1
NCT00004024,PHASE2,60,ESTIMATED,1997-06,2004-01,OTHER,1,1,1
NCT00710424,PHASE3,297,ACTUAL,2005-07,2006-06,INDUSTRY,2,1,1
NCT02194023,PHASE2,200,ACTUAL,2011-09,2013-07,OTHER,2,1,1
NCT00472459,PHASE3,82,ACTUAL,2003-07-25,2004-09-23,INDUSTRY,5,11,5
NCT03440359,PHASE2|PHASE3,52,ACTUAL,2012-07-06,2016-11-02,OTHER,1,1,1
NCT03863080,PHASE2,17,ACTUAL,2019-05-21,2020-10-07,INDUSTRY,1,20,2
NCT00909779,PHASE3,841,ACTUAL,2009-06,2012-06,INDUSTRY,1,73,1
NCT00270179,PHASE3,17,ACTUAL,,,INDUSTRY,1,0,0
NCT04504396,PHASE3,620,ACTUAL,2020-06-23,2022-09-15,OTHER,1,1,1
NCT04632862,PHASE3,140,ACTUAL,2020-11-11,2021-11-25,INDUSTRY,1,1,1
NCT01010646,PHASE2,84,ACTUAL,2010-03,2012-09,OTHER_GOV,1,1,1
NCT00926588,PHASE3,250,ACTUAL,2009-10,2013-06,FED,1,1,1
NCT04501588,PHASE2,47,ACTUAL,2020-03-06,2021-09-02,OTHER,2,1,1
NCT00675688,PHASE3,3544,ACTUAL,2002-04,2006-01,INDUSTRY,2,0,0
NCT05113953,PHASE2,147,ACTUAL,2021-12-22,2022-08-19,INDUSTRY,1,25,1
NCT06117137,PHASE3,150,ACTUAL,2023-11-15,2025-01-01,OTHER,1,1,1
NCT06003972,PHASE2,14,ACTUAL,2021-01-04,2023-03-12,OTHER,4,1,1
NCT02377895,PHASE1|PHASE2,73,ACTUAL,2015-03,2015-07,INDUSTRY,1,0,0
NCT00100295,PHASE2,59,ACTUAL,2005-02,,NIH,1,1,1
NCT04121195,PHASE2|PHASE3,26,ACTUAL,2020-10-30,2022-05-20,OTHER,2,1,1
NCT02063139,PHASE2,48,ACTUAL,2014-02,2014-06,INDUSTRY,1,1,1
NCT00266877,PHASE2,172,ACTUAL,2005-12,2009-01,INDUSTRY,2,19,5
NCT00606177,PHASE3,99,ACTUAL,2008-01,2010-11,INDUSTRY,1,12,4
NCT01644877,PHASE2,111,ACTUAL,2014-03,2016-12-15,INDUSTRY,1,45,1
NCT07010575,PHASE2,10,ACTUAL,2025-07-15,2025-12-18,INDUSTRY,1,1,1
NCT00005601,PHASE2,58,ACTUAL,2000-10,2003-07,OTHER,1,21,2
NCT01248819,PHASE3,60,ACTUAL,2008-04,2009-05,OTHER,1,1,1
NCT02517619,PHASE3,251,ACTUAL,2016-01-16,2018-04-20,INDUSTRY,1,1,1
NCT02292628,PHASE1|PHASE2,16,ACTUAL,2013-10,2017-09,OTHER,1,4,1
NCT03018028,PHASE3,243,ACTUAL,2017-01-10,2018-01-09,INDUSTRY,2,16,1
NCT02269267,PHASE2,173,ACTUAL,2014-12-18,2021-04-06,OTHER,1,16,1
NCT05192200,PHASE2,24,ACTUAL,2021-12-20,2023-11-20,INDUSTRY,1,25,4
NCT00029692,PHASE2,60,,2002-03,,NIH,1,1,1
NCT00003336,PHASE2,6,ACTUAL,1998-01,2005-12,OTHER,3,1,1
NCT02766036,PHASE2,32,ACTUAL,2016-12-01,2018-02,OTHER,1,1,1
NCT05126836,PHASE2,25,ACTUAL,2021-09-01,2022-06-01,OTHER,1,1,1
NCT01305811,PHASE1|PHASE2,104,ACTUAL,2009-07,2013-01,OTHER,1,1,1
NCT00446511,PHASE3,250,ACTUAL,2007-06,2009-06,INDUSTRY,1,9,9
NCT05084911,PHASE3,1807,ACTUAL,2021-10-18,2023-03-24,INDUSTRY,1,66,6
NCT00518011,PHASE2,17,ACTUAL,2007-08,2009-02,INDUSTRY,1,14,1
NCT00481871,PHASE1|PHASE2,119,ACTUAL,2007-05,2011-05,INDUSTRY,5,15,1
NCT03951571,PHASE2,88,ACTUAL,2019-05-13,2022-06-01,OTHER,2,5,1
NCT02015871,PHASE3,206,ACTUAL,2014-01,2017-08-01,INDUSTRY,1,1,1
NCT04360044,PHASE2,92,ACTUAL,2020-11-20,2023-02-23,OTHER,4,1,1
NCT00206544,PHASE2,51,ACTUAL,2004-01,2007-12,OTHER,3,1,1
NCT05657444,PHASE3,380,ACTUAL,2023-03-21,2025-03-20,OTHER,1,1,1
NCT00066144,PHASE2,112,ESTIMATED,2003-04,,NIH,2,1,1
NCT04964544,PHASE3,1196,ACTUAL,2021-07-08,2023-03-01,INDUSTRY,1,1,1
NCT01912534,PHASE2,211,ACTUAL,2014-03,2019-07,OTHER,1,15,2
NCT00971464,PHASE2,10,ACTUAL,2009-09,2011-09,OTHER,1,1,1
NCT00056264,PHASE3,234,ACTUAL,2002-12,,INDUSTRY,2,0,0
NCT02927964,PHASE1|PHASE2,21,ACTUAL,2016-11-07,2023-05-18,OTHER,7,1,1
NCT00595309,PHASE3,198,ACTUAL,2007-12,2009-10,INDUSTRY,1,3,2
NCT02243709,PHASE1|PHASE2,32,ACTUAL,2014-09,2021-12-21,OTHER,1,1,1
NCT01109199,PHASE3,20,ACTUAL,2010-08,2011-04,OTHER,2,2,1
NCT01037699,PHASE3,720,ACTUAL,2005-01,2008-03,OTHER,1,1,1
NCT01534832,PHASE1|PHASE2,30,ACTUAL,2012-04,2012-08,INDUSTRY,1,1,1
NCT00024232,PHASE2,,,2001-06,2004-02,OTHER,1,1,1
NCT02578732,PHASE2,28,ACTUAL,2016-07-12,2019-12-18,OTHER,2,1,1
NCT03409432,PHASE2,26,ACTUAL,2018-03-16,2025-07-16,OTHER,9,1,1
NCT00594698,PHASE2|PHASE3,150,ACTUAL,2002-02,2003-09,INDUSTRY,1,34,1
NCT00017498,PHASE2,21,ACTUAL,2001-02,2003-04,NETWORK,1,7,3
NCT01394263,PHASE3,59,ACTUAL,2000-05,2001-12,INDUSTRY,2,0,0
NCT03003663,PHASE2,658,ACTUAL,2016-03,2017-06-06,INDUSTRY,2,1,1
NCT01782963,PHASE2,50,ACTUAL,2013-03,2016-12,OTHER,1,6,1
NCT00121563,PHASE2,90,,2005-07,,NIH,1,1,1
NCT06444763,PHASE3,97,ACTUAL,2025-02-27,2026-02-16,INDUSTRY,4,1,1
NCT05205863,PHASE1|PHASE2,69,ACTUAL,2021-11-12,2022-08-20,INDUSTRY,1,1,1
NCT02093663,PHASE3,107,ACTUAL,2014-12-12,2018-11-28,INDUSTRY,1,33,7
NCT05015387,PHASE2,46,ACTUAL,2019-01-09,2019-04-09,OTHER,1,1,1
NCT05369793,PHASE3,60,ACTUAL,2022-08-01,2023-10-10,OTHER,2,1,1
NCT00006493,PHASE2,,,,,NIH,2,1,1
NCT03297593,PHASE2,74,ACTUAL,2017-12-13,2019-07-01,OTHER,1,14,1
NCT03583593,PHASE2,100,ACTUAL,2014-05-23,2017-11-12,INDUSTRY,3,1,1
NCT02244021,PHASE2,13,ACTUAL,2014-12,2016-07,OTHER,1,7,1
NCT01816321,PHASE3,150,ACTUAL,2013-03,2016-05,OTHER,2,2,2
NCT01553721,PHASE2,63,ACTUAL,2011-08,2015-03,INDUSTRY,1,9,1
NCT01701414,PHASE2,38,ACTUAL,2008-11,2012-02,OTHER,2,1,1
NCT00294216,PHASE3,121,,2003-08,,INDUSTRY,1,1,1
NCT02092116,PHASE1|PHASE2,26,ACTUAL,2014-03,2015-08,INDUSTRY,1,1,1
NCT00000516,PHASE3,,,1985-07,,NIH,6,0,0
NCT01680016,PHASE3,644,ACTUAL,2012-09,2013-01,INDUSTRY,1,1,1
NCT01516606,PHASE2,23,ACTUAL,2012-01,2013-12,OTHER,1,1,1
NCT00043706,PHASE1|PHASE2,,,,,INDUSTRY,2,4,1
NCT02372006,PHASE1|PHASE2,56,ACTUAL,2015-04-29,2020-08-05,INDUSTRY,2,28,12
NCT00945906,PHASE3,61,ACTUAL,2009-09,2011-08,INDUSTRY,1,25,1
NCT00106106,PHASE2,56,ACTUAL,2005-03,2010-07,NIH,4,1,1
NCT00263406,PHASE2,40,,2002-12,,OTHER,1,1,1
NCT04683406,PHASE3,750,ACTUAL,2020-12-28,2023-04-01,INDUSTRY,1,76,1
NCT00000606,PHASE3,,,1996-12,2005-12,NIH,4,0,0
NCT04620031,PHASE3,135,ACTUAL,2020-12-08,2021-06-02,INDUSTRY,1,1,1
NCT02663453,PHASE3,44,ACTUAL,2013-12,2015-12,OTHER,1,0,0
NCT04811053,PHASE2,60,ACTUAL,2021-04-12,2021-07-15,INDUSTRY,1,1,1
NCT00344253,PHASE3,19,ACTUAL,2006-03,2011-03,OTHER,3,1,1
NCT02100631,PHASE3,398,ACTUAL,2014-05,2015-02,INDUSTRY,1,16,1
NCT00942331,PHASE3,506,ACTUAL,2009-07-15,2018-11-02,NIH,13,873,2
NCT01367145,PHASE3,71,ACTUAL,2011-01,2013-11,OTHER,1,1,1
NCT01593475,PHASE2,44,ACTUAL,2011-09-05,2016-12-31,OTHER_GOV,1,1,1
NCT00099957,PHASE2,38,,2003-09,2005-06,INDUSTRY,1,1,1
NCT03232619,PHASE1|PHASE2,4,ACTUAL,2018-08-01,2020-05-06,INDUSTRY,1,1,1
NCT02471430,PHASE1|PHASE2,17,ACTUAL,2016-05,2022-08,OTHER,1,1,1
NCT01330030,PHASE2,243,ACTUAL,2005-07,2008-08,OTHER,1,1,1
NCT04079530,PHASE2,60,ACTUAL,2019-09-13,2019-12-24,INDUSTRY,1,1,1
NCT01195467,PHASE3,40,ACTUAL,2010-10,2013-06,OTHER,1,1,1
NCT00528567,PHASE3,2591,ACTUAL,2007-12,2012-02,INDUSTRY,1,403,40
NCT01632007,PHASE3,245,ESTIMATED,2012-05-01,2013-07-01,INDUSTRY,1,22,1
NCT02770807,PHASE3,176,ACTUAL,2017-03-02,2021-05-13,INDUSTRY,2,22,12
NCT02491892,PHASE2,79,ACTUAL,2003-02,2005-04,INDUSTRY,1,18,8
NCT01047592,PHASE2,63,ACTUAL,2009-03,2013-12,OTHER_GOV,1,1,1
NCT02586792,PHASE2,27,ACTUAL,2016-01-12,2016-12-29,NIH,1,1,1
NCT04140292,PHASE2,75,ACTUAL,2020-01-13,2020-11-24,OTHER,1,1,1
NCT03007992,PHASE2,9,ACTUAL,2016-12,2019-03-02,OTHER,1,8,1
NCT05913336,PHASE1|PHASE2,24,ACTUAL,2023-06-27,2025-03-05,INDUSTRY,1,1,1
NCT02756611,PHASE3,258,ACTUAL,2016-06-22,2019-04-10,INDUSTRY,1,67,21
NCT04150211,PHASE2,33,ACTUAL,2018-09-10,2018-10-08,INDUSTRY,3,1,1
NCT00613171,PHASE2,27,ACTUAL,2008-01-02,2010-01-13,INDUSTRY,1,7,5
NCT00275171,PHASE2,90,ACTUAL,2006-02,2009-04,OTHER,1,1,1
NCT02179671,PHASE2,32,ACTUAL,2014-07-25,2016-06-11,INDUSTRY,1,10,1
NCT02040844,PHASE3,430,ACTUAL,2014-02,2017-05,INDUSTRY,1,0,0
NCT05715944,PHASE3,10888,ACTUAL,2021-09-15,2022-12-30,OTHER,1,1,1
NCT00380744,PHASE1|PHASE2,121,ACTUAL,2005-11,2007-11,INDUSTRY,1,14,2
NCT02449044,PHASE3,111,ACTUAL,2004-05,2009-10,INDUSTRY,1,0,0
NCT05152134,PHASE3,234,ACTUAL,2023-08-23,2025-08-15,OTHER,3,1,1
NCT00000534,PHASE3,,,1991-03,,NIH,8,0,0
NCT05683834,PHASE1|PHASE2,25,ACTUAL,2023-09-22,2026-04-01,NIH,3,2,1
NCT01059864,PHASE2,111,ACTUAL,2010-02,2010-11,INDUSTRY,1,15,2
NCT00002964,PHASE2,,,1995-02,2004-04,OTHER,1,1,1
NCT05301764,PHASE1|PHASE2,39,ACTUAL,2022-05-25,2025-12-19,INDUSTRY,1,5,1
NCT02760264,PHASE2,48,ACTUAL,2016-06,2018-05-01,INDUSTRY,1,12,6
NCT00425009,PHASE1|PHASE2,70,,2004-01,,OTHER,1,1,1
NCT03541499,PHASE2,50,ACTUAL,2018-10-23,2020-05-15,NIH,2,1,1
NCT00482898,PHASE2,56,ACTUAL,2002-09,2003-04,INDUSTRY,1,0,0
NCT00501098,PHASE2,100,ESTIMATED,2007-01,2008-12,OTHER,1,8,1
NCT00424398,PHASE2|PHASE3,107,ACTUAL,2007-02,2007-07,INDUSTRY,1,1,1
NCT00384098,PHASE2,140,,2006-09,2007-05,INDUSTRY,1,16,1
NCT00740987,PHASE3,621,ACTUAL,2007-10,2015-01,OTHER,1,15,2
NCT01528787,PHASE2,85,ACTUAL,2012-03,2012-07,INDUSTRY,2,11,1
NCT00328393,PHASE3,2,ACTUAL,2007-03,2007-03,OTHER,2,1,1
NCT01732393,PHASE1|PHASE2,20,ACTUAL,2010-01,2011-10,OTHER,1,1,1
NCT01610414,PHASE3,1877,ACTUAL,2012-07-13,2016-11-04,INDUSTRY,1,178,28
NCT02453516,PHASE2|PHASE3,40,ACTUAL,2014-10-29,2019-09-11,OTHER,1,1,1
NCT00841516,PHASE2,14,ACTUAL,2007-12,2011-04,INDUSTRY,1,1,1
NCT00478816,PHASE2,58,ACTUAL,2007-05,2009-02,INDUSTRY,1,1,1
NCT03475706,PHASE2,438,ACTUAL,2018-02-19,2019-01-24,INDUSTRY,1,86,1
NCT03448406,PHASE3,315,ACTUAL,2018-03-20,2019-10-04,INDUSTRY,1,108,11
NCT00999206,PHASE3,3138,ACTUAL,2010-01,2010-08,INDUSTRY,1,19,2
NCT00121602,PHASE3,446,ACTUAL,2005-03,2005-10,INDUSTRY,2,0,0
NCT00550953,PHASE3,314,ACTUAL,2007-10,2008-07,INDUSTRY,1,5,1
NCT02290431,PHASE2,31,ACTUAL,2014-12-16,2017-12-29,INDUSTRY,1,20,1
NCT02086929,PHASE3,364,ACTUAL,2012-12,2014-04,INDUSTRY,1,32,6
NCT00401531,PHASE3,412,ACTUAL,2006-10,2007-11,INDUSTRY,5,2,1
NCT01462253,PHASE2,35,ACTUAL,2012-10,2017-03-11,OTHER,1,27,1
NCT00030537,PHASE2,,,2001-11,,NIH,1,2,1
NCT00220337,PHASE3,371,ACTUAL,2004-12-21,2007-10-31,INDUSTRY,1,1,1
NCT00559845,PHASE2,56,ACTUAL,2008-02,2015-07,INDUSTRY,1,8,1
NCT00005045,PHASE2,,,2000-03,,NETWORK,1,55,3
NCT00932945,PHASE3,32,ACTUAL,2009-06,2009-07,INDUSTRY,1,1,1
NCT00653445,PHASE3,,,2004-06,,INDUSTRY,3,0,0
NCT01349972,PHASE2,172,ACTUAL,2011-04,2014-05,NIH,16,11,1
NCT03673072,PHASE3,68,ACTUAL,2019-07-01,2024-10-10,OTHER,2,1,1
NCT00595972,PHASE2,25,ACTUAL,2007-11,2010-12,OTHER,1,1,1
NCT01302795,PHASE2,5,ACTUAL,2011-02,2014-08,OTHER,1,1,1
NCT02059239,PHASE1|PHASE2,34,ACTUAL,2014-06-04,2019-12-16,OTHER,2,1,1
NCT02860039,PHASE2,170,ACTUAL,2016-09,2021-12-01,OTHER,3,9,1
NCT03870139,PHASE2|PHASE3,20,ACTUAL,2019-03-30,2019-04-30,OTHER,1,1,1
NCT00213239,PHASE1|PHASE2,64,ACTUAL,2005-09,2007-09,OTHER,2,1,1
NCT07624175,PHASE2,147,ACTUAL,2024-08-17,2024-10-26,OTHER,1,1,1
NCT03791775,PHASE2,183,ACTUAL,2019-01-02,2019-06-02,NETWORK,1,1,1
NCT01461057,PHASE2,30,ACTUAL,2011-12-06,2015-03-01,INDUSTRY,1,24,8
NCT02655601,PHASE1|PHASE2,177,ACTUAL,2018-09-25,2023-08-17,INDUSTRY,3,9,1
NCT05463419,PHASE2|PHASE3,5860,ACTUAL,2022-10-03,2023-12-28,INDUSTRY,1,6,2
NCT01553019,PHASE2,2,ACTUAL,2011-10,2017-08-31,OTHER,1,2,1
NCT00873067,PHASE3,142,ACTUAL,2009-01,2012-02,OTHER,2,1,1
NCT03635567,PHASE3,617,ACTUAL,2018-10-25,2022-10-03,INDUSTRY,1,149,19
NCT02896400,PHASE3,1056,ACTUAL,2017-02-13,2019-08-14,OTHER,1,1,1
NCT00143507,PHASE3,10917,ACTUAL,2004-12,2008-02,OTHER,2,1,1
NCT03946592,PHASE3,148,ACTUAL,2019-05-15,2020-07-02,INDUSTRY,1,1,1
NCT00125892,PHASE3,320,,2005-07,,INDUSTRY,1,27,7
NCT00233792,PHASE1|PHASE2,30,ACTUAL,1999-12,,INDUSTRY,1,1,1
NCT00848536,PHASE3,371,ACTUAL,2009-03,2010-01,INDUSTRY,2,0,0
NCT04805736,PHASE2,60,ACTUAL,2021-03-25,2023-04-30,OTHER,1,1,1
NCT00138736,PHASE2,12,ACTUAL,2004-04,,INDUSTRY,2,2,1
NCT00372411,PHASE2,127,ACTUAL,2005-12,2009-07,FED,1,5,1
NCT02460744,PHASE2,50,ACTUAL,2013-06,2014-10,OTHER,1,1,1
NCT00431834,PHASE3,75,ACTUAL,2007-05,2010-08,INDUSTRY,1,15,1
NCT04129164,PHASE2,183,ACTUAL,2019-12-09,2022-09-01,INDUSTRY,1,62,12
NCT05857163,PHASE3,700,ACTUAL,2023-05-18,2023-12-24,INDUSTRY,1,1,1
NCT02828163,PHASE3,11,ACTUAL,2016-01,2016-10,OTHER,1,1,1
NCT00555763,PHASE3,157,ACTUAL,2007-08,2008-05,OTHER,1,1,1
NCT03853187,PHASE2,20,ACTUAL,2019-09-19,2022-12-06,OTHER,1,1,1
NCT01405287,PHASE2,60,ACTUAL,2011-10,2012-08,INDUSTRY,4,6,5
NCT05019287,PHASE1|PHASE2,29,ACTUAL,2021-04-17,2021-05-21,OTHER,2,1,1
NCT03273387,PHASE2|PHASE3,26,ACTUAL,2017-09-10,2018-11-01,OTHER,1,1,1
NCT05302921,PHASE2,5,ACTUAL,2022-02-18,2024-03-12,OTHER,10,1,1
NCT00021021,PHASE2,,,2001-09,,INDUSTRY,1,1,1
NCT04767321,PHASE1|PHASE2,15,ACTUAL,2021-02-22,2021-03-23,INDUSTRY,1,1,1
NCT05906914,PHASE2,65,ACTUAL,2022-10-26,2025-04-11,OTHER,1,1,1
NCT00403416,PHASE1|PHASE2,215,ACTUAL,2006-10,2008-05,INDUSTRY,1,28,8
NCT00824616,PHASE2,68,ACTUAL,2009-01,2010-05,INDUSTRY,1,0,0
NCT00259116,PHASE2,18,,2005-11,,INDUSTRY,1,1,1
NCT02332616,PHASE3,70,ACTUAL,2015-01,2016-04,OTHER,1,1,1
NCT02378506,PHASE3,188,ACTUAL,2015-04,2016-05,INDUSTRY,1,31,9
NCT00314106,PHASE2,26,ACTUAL,2006-04,2009-02,NIH,1,1,1
NCT02106884,PHASE2,146,ACTUAL,2014-04,2019-04-29,OTHER,1,18,1
NCT00820352,PHASE3,20,ACTUAL,2009-01,2014-06,OTHER,2,7,1
NCT00623233,PHASE2,52,ACTUAL,2008-03,2011-01,INDUSTRY,2,16,1
NCT05430152,PHASE2,160,ACTUAL,2024-01-15,2026-02-15,OTHER,1,1,1
NCT01862302,PHASE3,25,ACTUAL,2013-08,2015-09,OTHER,1,1,1
NCT01744002,PHASE2,68,ACTUAL,2011-12,2013-02,OTHER,1,1,1
NCT01095653,PHASE3,1179,ACTUAL,2010-06,2012-03,INDUSTRY,1,39,4
NCT03484702,PHASE2,113,ACTUAL,2018-06-05,2023-12-15,INDUSTRY,1,20,11
NCT00602472,PHASE3,1058,ACTUAL,2008-02,2009-05,INDUSTRY,1,100,11
NCT00849095,PHASE3,860,ACTUAL,2009-04,2013-04,OTHER,1,31,1
NCT00984295,PHASE3,1913,ACTUAL,2000-06,2001-10,INDUSTRY,4,0,0
NCT00629239,PHASE2,65,ACTUAL,2008-01,2008-06,INDUSTRY,1,12,5
NCT02246439,PHASE3,330,ACTUAL,2014-12-08,2017-02-13,INDUSTRY,2,26,1
NCT00003239,PHASE2,90,ACTUAL,1998-03,2001-10,OTHER,1,1,1
NCT00440557,PHASE3,375,ACTUAL,2006-09,2008-02,INDUSTRY,1,62,2
NCT03122457,PHASE2,22,ACTUAL,2017-01-01,2018-07-19,OTHER,1,1,1
NCT05138757,PHASE1|PHASE2,20,ACTUAL,2021-11-30,2025-03-12,OTHER,1,2,1
NCT00619801,PHASE3,173,ACTUAL,2008-03,2008-07,INDUSTRY,2,28,1
NCT02760901,PHASE2,52,ACTUAL,2013-11,2015-10,OTHER,1,0,0
NCT00000528,PHASE3,,,1986-09,,NIH,4,0,0
NCT00402428,PHASE3,1331,ACTUAL,2006-12,2009-02,INDUSTRY,1,165,15
NCT00236665,PHASE3,531,ACTUAL,2001-03,,INDUSTRY,2,0,0
NCT02067767,PHASE2,53,ACTUAL,2014-02,2015-12,OTHER,1,2,1
NCT00139867,PHASE3,,,2004-01,2004-05,INDUSTRY,1,1,1
NCT00999167,PHASE2,189,ACTUAL,2009-12,2012-04,INDUSTRY,2,28,1
NCT03232567,PHASE2,60,ACTUAL,2017-09-18,2018-03-07,INDUSTRY,1,1,1
NCT00004200,PHASE2,,,1999-10,2002-01,INDUSTRY,1,1,1
NCT00470600,PHASE3,185,ACTUAL,2007-05,2008-09,INDUSTRY,1,9,2
NCT04758507,PHASE1|PHASE2,50,ACTUAL,2021-02-18,2024-12-16,OTHER,1,2,1
NCT01224236,PHASE2|PHASE3,150,ACTUAL,2010-07,2012-02,OTHER,1,1,1
NCT01511536,PHASE1|PHASE2,38,ACTUAL,2012-03,2014-07,INDUSTRY,1,4,3
NCT03219411,PHASE2,12,ACTUAL,2017-08-28,2019-07-01,OTHER,2,1,1
NCT04478071,PHASE2,448,ACTUAL,2020-08-22,2022-03-07,OTHER,2,1,1
NCT01890434,PHASE3,478,ACTUAL,2013-08-26,2016-08-06,INDUSTRY,1,24,4
NCT03352934,PHASE2,60,ACTUAL,2017-12-07,2022-02-18,OTHER,1,4,1
NCT02405364,PHASE2,46,ACTUAL,2014-02,2019-11-25,OTHER,1,11,1
NCT02131064,PHASE3,444,ACTUAL,2014-06-25,2015-12-31,INDUSTRY,1,79,10
NCT00167609,PHASE2|PHASE3,75,ACTUAL,2004-11,,OTHER,1,10,1
NCT05228899,PHASE1|PHASE2,18,ACTUAL,2022-04-14,2023-10-01,INDUSTRY,1,4,1
NCT01555099,PHASE2,353,ACTUAL,2012-04,2013-04,INDUSTRY,1,44,8
NCT02233699,PHASE2,18,ACTUAL,2014-07,2015-05,INDUSTRY,1,2,2
NCT03807999,PHASE2,125,ACTUAL,2015-02-19,2018-04-01,OTHER,1,0,0
NCT04446299,PHASE3,519,ACTUAL,2020-07-13,2020-12-22,INDUSTRY,1,25,1
NCT00281632,PHASE2,35,ACTUAL,2006-03,2008-04,INDUSTRY,4,10,3
NCT04409132,PHASE1|PHASE2,23,ACTUAL,2020-06-25,2021-04-02,INDUSTRY,1,1,1
NCT03376698,PHASE2,54,ACTUAL,2017-06-15,2022-03-04,OTHER,6,5,1
NCT02408198,PHASE2,18,ACTUAL,2015-02,2016-01,OTHER,2,1,1
NCT05174598,PHASE3,278,ACTUAL,2018-10-03,2019-11-06,INDUSTRY,1,14,1
NCT00144963,PHASE1|PHASE2,36,ACTUAL,2002-07,2006-08,INDUSTRY,1,3,1
NCT01667263,PHASE2,130,ACTUAL,2012-06-01,2016-07-01,OTHER,1,5,1
NCT00017563,PHASE2,57,ACTUAL,2000-09,2010-05,OTHER,1,2,1
NCT01494987,PHASE3,431,ACTUAL,2012-01,2013-08,INDUSTRY,1,140,12
NCT01577121,PHASE2,16,ACTUAL,2012-04,2014-09,OTHER,1,1,1
NCT01313221,PHASE3,310,ACTUAL,2011-04,2012-12,INDUSTRY,1,24,1
NCT04046614,PHASE1|PHASE2,56,ACTUAL,2018-05-25,2023-05-23,OTHER,1,1,1
NCT01106014,PHASE3,1156,ACTUAL,2009-12-01,2014-04-01,INDUSTRY,1,182,39
NCT00433914,PHASE2,60,ACTUAL,2007-02,2007-12,INDUSTRY,1,1,1
NCT01026714,PHASE1|PHASE2,10,ESTIMATED,2009-11,2010-08,OTHER,1,1,1
NCT00183716,PHASE3,300,ESTIMATED,2004-04,2007-11,OTHER,3,2,1
NCT01345916,PHASE3,932,ACTUAL,2011-03,2011-08,INDUSTRY,1,1,1
NCT00832416,PHASE3,565,ACTUAL,2003-01,2003-08,INDUSTRY,2,0,0
NCT00976716,PHASE3,80,ACTUAL,2009-09,2009-11,INDUSTRY,1,11,1
NCT04272606,PHASE2,123,ACTUAL,2020-08-01,2023-06-12,OTHER,1,1,1
NCT02429206,PHASE2|PHASE3,10,ACTUAL,2015-04,2015-06,OTHER,1,1,1
NCT05864287,PHASE3,120,ACTUAL,2022-09-01,2024-08-08,OTHER,3,1,1
NCT00269906,PHASE3,1265,ACTUAL,1993-05,1995-12,INDUSTRY,2,0,0
NCT05102006,PHASE1|PHASE2,80,ACTUAL,2021-11-30,2024-05-22,INDUSTRY,1,14,1
NCT05973006,PHASE3,400,ACTUAL,2023-08-16,2024-04-01,INDUSTRY,1,20,1
NCT04340284,PHASE1|PHASE2,11,ACTUAL,2019-11-10,2020-02-14,OTHER,1,1,1
NCT02840552,PHASE3,60,ACTUAL,2016-09,2018-02,OTHER,1,1,1
NCT05428033,PHASE3,574,ACTUAL,2022-07-11,2025-03-17,INDUSTRY,1,1,1
NCT00881452,PHASE3,182,ACTUAL,2009-05,2011-06,INDUSTRY,1,19,1
NCT01118052,PHASE2,22,ACTUAL,2010-11-01,2016-07-16,NETWORK,3,11,1
NCT02773849,PHASE3,157,ACTUAL,2016-09-19,2019-05-24,INDUSTRY,1,34,1
NCT02675049,PHASE2,100,ACTUAL,2016-01,2016-02,OTHER,1,0,0
NCT01659853,PHASE3,70,ACTUAL,2012-09,2012-12,INDUSTRY,2,4,1
NCT03310853,PHASE2,180,ACTUAL,2017-10-23,2022-05-20,INDUSTRY,1,1,1
NCT00350272,PHASE2,76,ACTUAL,2006-05,2007-08,INDUSTRY,1,26,2
NCT03092895,PHASE2,157,ACTUAL,2017-04-24,2021-03-31,INDUSTRY,2,7,1
NCT02315495,PHASE3,22,ACTUAL,2015-04-03,2016-08-26,OTHER,1,1,1
NCT02497157,PHASE2,45,ESTIMATED,2015-05-21,2019-06,OTHER,1,7,1
NCT01670357,PHASE2,150,ESTIMATED,2012-04,2013-03,INDUSTRY,1,1,1
NCT00259857,PHASE2,22,ACTUAL,2003-10,2008-03,OTHER,1,1,1
NCT00001812,PHASE3,84,,1999-04,,NIH,3,1,1
NCT02684812,PHASE2|PHASE3,955,ACTUAL,2012-07-16,2019-07-29,OTHER,1,1,1
NCT00713219,PHASE2,14,ACTUAL,2008-07,2013-04,OTHER,1,6,1
NCT01185119,PHASE2|PHASE3,10,ACTUAL,2010-06,2010-12,OTHER,1,1,1
NCT02941328,PHASE2,39,ACTUAL,2015-12,2018-01,OTHER,3,1,1
NCT03855228,PHASE3,704,ACTUAL,1995-03-01,1995-08-07,INDUSTRY,1,0,0
NCT05499065,PHASE2,23,ACTUAL,2023-03-01,2024-10-23,OTHER,2,1,1
NCT00509665,PHASE2,18,ACTUAL,2005-06,2011-05,OTHER,1,1,1
NCT01472965,PHASE3,95,ACTUAL,2011-12-29,2016-11-11,OTHER,1,2,2
NCT04487067,PHASE3,152,ACTUAL,2020-08-25,2024-08-13,INDUSTRY,1,21,1
NCT05538767,PHASE2,320,ACTUAL,2022-09-16,2023-04-11,OTHER,1,1,1
NCT00012467,PHASE2,60,,2000-01,,INDUSTRY,2,9,2
NCT00782067,PHASE2,116,ACTUAL,2008-10-13,2014-12-01,INDUSTRY,1,29,12
NCT01409200,PHASE2,73,ACTUAL,2012-03-26,2026-02-05,OTHER,4,1,1
NCT01851200,PHASE2,9,ACTUAL,2013-05,2017-08,OTHER,1,1,1
NCT01058200,PHASE3,668,ACTUAL,2009-10,2012-06,OTHER,5,6,1
NCT01657500,PHASE3,64,ACTUAL,2011-06,2012-10,OTHER,1,4,1
NCT02466100,PHASE1|PHASE2,80,ACTUAL,2013-06,2015-06,OTHER,1,1,1
NCT00478192,PHASE3,50,ACTUAL,2007-04,2008-08,INDUSTRY,1,26,2
NCT05809336,PHASE2|PHASE3,172,ACTUAL,2019-05-01,2022-10-31,OTHER,1,1,1
NCT00576836,PHASE2,7,ACTUAL,2004-09-02,2010-11,INDUSTRY,4,1,1
NCT00047411,PHASE3,7001,ESTIMATED,2002-09,2007-09,NIH,4,1,1
NCT00576511,PHASE2,53,ACTUAL,1994-12,1996-02,INDUSTRY,1,0,0
NCT02243371,PHASE2,93,ACTUAL,2015-01-02,2017-07-21,OTHER,1,5,1
NCT02187471,PHASE3,1301,ACTUAL,2015-01-16,2017-01-06,INDUSTRY,1,154,14
NCT00774436,PHASE2,12,ACTUAL,2008-10-14,2019-07-23,OTHER,1,1,1
NCT01085136,PHASE3,1154,ACTUAL,2010-02,2013-10,INDUSTRY,1,97,23
NCT05524311,PHASE2,16,ACTUAL,2022-11-10,2025-05-13,OTHER,1,13,1
NCT02871011,PHASE2,20,ACTUAL,2016-08-13,2016-11-14,INDUSTRY,1,1,1
NCT03009734,PHASE1|PHASE2,73,ACTUAL,2016-12,2018-03,INDUSTRY,1,1,1
NCT01610934,PHASE2|PHASE3,15,ACTUAL,2012-08,2013-08,OTHER,1,1,1
NCT02966834,PHASE2,147,ACTUAL,2017-01-11,2020-04-15,INDUSTRY,1,66,10
NCT00355264,PHASE2,12,ACTUAL,2006-08,2009-06,INDUSTRY,2,10,2
NCT01440764,PHASE1|PHASE2,24,ACTUAL,2011-09,2016-04,OTHER,2,1,1
NCT00150709,PHASE3,223,ACTUAL,1998-01-26,2006-01-25,INDUSTRY,1,0,0
NCT01709409,PHASE3,88,ACTUAL,2013-03,2016-08,OTHER,1,1,1
NCT00213109,PHASE3,,,,,INDUSTRY,1,7,1
NCT00271609,PHASE2,88,ACTUAL,2005-12,2011-03,NIH,2,1,1
NCT00311909,PHASE2,5,ACTUAL,2005-06,2006-04,OTHER,1,1,1
NCT07487909,PHASE1|PHASE2,47,ACTUAL,2025-09-30,2025-11-21,OTHER,1,1,1
NCT01558999,PHASE2,150,ACTUAL,2012-03,2012-07,INDUSTRY,1,1,1
NCT01935999,PHASE2,11,ACTUAL,2013-06,2013-07,INDUSTRY,1,1,1
NCT06721832,PHASE3,50,ACTUAL,2025-01-01,2025-05-01,OTHER,2,1,1
NCT00128232,PHASE3,100,,2002-12,2004-08,INDUSTRY,1,0,0
NCT06714032,PHASE3,172,ACTUAL,2023-01-29,2023-11-08,OTHER,1,1,1
NCT03739632,PHASE2,240,ACTUAL,2018-11-30,2019-12-18,INDUSTRY,1,19,1
NCT01100463,PHASE1|PHASE2,18,ACTUAL,2010-04,2011-08,INDUSTRY,2,6,1
NCT06390787,PHASE2|PHASE3,250,ACTUAL,2024-01-30,2024-04-20,OTHER,1,1,1
NCT00412087,PHASE3,564,ACTUAL,2007-01,2009-07,OTHER,2,1,1
NCT01803087,PHASE2,60,ACTUAL,2012-02,2012-10,INDUSTRY,1,1,1
NCT03591887,PHASE2,108,ACTUAL,2018-03-07,2019-03-27,INDUSTRY,1,18,1
NCT00034021,PHASE2,,,2002-06,,NIH,2,1,1
NCT01275521,PHASE3,127,ACTUAL,2011-01-10,2015-04-28,OTHER,1,11,1
NCT03776721,PHASE2,80,ACTUAL,2018-12-18,2021-06-01,OTHER,1,1,1
NCT01230021,PHASE3,6,ACTUAL,2010-11,2012-01,INDUSTRY,2,10,3
NCT00174616,PHASE2,87,ACTUAL,2003-07,2007-11,INDUSTRY,1,7,7
NCT00169416,PHASE3,43,ACTUAL,2005-03,2005-08,INDUSTRY,1,0,0
NCT00538616,PHASE1|PHASE2,8,ACTUAL,2008-01,2008-02,OTHER,2,1,1
NCT00226616,PHASE3,,,2000-11,,OTHER,1,2,1
NCT03558516,PHASE3,80,ACTUAL,2018-08-01,2020-02-03,OTHER,1,1,1
NCT01429116,PHASE3,200,ESTIMATED,2011-10,2015-01,INDUSTRY,1,22,1
NCT00004906,PHASE2,,,1999-10,,OTHER,1,4,1
NCT07102706,PHASE1|PHASE2,76,ACTUAL,2022-05-27,2025-05-20,INDUSTRY,1,1,1
NCT05783206,PHASE2|PHASE3,984,ACTUAL,2022-02-10,2023-07-28,OTHER,1,1,1
NCT00869206,PHASE3,1822,ACTUAL,2009-03,2014-06,OTHER,7,504,2
NCT04853147,PHASE3,1154,ACTUAL,2021-04-27,2022-04-13,OTHER,1,1,1
NCT00034047,PHASE1|PHASE2,50,,2002-09,2006-08,NIH,2,2,1
NCT03427229,PHASE2,58,ACTUAL,2016-03,2017-10-30,OTHER,2,0,0
NCT02337829,PHASE2,48,ACTUAL,2015-01-12,2020-06-26,INDUSTRY,2,1,1
NCT00491829,PHASE3,945,ACTUAL,2007-06,2009-03,INDUSTRY,1,86,13
NCT03037931,PHASE3,3065,ACTUAL,2017-03-15,2023-02-02,INDUSTRY,2,345,13
NCT00288002,PHASE3,1500,ESTIMATED,2005-01,,OTHER,1,1,1
NCT00784537,PHASE2|PHASE3,520,ACTUAL,2008-09,2015-01,OTHER,1,27,1
NCT00486837,PHASE2,72,ACTUAL,2003-12,2004-06,INDUSTRY,1,0,0
NCT00343239,PHASE2,59,ACTUAL,2006-06,2012-03,INDUSTRY,1,1,1
NCT03982277,PHASE2,130,ACTUAL,2019-04-30,2021-03-16,OTHER,1,1,1
NCT02665377,PHASE3,86,ACTUAL,2016-09-25,2022-01-08,OTHER,1,1,1
NCT02216877,PHASE1|PHASE2,36,ACTUAL,2014-08,2015-04,OTHER,2,1,1
NCT00396175,PHASE3,355,,1998-03,2000-01,INDUSTRY,1,0,0
NCT02759575,PHASE1|PHASE2,9,ACTUAL,2016-04,2019-01-24,OTHER,1,1,1
NCT00006401,PHASE3,793,ESTIMATED,2000-09,2005-09,OTHER,2,14,1
NCT01222312,PHASE2,88,ACTUAL,2008-08,2011-10,OTHER,1,1,1
NCT03138512,PHASE3,1641,ACTUAL,2017-07-07,2023-09-28,INDUSTRY,1,200,25
NCT00564681,PHASE2,242,ACTUAL,2007-12,2008-12,INDUSTRY,1,16,16
NCT00682981,PHASE1|PHASE2,218,ACTUAL,2008-05,2011-11,INDUSTRY,1,75,10
NCT00650819,PHASE3,240,ACTUAL,2004-06-01,2005-02-01,INDUSTRY,1,0,0
NCT00507819,PHASE2,28,ACTUAL,2007-12,2009-04,OTHER,2,0,0
NCT02314819,PHASE3,416,ACTUAL,2014-12,2017-01,INDUSTRY,1,15,1
NCT00970619,PHASE3,184,ACTUAL,2010-05,2018-11,OTHER,1,16,1
NCT01762930,PHASE2,1015,ACTUAL,2012-06,2015-12,OTHER,1,1,1
NCT01033630,PHASE2,90,ACTUAL,2006-01,2008-05,OTHER,1,3,1
NCT05322330,PHASE2,20,ACTUAL,2022-02-10,2024-02-10,OTHER,1,1,1
NCT00842530,PHASE2,4002,ACTUAL,2009-02,2013-09,INDUSTRY,4,1,1
NCT00082628,PHASE3,326,ACTUAL,2004-05-28,2005-09-28,INDUSTRY,2,31,2
NCT01516307,PHASE2,349,ACTUAL,2011-12,2016-08,INDUSTRY,1,43,5
NCT00154492,PHASE2,265,ACTUAL,2004-04,2006-08,INDUSTRY,2,44,12
NCT02668692,PHASE3,213,ACTUAL,2016-02,2016-06,INDUSTRY,1,1,1
NCT01778192,PHASE3,200,ACTUAL,2012-07,2012-11,OTHER,2,1,1
NCT02300792,PHASE2,50,ACTUAL,2013-11,2014-05,OTHER,1,0,0
NCT01129011,PHASE3,420,ACTUAL,2007-09,2008-09,INDUSTRY,1,0,0
NCT05459571,PHASE2,35,ACTUAL,2022-08-09,2025-11-24,INDUSTRY,1,16,1
NCT00298571,PHASE2|PHASE3,100,ESTIMATED,2006-02,,OTHER,1,1,1
NCT06706271,PHASE2|PHASE3,43,ACTUAL,2023-05-01,2024-08-01,OTHER,2,1,1
NCT02186171,PHASE3,245,ACTUAL,2014-06-16,2016-02-15,INDUSTRY,1,34,10
NCT03067844,PHASE3,294,ACTUAL,2017-04-25,2021-10-13,OTHER,3,9,4
NCT00595244,PHASE3,456,ACTUAL,2002-07,2003-10,INDUSTRY,1,15,1
NCT01025544,PHASE3,846,ACTUAL,2009-09,2009-12,INDUSTRY,1,1,1
NCT00002109,PHASE3,,,,,INDUSTRY,1,50,2
NCT01437709,PHASE2,30,ACTUAL,2011-09,2023-09-12,OTHER,1,6,1
NCT07034209,PHASE2,18,ACTUAL,2023-04-07,2025-04-18,INDUSTRY,1,6,1
NCT03225209,PHASE2,5,ACTUAL,2018-01-31,2018-10-23,OTHER,1,1,1
NCT00248209,PHASE2|PHASE3,48,ACTUAL,2004-05,2007-04,OTHER,1,1,1
NCT01663532,PHASE3,340,ACTUAL,2012-10,2013-08,INDUSTRY,1,49,3
NCT00362232,PHASE3,3148,ACTUAL,2006-06,2007-01,INDUSTRY,1,124,13
NCT01340898,PHASE3,753,ACTUAL,2012-01-27,2014-08-04,INDUSTRY,1,2,2
NCT01356498,PHASE3,151,ACTUAL,2006-12,2010-01,INDUSTRY,1,22,1
NCT00164463,PHASE2,72,ACTUAL,2004-07,2007-08,FED,1,8,3
NCT00996463,PHASE2,63,ESTIMATED,2010-01,2010-09,OTHER,1,1,1
NCT00818363,PHASE2,60,ACTUAL,2008-12,2009-10,INDUSTRY,1,9,2
NCT01495793,PHASE2,42,ACTUAL,2011-12,2014-05,INDUSTRY,1,12,1
NCT00684593,PHASE2,31,ACTUAL,2007-06-01,2007-10-01,INDUSTRY,1,0,0
NCT01008293,PHASE2|PHASE3,120,ACTUAL,2009-10,2012-06,INDUSTRY,2,1,1
NCT05290493,PHASE2,37,ACTUAL,2022-02-10,2023-06-01,INDUSTRY,1,4,2
NCT03198793,PHASE2,256,ACTUAL,2017-10-13,2018-10-16,INDUSTRY,1,1,1
NCT05160493,PHASE2|PHASE3,246,ACTUAL,2021-12-20,2023-12-11,OTHER,1,1,1
NCT01220921,PHASE3,198,ACTUAL,2010-09,2011-09,OTHER,2,13,2
NCT03156621,PHASE3,69,ACTUAL,2017-10-03,2019-09-27,INDUSTRY,1,28,13
NCT00000614,PHASE3,,,1998-09,,NIH,6,0,0
NCT00518531,PHASE3,250,ACTUAL,2007-09-01,2009-06-01,INDUSTRY,1,0,0
NCT00283153,PHASE2|PHASE3,71,ACTUAL,2008-10,2012-09,OTHER,1,4,3
NCT01829295,PHASE3,216,ACTUAL,2013-08,2018-02-21,OTHER,1,9,5
NCT05493995,PHASE2,66,ACTUAL,2022-07-21,2024-05-01,OTHER,1,1,1
NCT00685295,PHASE1|PHASE2,60,ACTUAL,2008-08,2009-02,OTHER,1,1,1
NCT01816139,PHASE3,576,ACTUAL,2013-01-31,2013-11-19,INDUSTRY,1,48,1
NCT00898677,PHASE3,1268,ACTUAL,1995-09,1996-05,INDUSTRY,1,0,0
NCT00078975,PHASE2,26,ACTUAL,2004-04,2005-12,OTHER,1,4,1
NCT01789957,PHASE3,225,ACTUAL,2002-09,2004-06,INDUSTRY,1,226,2
NCT01221857,PHASE1|PHASE2,12,ACTUAL,2010-11,2012-09,INDUSTRY,5,2,1
NCT03543657,PHASE3,229,ACTUAL,2018-06-23,2019-08-07,INDUSTRY,2,53,1
NCT05757557,PHASE1|PHASE2,136,ACTUAL,2023-02-25,2024-12-31,OTHER,4,1,1
NCT03677401,PHASE3,295,ACTUAL,2018-08-29,2020-01-09,INDUSTRY,2,40,3
NCT00554619,PHASE3,21,ACTUAL,2008-02,2011-01,INDUSTRY,2,11,1
NCT00628719,PHASE3,400,ESTIMATED,2008-02,2008-08,OTHER,1,1,1
NCT02600819,PHASE3,55,ACTUAL,2015-12-14,2017-09-29,INDUSTRY,1,26,4
NCT00136019,PHASE3,400,ESTIMATED,2004-03,2006-08,INDUSTRY,1,0,0
NCT01540630,PHASE2,67,ACTUAL,2012-03-31,2014-03-31,INDUSTRY,1,1,1
NCT01465828,PHASE3,30,ACTUAL,2011-10,2012-01,OTHER,1,2,1
NCT00005628,PHASE2,,,1999-11,2001-08,OTHER,1,1,1
NCT01855828,PHASE2,50,ACTUAL,2013-09,2018-08,OTHER,1,1,1
NCT02159365,PHASE2,84,ACTUAL,2014-03-08,2016-06-30,INDUSTRY,1,29,1
NCT01986465,PHASE2|PHASE3,78,ACTUAL,2013-05,2013-11,OTHER,1,1,1
NCT03474965,PHASE2,117,ACTUAL,2018-10-01,2024-11-06,INDUSTRY,1,35,14
NCT01658267,PHASE3,200,ACTUAL,2011-10,2012-10,INDUSTRY,2,2,1
NCT01511367,PHASE3,498,ESTIMATED,2012-03,2013-09,INDUSTRY,1,8,8
NCT01086267,PHASE1|PHASE2,17,ACTUAL,2010-07,2011-08,INDUSTRY,1,3,2
NCT03693807,PHASE2,35,ACTUAL,2018-10-18,2024-06-27,OTHER,2,7,1
NCT02745392,PHASE2|PHASE3,365,ACTUAL,2016-06,2017-01,INDUSTRY,1,36,1
NCT00004911,PHASE1|PHASE2,,,2000-01,2003-02,OTHER,7,1,1
NCT04549311,PHASE3,15,ACTUAL,2021-11-18,2023-01-22,OTHER,2,3,1
NCT04143711,PHASE1|PHASE2,270,ACTUAL,2019-11-11,2025-12-05,INDUSTRY,1,44,6
NCT00000171,PHASE3,,,,,NIH,2,31,1
NCT00390871,PHASE2,35,ACTUAL,2005-05,2007-12,OTHER,1,1,1
NCT01470144,PHASE3,41,ACTUAL,2011-06-01,2015-06-01,INDUSTRY,1,0,0
NCT02243644,PHASE3,97,ACTUAL,2014-03,2015-10,OTHER,1,1,1
NCT02566044,PHASE1|PHASE2,16,ACTUAL,2017-09-27,2018-04-24,INDUSTRY,1,4,2
NCT03885934,PHASE3,606,ACTUAL,2019-06-25,2020-12-09,INDUSTRY,1,26,5
NCT01235234,PHASE3,236,ACTUAL,2011-07,2013-11,INDUSTRY,1,1,1
NCT00018564,PHASE3,,,2000-10,,FED,1,1,1
NCT01722864,PHASE3,153,ACTUAL,2012-11,2013-02,INDUSTRY,3,34,1
NCT00444964,PHASE3,11,ACTUAL,2005-04,2012-01-01,OTHER,1,1,1
NCT02524899,PHASE2,45,ACTUAL,2014-01,2017-01-10,OTHER,2,1,1
NCT02494999,PHASE3,1200,ACTUAL,2016-06,2018-12,NETWORK,1,4,1
NCT01075399,PHASE2,50,ACTUAL,2010-02,2011-05,INDUSTRY,5,0,0
NCT01331798,PHASE1|PHASE2,40,ACTUAL,2009-12,2010-05,INDUSTRY,1,3,1
NCT04588298,PHASE2,135,ACTUAL,2020-11-02,2023-06-19,INDUSTRY,1,12,3
NCT01923298,PHASE2,14,ACTUAL,2013-08-09,2018-06-30,OTHER,1,1,1
NCT00134498,PHASE3,160,,2005-02,,INDUSTRY,2,44,2
NCT02894398,PHASE2,388,ACTUAL,2016-09-06,2023-02-15,INDUSTRY,3,70,1
NCT00558363,PHASE2,294,ACTUAL,2007-11,2010-12,INDUSTRY,2,66,9
NCT01227187,PHASE2,12,ACTUAL,2008-10,2010-11,OTHER,1,1,1
NCT02958787,PHASE2,135,ACTUAL,2004-11,2009-10,OTHER,1,1,1
NCT02849587,PHASE1|PHASE2,199,ACTUAL,2017-02-24,2019-06-17,OTHER,1,1,1
NCT00278993,PHASE2,108,ACTUAL,2006-01,2008-01,INDUSTRY,1,18,1
NCT00375193,PHASE2,75,ACTUAL,2006-11-01,2008-05-01,INDUSTRY,1,46,3
NCT00109993,PHASE2,34,ACTUAL,2005-01,2006-06,OTHER,12,6,1
NCT00882531,PHASE3,156,ACTUAL,2007-02,2009-08,INDUSTRY,1,0,0
NCT01345253,PHASE3,709,ACTUAL,2011-05-23,2015-09-15,INDUSTRY,1,47,3
NCT01222702,PHASE2,84,ACTUAL,2011-01-25,2012-10-16,INDUSTRY,1,23,6
NCT00498953,PHASE1|PHASE2,7,ACTUAL,2007-05,2008-11,NETWORK,1,1,1
NCT01559545,PHASE2,60,ACTUAL,2012-03,2013-02,INDUSTRY,1,12,1
NCT04414345,PHASE2|PHASE3,161,ACTUAL,2020-07-30,2022-04-13,OTHER,1,1,1
NCT03895372,PHASE2,179,ACTUAL,2019-06-27,2020-05-21,INDUSTRY,1,45,4
NCT01853072,PHASE3,881,ACTUAL,2013-06,2015-05,INDUSTRY,2,0,0
NCT00273975,PHASE2,123,,2002-01,2004-12,INDUSTRY,1,4,1
NCT01917357,PHASE3,400,ACTUAL,2013-09,2014-04,INDUSTRY,5,1,1
NCT01662401,PHASE2,66,ACTUAL,2008-05,2010-01,OTHER,1,1,1
NCT04983901,PHASE2,100,ACTUAL,2021-09-14,2023-10-06,OTHER,2,1,1
NCT01442519,PHASE3,212,ACTUAL,1994-01,2002-06,OTHER,1,1,1
NCT00267930,PHASE2,221,ACTUAL,2005-12,,INDUSTRY,1,22,4
NCT02481830,PHASE3,569,ACTUAL,2015-09-14,2018-08-17,INDUSTRY,1,151,25
NCT04669028,PHASE3,439,ACTUAL,2021-08-05,2023-09-30,INDUSTRY,1,1,1
NCT02441530,PHASE3,143,ACTUAL,2012-11,2013-01,OTHER,1,0,0
NCT01218828,PHASE3,396,ACTUAL,2010-10,2012-08,OTHER,1,1,1
NCT03489928,PHASE3,511,ACTUAL,1999-04-01,2000-12-01,OTHER,2,0,0
NCT00468767,PHASE3,356,ACTUAL,2003-08,2004-11,INDUSTRY,1,49,4
NCT00987207,PHASE3,56,ACTUAL,2008-10,2010-09,OTHER,1,1,1
NCT03546907,PHASE2,343,ACTUAL,2018-07-16,2019-10-03,INDUSTRY,1,83,10
NCT00551707,PHASE2,51,ACTUAL,2007-10,2008-11,INDUSTRY,1,48,12
NCT03043807,PHASE2,26,ACTUAL,2017-02-22,2022-10-17,OTHER,1,2,1
NCT00141336,PHASE3,750,,1999-11,,INDUSTRY,1,103,2
NCT00000536,PHASE2,,,1992-07,,OTHER,4,0,0
NCT00356811,PHASE2,57,ACTUAL,2006-05,2008-03,INDUSTRY,1,13,4
NCT01892371,PHASE1|PHASE2,73,ACTUAL,2013-11-12,2023-02-07,OTHER,8,1,1
NCT03345771,PHASE3,230,ACTUAL,2017-11-13,2021-04-01,OTHER,1,1,1
NCT01507571,PHASE2,80,ACTUAL,2005-09,2007-09,OTHER,1,2,1
NCT01858571,PHASE3,108,ACTUAL,2013-10,2016-07,OTHER,1,1,1
NCT00003671,PHASE2,59,ACTUAL,1998-12,2002-11,NETWORK,1,57,5
NCT05622071,PHASE2,50,ACTUAL,2023-10-12,2025-06-15,OTHER,1,10,1
NCT00596271,PHASE3,192,ACTUAL,2005-09,2006-07,INDUSTRY,1,0,0
NCT04295044,PHASE2,110,ACTUAL,2017-12-15,2020-12-31,OTHER,3,1,1
NCT01280344,PHASE2,320,ACTUAL,2011-04,2013-06,INDUSTRY,1,45,1
NCT01581034,PHASE2,80,ACTUAL,2012-04,2013-05,OTHER,1,1,1
NCT00003134,PHASE2,64,ACTUAL,1998-01,2001-10,OTHER,1,19,1
NCT04502264,PHASE2,24,ACTUAL,2020-01-09,2024-02-09,OTHER,3,1,1
NCT01171664,PHASE2,100,ACTUAL,2010-09,2010-10,INDUSTRY,1,2,1
NCT03879109,PHASE3,58,ACTUAL,2019-07-08,2024-06-30,OTHER,1,13,1
NCT02361099,PHASE3,133,ACTUAL,2014-06-03,2017-12,OTHER,1,9,1
NCT03906799,PHASE2,136,ACTUAL,2019-03-19,2019-11-20,INDUSTRY,1,25,4
NCT00409799,PHASE2,208,ACTUAL,2006-11,2011-09,INDUSTRY,1,45,9
NCT02865499,PHASE2,8,ACTUAL,2016-06,2017-10,OTHER,1,1,1
NCT06168799,PHASE2,271,ACTUAL,2023-12-19,2025-10-05,INDUSTRY,1,1,1
NCT00001599,PHASE2,28,,1997-05,,NIH,2,1,1
NCT01289132,PHASE2,926,ACTUAL,2007-07,2008-07,INDUSTRY,1,0,0
NCT04170998,PHASE3,283,ACTUAL,2020-01-02,2021-06-28,INDUSTRY,1,1,1
NCT04561063,PHASE2,1950,ACTUAL,2020-12-08,2022-02-28,OTHER,2,2,1
NCT01452763,PHASE3,621,ACTUAL,2011-10,2013-04,INDUSTRY,2,76,1
NCT00589563,PHASE2,32,ACTUAL,2007-05,2012-02,OTHER,11,2,1
NCT04413617,PHASE2,460,ACTUAL,2020-07-29,2022-02-07,INDUSTRY,1,144,10
NCT04229940,PHASE2,115,ACTUAL,2019-03-01,2020-12-31,OTHER,2,1,1
NCT01498289,PHASE2,213,ACTUAL,2012-02,2018-03,NETWORK,3,508,1
NCT00975650,PHASE2,57,ACTUAL,2009-08,2010-05,INDUSTRY,1,6,1
NCT03758950,PHASE2,80,ACTUAL,2018-11-29,2023-05-31,OTHER,1,2,1
NCT02076750,PHASE1|PHASE2,34,ACTUAL,2013-03,2014-03,OTHER,2,2,1
NCT00798291,PHASE2|PHASE3,108,ESTIMATED,2008-10,2009-12,INDUSTRY,1,1,1
NCT00930891,PHASE2|PHASE3,143,ACTUAL,2009-09,2012-07,OTHER,1,60,1
NCT00074074,PHASE2,46,ACTUAL,2003-10,2006-12,NETWORK,1,19,6
NCT00314574,PHASE3,850,ACTUAL,2005-12,2009-11,INDUSTRY,1,0,0
NCT04361474,PHASE3,120,ACTUAL,2020-05-18,2020-11-24,NETWORK,4,1,1
NCT02719574,PHASE1|PHASE2,336,ACTUAL,2016-04-30,2023-12-28,INDUSTRY,3,60,9
NCT03434418,PHASE2,17,ACTUAL,2018-06-30,2022-10-12,OTHER,1,3,1
NCT00549718,PHASE3,489,ACTUAL,2007-10,2010-10,INDUSTRY,1,48,7
NCT00150618,PHASE3,324,ACTUAL,2004-03-30,2004-10-07,INDUSTRY,1,0,0
NCT00114218,PHASE2,28,ACTUAL,2005-03,2010-07,NETWORK,2,1,1
NCT02694718,PHASE2,60,ACTUAL,2005-03,2006-08,INDUSTRY,1,6,1
NCT04810390,PHASE3,59,ACTUAL,2021-03-26,2022-11-30,INDUSTRY,1,18,1
NCT00261690,PHASE2|PHASE3,184,ACTUAL,2002-02,2012-03,NIH,1,1,1
NCT00179790,PHASE1|PHASE2,22,ACTUAL,2005-07,2010-06,OTHER,2,1,1
NCT00510497,PHASE1|PHASE2,11,ACTUAL,2007-07,2012-09,OTHER,1,1,1
NCT04619797,PHASE2|PHASE3,542,ACTUAL,2020-12-15,2024-04-19,INDUSTRY,1,127,21
NCT01177410,PHASE2,148,ACTUAL,2010-07,2011-08,INDUSTRY,1,20,1
NCT00510510,PHASE2,281,ACTUAL,2007-08,2008-01,INDUSTRY,1,21,6
NCT03799510,PHASE2,95,ACTUAL,2018-12-13,2019-07-01,OTHER,1,1,1
NCT00103610,PHASE3,298,ACTUAL,2005-01,2006-07,INDUSTRY,1,32,2
NCT00660010,PHASE3,55,ACTUAL,1991-01,2009-04,INDUSTRY,1,9,1
NCT00538213,PHASE2,133,ACTUAL,2007-10-15,2007-11-01,INDUSTRY,1,1,1
NCT04271813,PHASE2,30,ACTUAL,2020-06-01,2023-09-30,OTHER,6,1,1
NCT01964560,PHASE3,540,ACTUAL,2014-08-13,2022-04-13,INDUSTRY,1,141,35
NCT06430060,PHASE3,86,ACTUAL,2024-04-15,2024-08-25,INDUSTRY,2,1,1
NCT00616460,PHASE3,100,ACTUAL,2008-02,2011-10,OTHER,1,1,1
NCT04724720,PHASE2,56,ACTUAL,2021-01-19,2021-05-03,OTHER,1,1,1
NCT00449020,PHASE2,32,ACTUAL,2004-01,2007-05,OTHER,1,1,1
NCT00612820,PHASE2,55,ACTUAL,2008-01,2008-05,INDUSTRY,1,1,1
NCT00949182,PHASE2,20,ACTUAL,2009-07,2013-06,OTHER,1,1,1
NCT01626482,PHASE2,100,ACTUAL,2011-09,2012-05,OTHER,1,1,1
NCT00962624,PHASE2,38,ACTUAL,2010-07,2011-03,OTHER_GOV,5,1,1
NCT03048123,PHASE2,79,ACTUAL,2015-10-01,2016-10-01,OTHER,1,1,1
NCT00220324,PHASE3,840,ACTUAL,2004-02,,INDUSTRY,1,25,1
NCT01951924,PHASE3,23,ACTUAL,2013-12,2016-07,INDUSTRY,1,18,4
NCT00634959,PHASE2,37,ACTUAL,2003-07,,INDUSTRY,1,7,3
NCT03678259,PHASE1|PHASE2,57,ACTUAL,2018-10-01,2021-10-01,OTHER,1,1,1
NCT00291759,PHASE3,3858,ACTUAL,1996-01,2009-06,INDUSTRY,1,52,1
NCT00593580,PHASE2,60,ESTIMATED,2008-02,2011-06,OTHER,1,1,1
NCT00006080,PHASE2,,,2000-09-25,2004-09-14,OTHER,1,11,1
NCT02169180,PHASE2,16,ACTUAL,2014-08,2016-11,INDUSTRY,1,8,1
NCT01290679,PHASE3,393,ACTUAL,2011-03,2013-02,INDUSTRY,1,60,15
NCT00722579,PHASE3,101,ACTUAL,2008-07,2008-12,INDUSTRY,1,1,1
NCT01425879,PHASE2,8,ACTUAL,2011-04,2013-05,NIH,8,8,1
NCT05607979,PHASE2|PHASE3,75,ACTUAL,2022-12-15,2024-05-01,INDUSTRY,1,1,1
NCT03937596,PHASE2,50,ACTUAL,2019-12-01,2020-12-24,OTHER,1,1,1
NCT00704496,PHASE3,34,ACTUAL,2007-06,2009-09,OTHER,2,1,1
NCT01021696,PHASE2|PHASE3,352,ACTUAL,2009-11,2010-07,OTHER,3,18,1
NCT02109562,PHASE3,354,ACTUAL,2014-04,2014-11,INDUSTRY,1,32,1
NCT00004562,PHASE3,2201,ACTUAL,1999-09,2010-03,OTHER,5,1,1
NCT03323346,PHASE2,9,ACTUAL,2017-09-29,2025-10-30,OTHER,2,1,1
NCT01245946,PHASE2,46,ACTUAL,2010-10,2011-05,OTHER,1,1,1
NCT01240746,PHASE3,4363,ACTUAL,2010-11,2011-12,INDUSTRY,1,67,1
NCT02443246,PHASE3,84,ACTUAL,2014-11,2015-08,INDUSTRY,1,0,0
NCT00397488,PHASE2,78,ACTUAL,2006-09,2012-02,OTHER,3,1,1
NCT03442088,PHASE2,28,ACTUAL,2018-06-01,2021-09-30,OTHER,1,1,1
NCT00956488,PHASE1|PHASE2,9,ACTUAL,2008-09,2010-09,OTHER,3,1,1
NCT03697629,PHASE2,40,ACTUAL,2018-12-03,2020-07-21,OTHER,1,6,1
NCT03006302,PHASE2,41,ACTUAL,2018-01-31,2023-08-22,OTHER,1,1,1
NCT02997137,PHASE3,74,ACTUAL,2014-10,2016-02,INDUSTRY,1,1,1
NCT05224531,PHASE2,25,ACTUAL,2022-05-05,2024-08-01,INDUSTRY,1,1,1
NCT00141531,PHASE2,53,ACTUAL,2005-07,2009-12,INDUSTRY,1,1,1
NCT01707602,PHASE1|PHASE2,60,ACTUAL,2012-10,2012-12,OTHER,1,1,1
NCT03591731,PHASE2,185,ACTUAL,2019-01-02,2021-07-09,OTHER,1,7,1
NCT01049802,PHASE1|PHASE2,30,ACTUAL,2010-01,2013-11,OTHER,1,1,1
NCT02061995,PHASE2,20,ACTUAL,2013-12,2016-10,OTHER,1,1,1
NCT01194375,PHASE2,180,ACTUAL,2010-09,2011-12,INDUSTRY,1,20,2
NCT02872857,PHASE1|PHASE2,60,ACTUAL,2016-09,2019-07-20,OTHER,1,2,1
NCT00889057,PHASE2,35,ACTUAL,2008-01,2010-12,NETWORK,1,4,1
NCT01928901,PHASE2,56,ACTUAL,2013-08,2013-12,INDUSTRY,1,1,1
NCT06608901,PHASE2,76,ACTUAL,2025-05-05,2026-02-01,INDUSTRY,1,29,2
NCT01741701,PHASE2|PHASE3,33,ACTUAL,2012-12,2014-10,OTHER,1,1,1
NCT04027101,PHASE2,34,ACTUAL,2020-12-01,2023-08-30,OTHER,1,8,1
NCT01510912,PHASE3,602,ACTUAL,2012-01,2013-03,INDUSTRY,1,40,1
NCT03588130,PHASE2,120,ACTUAL,2019-12-02,2021-12-07,INDUSTRY,1,22,2
NCT00789828,PHASE3,117,ACTUAL,2009-08,2011-03,INDUSTRY,2,24,10
NCT01601028,PHASE3,39,ACTUAL,2011-07,2013-08,OTHER,3,1,1
NCT02273167,PHASE3,849,ACTUAL,2014-10,2015-08,INDUSTRY,3,29,7
NCT00148707,PHASE2,45,,2004-10,2007-09,OTHER,2,2,1
NCT01104207,PHASE1|PHASE2,70,ACTUAL,2011-03,2016-12,FED,1,1,1
NCT04102007,PHASE3,244,ACTUAL,2019-11-12,2022-01-17,INDUSTRY,1,57,8
NCT01224392,PHASE3,156,ESTIMATED,2010-01,2020-11-30,OTHER,1,2,1
NCT06199336,PHASE1|PHASE2,190,ACTUAL,2024-01-19,2024-09-09,NETWORK,1,1,1
NCT02425436,PHASE2,226,ACTUAL,2014-05,2015-10,OTHER,1,0,0
NCT03023111,PHASE3,300,ACTUAL,2017-06-30,2019-08-09,OTHER,1,2,1
NCT03485911,PHASE3,121,ACTUAL,2018-02-06,2019-04-10,INDUSTRY,2,47,11
NCT01002911,PHASE3,500,ACTUAL,2009-12,2012-01,OTHER,1,1,1
NCT05473364,PHASE1|PHASE2,12,ACTUAL,2023-03-20,2024-02-23,OTHER,1,1,1
NCT02682264,PHASE3,609,ACTUAL,2016-03-09,2018-08-31,INDUSTRY,1,74,7
NCT01130064,PHASE2,259,ACTUAL,2010-05,2012-04,INDUSTRY,1,52,7
NCT01605864,PHASE3,12,ACTUAL,2012-05,2013-03,OTHER,1,1,1
NCT01047709,PHASE2,18,ACTUAL,2008-12,2010-02,OTHER,2,1,1
NCT00344409,PHASE3,200,,2006-03,2007-05,INDUSTRY,1,7,1
NCT00002399,PHASE2,500,,,,INDUSTRY,2,53,18
NCT00365599,PHASE2,43,ACTUAL,2006-02,2011-04,OTHER,1,8,1
NCT00351832,PHASE3,236,,2006-06,,INDUSTRY,1,1,1
NCT00737932,PHASE2,180,ACTUAL,2010-05,2011-11,INDUSTRY,1,34,9
NCT00337532,PHASE2|PHASE3,50,,2005-05,2007-06,INDUSTRY,1,2,1
NCT00347932,PHASE3,957,ACTUAL,2006-06,2007-11,INDUSTRY,1,0,0
NCT00168532,PHASE3,218,,1998-01,2001-10,OTHER,2,1,1
NCT01469598,PHASE2,24,ACTUAL,2011-08,2014-02,OTHER,2,1,1
NCT00490035,PHASE3,399,ACTUAL,2007-09,2009-02,INDUSTRY,1,76,12
NCT05693935,PHASE3,675,ACTUAL,2023-01-24,2024-03-19,INDUSTRY,1,82,5
NCT01553708,PHASE2|PHASE3,34,ACTUAL,2011-12,2012-05,OTHER,1,1,1
NCT00758225,PHASE2,21,ESTIMATED,2008-09,2011-01,INDUSTRY,1,1,1
NCT01507376,PHASE3,180,ACTUAL,2010-10,2012-09,OTHER_GOV,1,1,1
NCT04684940,PHASE1|PHASE2,10,ACTUAL,2020-12-10,2026-04-20,INDUSTRY,2,9,7
NCT00146640,PHASE3,288,ACTUAL,2004-08-31,2007-01-31,INDUSTRY,1,24,2
NCT01692340,PHASE1|PHASE2,12,ACTUAL,2012-02,2013-11,OTHER,1,1,1
NCT01906489,PHASE2,210,ACTUAL,2013-07-23,2014-09-03,INDUSTRY,2,47,1
NCT01672268,PHASE3,70,ACTUAL,2012-02,2012-11,OTHER,1,1,1
NCT00148668,PHASE2,81,ACTUAL,2003-12,2009-01,OTHER,1,4,1
NCT00887250,PHASE3,366,ACTUAL,1991-12,1992-08,INDUSTRY,1,0,0
NCT01781091,PHASE3,60,ACTUAL,2012-12,2013-12,OTHER,1,2,2
NCT05402891,PHASE2,12,ACTUAL,2022-06-02,2024-09-30,OTHER,1,1,1
NCT02611791,PHASE2,42,ACTUAL,2012-10,2013-12,OTHER,1,0,0
NCT02091674,PHASE2,32,ACTUAL,2013-08,2014-03,OTHER,1,0,0
NCT01804374,PHASE2,38,ACTUAL,2011-06,2014-12,NETWORK,2,1,1
NCT01323374,PHASE2,122,ACTUAL,2009-01,2011-10,INDUSTRY,1,7,1
NCT00955318,PHASE3,58,ACTUAL,2009-07,2010-12,INDUSTRY,1,1,1
NCT00706290,PHASE2,49,ACTUAL,2007-04,2010-08,OTHER,5,1,1
NCT00390390,PHASE3,576,,2006-06,,INDUSTRY,1,30,1
NCT01474590,PHASE3,266,ACTUAL,2011-11,2013-07,INDUSTRY,1,25,1
NCT00495690,PHASE3,2012,ACTUAL,2004-11,2007-11,OTHER,5,1,1
NCT01239797,PHASE3,646,ACTUAL,2011-06-20,2014-09-02,INDUSTRY,2,216,23
NCT03421197,PHASE2,426,ACTUAL,2018-01-25,2020-03-30,INDUSTRY,1,74,1
NCT02680197,PHASE2,262,ACTUAL,2016-02-29,2017-02-06,INDUSTRY,1,30,4
NCT03594110,PHASE3,6609,ACTUAL,2019-01-31,2022-07-05,INDUSTRY,1,240,8
NCT00344110,PHASE3,768,ACTUAL,2006-06,2007-04,INDUSTRY,1,1,1
NCT00526110,PHASE1|PHASE2,98,ACTUAL,2004-08,2015-06,OTHER,1,1,1
NCT02168010,PHASE3,584,ACTUAL,2013-10,2014-07,INDUSTRY,1,7,1
NCT00813813,PHASE1|PHASE2,32,ACTUAL,2008-06,2013-06,INDUSTRY,1,8,1
NCT00620113,PHASE2,287,ACTUAL,2007-12-03,2009-05-29,INDUSTRY,1,0,0
NCT03016013,PHASE3,479,ACTUAL,2017-03-29,2022-11-19,INDUSTRY,1,1,1
NCT00890760,PHASE1|PHASE2,55,ACTUAL,2009-03,2010-02,OTHER,1,1,1
NCT03696160,PHASE3,447,ACTUAL,2019-03-05,2024-06-17,OTHER,1,53,7
NCT04812860,PHASE2,187,ACTUAL,2020-12-08,2021-01-25,INDUSTRY,1,1,1
NCT01815320,PHASE2,20,ACTUAL,2011-04,2012-10,OTHER,1,1,1
NCT00116220,PHASE3,206,ACTUAL,1995-09,2001-04,OTHER,1,1,1
NCT01343082,PHASE3,148,ACTUAL,2011-05,2013-03,INDUSTRY,1,1,1
NCT02748382,PHASE2|PHASE3,50,ACTUAL,2016-08-18,2017-08-19,OTHER,2,2,1
NCT03069924,PHASE2,367,ACTUAL,2017-07-01,2023-11-10,OTHER,2,2,1
NCT00488124,PHASE2,120,ESTIMATED,2005-11,2011-02,OTHER,1,13,1
NCT01483924,PHASE2,60,ACTUAL,2011-11,2013-08,INDUSTRY,1,7,2
NCT01307124,PHASE3,199,ACTUAL,2011-03,2013-04,OTHER,1,10,1
NCT04782024,PHASE2,138,ACTUAL,2015-09-30,2016-11-04,INDUSTRY,2,2,1
NCT01353859,PHASE3,39,ACTUAL,2011-03,2012-07,INDUSTRY,1,5,1
NCT01817959,PHASE3,51,ACTUAL,2012-10,2016-12,INDUSTRY,1,9,5
NCT01590459,PHASE2,359,ACTUAL,2012-04,2014-07,INDUSTRY,1,94,14
NCT02329080,PHASE2,79,ACTUAL,2014-12,2019-08,OTHER,1,36,4
NCT02778880,PHASE3,90,ACTUAL,2016-03-31,2017-02-22,OTHER,2,1,1
NCT00784680,PHASE3,308,ACTUAL,1998-04,,INDUSTRY,1,0,0
NCT03140280,PHASE2,23,ACTUAL,2017-06-05,2019-06-01,OTHER,1,1,1
NCT01558180,PHASE2,60,ESTIMATED,2012-04,2013-12,OTHER,2,1,1
NCT00412880,PHASE2,23,ACTUAL,2007-02-14,2008-06-30,INDUSTRY,1,10,2
NCT00877279,PHASE3,64,ACTUAL,2007-11,2008-03,INDUSTRY,1,5,1
NCT01485796,PHASE2|PHASE3,54,ACTUAL,2011-12-29,2013-01-01,INDUSTRY,1,10,1
NCT04605796,PHASE2,54,ACTUAL,2020-04-10,2022-10-27,OTHER,1,1,1
NCT02715596,PHASE3,54,ACTUAL,2015-12-23,2019-03-01,OTHER,1,1,1
NCT05286762,PHASE3,103,ACTUAL,2023-08-01,2024-02-29,INDUSTRY,6,24,1
NCT01474746,PHASE2,57,ACTUAL,2012-01,2015-08,OTHER,1,1,1
NCT00325546,PHASE3,643,ACTUAL,2006-04,2007-04,INDUSTRY,1,3,3
NCT00629317,PHASE3,49,ACTUAL,2008-02,2009-01,OTHER,1,1,1
NCT03015740,PHASE1|PHASE2,42,ACTUAL,2017-04-23,2022-09-06,OTHER,4,1,1
NCT01818440,PHASE2,28,ACTUAL,2013-03-21,2015-09-16,NIH,1,1,1
NCT03259789,PHASE3,351,ACTUAL,2017-11-28,2019-01-23,INDUSTRY,1,43,2
NCT03568968,PHASE3,410,ACTUAL,2020-05-06,2025-06-17,OTHER,1,11,1
NCT00711568,PHASE2,48,ACTUAL,2001-10,2007-08,FED,1,1,1
NCT00267150,PHASE3,31,ACTUAL,2005-11,2008-01,INDUSTRY,2,1,1
NCT00427050,PHASE2,50,ESTIMATED,2007-01,2007-11,INDUSTRY,1,9,2
NCT04874350,PHASE2,30,ACTUAL,2021-11-30,2023-12-18,INDUSTRY,2,10,1
NCT03861091,PHASE2,84,ACTUAL,2019-07-12,2022-03-02,OTHER,1,2,1
NCT03095274,PHASE2,126,ACTUAL,2017-04-11,2019-11-30,OTHER,2,19,1
NCT03006874,PHASE3,302,ACTUAL,2016-05-02,2017-03-24,INDUSTRY,1,1,1
NCT02738918,PHASE2,51,ACTUAL,2014-12-01,2017-09-18,OTHER,3,1,1
NCT00151918,PHASE3,48,,2005-01-07,2005-08-22,INDUSTRY,1,0,0
NCT04337918,PHASE2,143,ACTUAL,2020-05-08,2021-01-31,INDUSTRY,1,5,1
NCT06281418,PHASE3,46,ACTUAL,2024-02-29,2024-12-04,OTHER,1,1,1
NCT03762018,PHASE3,400,ACTUAL,2019-04-30,2023-09-01,NETWORK,1,42,6
NCT01146418,PHASE3,307,ACTUAL,2010-06-02,2013-07-24,INDUSTRY,1,0,0
NCT01059318,PHASE2,24,ACTUAL,2010-01,2012-06,INDUSTRY,1,4,3
NCT03667690,PHASE3,199,ACTUAL,2018-10-07,2021-10-07,INDUSTRY,4,132,18
NCT02515097,PHASE3,213,ACTUAL,2015-11-05,2017-03-15,INDUSTRY,1,15,1
NCT02303197,PHASE3,70,ACTUAL,2014-05,2015-12,OTHER,1,1,1
NCT03067597,PHASE3,68,ACTUAL,2017-02-22,2018-02-24,INDUSTRY,1,14,1
NCT00826410,PHASE3,200,ACTUAL,2003-05,2004-12,OTHER,2,1,1
NCT00669513,PHASE3,15,ACTUAL,2006-01,2008-01,OTHER,1,1,1
NCT00784160,PHASE3,53,ACTUAL,2008-07,2008-09,INDUSTRY,1,1,1
NCT01617460,PHASE3,86,ACTUAL,2012-09,2016-10,INDUSTRY,1,5,1
NCT00916760,PHASE3,153,ACTUAL,2008-02,2013-02,INDUSTRY,1,11,1
NCT00658320,PHASE3,122,ACTUAL,2008-02,2010-08,INDUSTRY,1,1,1
NCT03514420,PHASE2,4,ACTUAL,2018-06-15,2019-07-30,INDUSTRY,1,1,1
NCT02810782,PHASE3,120,ACTUAL,2001-06,2007-12,OTHER,1,0,0
NCT00986882,PHASE2,183,ACTUAL,2009-09,2011-03,INDUSTRY,1,1,1
NCT04531982,PHASE3,454,ACTUAL,2020-08-05,2024-01-25,INDUSTRY,1,102,12
NCT01594424,PHASE1|PHASE2,10,ACTUAL,2012-06,2014-11,OTHER,1,1,1
NCT02183324,PHASE2,72,ACTUAL,2007-02,2007-06,INDUSTRY,1,0,0
NCT06238024,PHASE2|PHASE3,108,ACTUAL,2024-02-02,2024-06-25,OTHER,3,1,1
NCT00468559,PHASE3,98,ACTUAL,2007-04,2008-06,INDUSTRY,1,25,4
NCT04297280,PHASE2,25,ACTUAL,2020-04-29,2023-07-18,OTHER,1,1,1
NCT00320580,PHASE2,239,ACTUAL,,,INDUSTRY,1,0,0
NCT01653379,PHASE2,42,ACTUAL,2012-08,2014-07,INDUSTRY,1,6,1
NCT00385996,PHASE2,22,ACTUAL,2006-10,2008-11,OTHER,1,1,1
NCT01466179,PHASE2,225,ACTUAL,2011-12,2013-10,INDUSTRY,1,39,6
NCT04409262,PHASE3,649,ACTUAL,2020-06-16,2021-02-01,INDUSTRY,1,54,4
NCT00022646,PHASE2,157,ACTUAL,2001-08,2003-11,OTHER,1,22,1
NCT01472146,PHASE2,58,ACTUAL,2011-10,2016-07,OTHER_GOV,4,1,1
NCT00420888,PHASE2|PHASE3,526,ACTUAL,2007-01,2013-01,INDUSTRY,1,51,5
NCT05223088,PHASE2,40,ACTUAL,2021-10-31,2023-04-30,OTHER_GOV,2,1,1
NCT00082888,PHASE2,93,ACTUAL,2004-03-24,2009-05-20,NIH,13,2,1
NCT03634488,PHASE2,132,ACTUAL,2021-08-18,2022-10-05,OTHER,2,3,2
NCT01009788,PHASE2,63,ACTUAL,2009-11,2012-09,OTHER,4,3,1
NCT00749203,PHASE2,41,ACTUAL,2009-01,2013-09,OTHER,4,1,1
NCT00078767,PHASE3,24,ACTUAL,2001-04,2006-03,OTHER,1,1,1
NCT04910100,PHASE2,226,ACTUAL,2021-04-15,2022-03-31,INDUSTRY,2,1,1
NCT03097900,PHASE2,70,ACTUAL,2017-11-02,2019-12-31,OTHER,1,1,1
NCT02675907,PHASE3,201,ACTUAL,2016-01,2016-07,INDUSTRY,1,4,1
NCT01129492,PHASE2,43,ACTUAL,2006-03,2009-03,OTHER,1,1,1
NCT00350636,PHASE3,789,ACTUAL,2006-06,2007-05,INDUSTRY,1,63,1
NCT01238211,PHASE2,61,ACTUAL,2010-12-14,2013-07-01,NIH,8,65,1
NCT01229371,PHASE3,440,ACTUAL,2010-10,2010-12,INDUSTRY,1,2,1
NCT00831662,PHASE3,490,ACTUAL,2009-01,2009-12,INDUSTRY,1,0,0
NCT05563246,PHASE2,233,ACTUAL,2022-11-24,2024-03-14,INDUSTRY,1,42,8
NCT00080262,PHASE2,125,,2004-02,2006-12,INDUSTRY,2,45,10
NCT04930562,PHASE2,30,ACTUAL,2021-04-27,2022-06-10,INDUSTRY,1,7,1
NCT01309646,PHASE3,454,ACTUAL,2011-03-04,2012-02-24,INDUSTRY,5,11,1
NCT05091346,PHASE1|PHASE2,89,ACTUAL,2021-10-27,2024-10-15,INDUSTRY,3,32,4
NCT00792688,PHASE2,26,ACTUAL,2008-10,2010-01,INDUSTRY,1,1,1
NCT01935167,PHASE2,158,ACTUAL,2013-10,2014-08,INDUSTRY,1,1,1
NCT04670107,PHASE1|PHASE2,30,ACTUAL,2018-06-01,2020-10-01,OTHER,3,1,1
NCT02051192,PHASE1|PHASE2,58,ACTUAL,2014-01,2016-08,OTHER,7,1,1
NCT00163436,PHASE3,450,,2005-09,2006-01,INDUSTRY,1,66,6
NCT00636311,PHASE2,13,ACTUAL,2008-02,2008-04,OTHER,1,1,1
NCT06031844,PHASE2,24,ACTUAL,2023-10-16,2024-12-17,INDUSTRY,1,7,2
NCT05982392,PHASE2|PHASE3,139,ACTUAL,2023-03-01,2023-08-15,OTHER,2,1,1
NCT00375492,PHASE3,196,ACTUAL,2006-09,2008-02,INDUSTRY,1,10,1
NCT00350792,PHASE2,62,ACTUAL,2006-08,2008-11,INDUSTRY,1,7,1
NCT01407536,PHASE1|PHASE2,20,ESTIMATED,2009-08,2010-06,OTHER,1,1,1
NCT01767311,PHASE2,856,ACTUAL,2012-12-20,2024-12-10,INDUSTRY,1,169,11
NCT06279871,PHASE3,1514,ACTUAL,2024-03-27,2024-10-09,INDUSTRY,1,29,4
NCT05768100,PHASE2,12,ACTUAL,2023-04-01,2023-09-01,OTHER,1,1,1
NCT05480800,PHASE1|PHASE2,155,ACTUAL,2022-09-13,2024-09-02,INDUSTRY,1,2,2
NCT02123511,PHASE2,34,ACTUAL,2014-04,2016-03-22,OTHER,83,5,1
NCT03921411,PHASE2,20,ACTUAL,2019-04-09,2020-08-19,INDUSTRY,1,10,1
NCT03042611,PHASE3,460,ACTUAL,2017-03-14,2019-02-15,INDUSTRY,2,95,12
NCT03315871,PHASE2,40,ACTUAL,2018-03-20,2024-06-04,NIH,1,1,1
NCT00309244,PHASE3,677,ACTUAL,2006-02,2008-08,INDUSTRY,1,151,10
NCT01267344,PHASE2,122,ACTUAL,2010-12,2013-12,OTHER,2,1,1
NCT01270971,PHASE3,594,ACTUAL,2010-12-01,2012-11-30,INDUSTRY,1,27,1
NCT03861234,PHASE1|PHASE2,43,ACTUAL,2019-06-27,2023-11-01,INDUSTRY,1,14,3
NCT01214811,PHASE3,27,ACTUAL,2010-09,2011-09,INDUSTRY,3,3,1
NCT05125471,PHASE2,3,ACTUAL,2022-07-26,2025-09-03,OTHER,1,1,1
NCT00490971,PHASE3,768,ACTUAL,2006-05,2010-04,INDUSTRY,1,78,16
NCT00381134,PHASE2,92,ESTIMATED,2003-07,,NIH,3,1,1
NCT03478111,PHASE3,390,ACTUAL,2018-03-30,2019-06-23,INDUSTRY,1,1,1
NCT01348971,PHASE2,100,ESTIMATED,2011-03,2013-02,OTHER,1,1,1
NCT04125836,PHASE3,135,ACTUAL,2019-10-10,2025-04-24,INDUSTRY,1,68,11
NCT01042236,PHASE2,22,ACTUAL,2009-01,2010-07,INDUSTRY,1,1,1
NCT06957834,PHASE2,20,ACTUAL,2023-06-06,2024-07-11,NETWORK,1,1,1
NCT03809611,PHASE2,125,ACTUAL,2019-04-26,2019-12-16,INDUSTRY,1,14,1
NCT00709371,PHASE2,729,ACTUAL,2008-07,2009-04,INDUSTRY,1,20,1
NCT00294671,PHASE2|PHASE3,130,ACTUAL,2006-02,2012-12,OTHER,2,8,5
NCT02751034,PHASE3,60,ACTUAL,2013-06,2013-08,INDUSTRY,1,2,1
NCT04960202,PHASE2|PHASE3,2091,ACTUAL,2021-07-16,2021-12-09,INDUSTRY,1,201,20
NCT01607853,PHASE2,24,ACTUAL,2012-06,2012-10,INDUSTRY,1,1,1
NCT01269229,PHASE2,32,ACTUAL,2010-01,2015-04,OTHER,1,1,1
NCT00218231,PHASE2,48,ACTUAL,2004-01,2006-08,NIH,2,2,1
NCT00024102,PHASE3,633,ACTUAL,2001-09,2008-05,OTHER,1,334,3
NCT03730129,PHASE2|PHASE3,20,ACTUAL,2018-11-05,2020-07-03,OTHER,1,1,1
NCT03353831,PHASE3,574,ACTUAL,2018-09-11,2025-03-11,INDUSTRY,1,111,12
NCT07015931,PHASE1|PHASE2,23,ACTUAL,2024-11-30,2025-03-08,OTHER,1,1,1
NCT01144702,PHASE2|PHASE3,163,ACTUAL,2010-11,2013-04,OTHER,1,2,1
NCT03179631,PHASE3,360,ACTUAL,2017-07-06,2022-03-05,INDUSTRY,9,64,18
NCT00858637,PHASE3,260,ACTUAL,2009-03,2010-03,INDUSTRY,1,39,13
NCT03334253,PHASE3,200,ACTUAL,2018-06-01,2022-04-15,OTHER,1,13,1
NCT01903837,PHASE2,347,ACTUAL,2013-06,2014-12,INDUSTRY,1,61,3
NCT00159445,PHASE2,53,ESTIMATED,2004-03,2007-03,OTHER,2,1,1
NCT00160745,PHASE2,46,,,,OTHER,1,1,1
NCT00287872,PHASE2,30,ACTUAL,2004-09,2010-11,OTHER,1,1,1
NCT01008995,PHASE3,322,ACTUAL,2009-10,2011-07,INDUSTRY,1,9,1
NCT03532139,PHASE2,24,ACTUAL,2018-07-25,2023-12-31,OTHER,1,2,1
NCT02286557,PHASE2,36,ESTIMATED,2014-10,2025-02-28,OTHER,1,1,1
NCT02201212,PHASE2,30,ACTUAL,2014-09,2019-06,OTHER,4,2,1
NCT01731119,PHASE2,9,ACTUAL,2012-12,2014-08,OTHER,13,1,1
NCT01384630,PHASE2,8,ACTUAL,2011-09-30,2012-07-31,INDUSTRY,1,3,1
NCT01563367,PHASE3,74,ACTUAL,2012-01,2013-08,INDUSTRY,1,1,1
NCT00484900,PHASE3,1390,ACTUAL,2006-05,,INDUSTRY,1,4,4
NCT00478907,PHASE2,300,ACTUAL,2004-03,,OTHER,1,1,1
NCT00404092,PHASE2,46,ACTUAL,2006-10,2009-10,OTHER,1,4,2
NCT05307536,PHASE2,54,ACTUAL,2021-12-26,2023-06-30,OTHER,1,1,1
NCT00055536,PHASE2,60,,2002-04,2003-07,INDUSTRY,1,18,1
NCT03039192,PHASE3,226,ACTUAL,2017-06-09,2018-12-18,INDUSTRY,1,56,11
NCT04385992,PHASE2,31,ACTUAL,2020-03-09,2023-01-25,OTHER,1,1,1
NCT01545271,PHASE1|PHASE2,32,ACTUAL,2012-05,2013-10,OTHER,1,1,1
NCT01088971,PHASE3,60,ACTUAL,2009-10,2011-07,INDUSTRY,1,1,1
NCT00751244,PHASE2,147,ACTUAL,2005-01,2007-11,OTHER,2,2,1
NCT00370344,PHASE2|PHASE3,355,ACTUAL,2006-09,2011-04,OTHER,4,2,1
NCT00428844,PHASE2,75,ACTUAL,2007-06-26,2010-03-26,INDUSTRY,1,26,3
NCT00483834,PHASE2,50,ACTUAL,2006-12,2011-07,OTHER,1,1,1
NCT02589834,PHASE2,118,ACTUAL,2015-04,2015-06,OTHER,1,1,1
NCT00877734,PHASE2|PHASE3,80,ACTUAL,2005-04,2007-05,OTHER,1,1,1
NCT02305134,PHASE1|PHASE2,21,ACTUAL,2015-06-11,2019-03,OTHER,3,1,1
NCT00266864,PHASE2|PHASE3,31,ACTUAL,2003-08,2012-08,FED,2,2,1
NCT00196664,PHASE3,144,ESTIMATED,2005-10,,OTHER_GOV,1,1,1
NCT02432209,PHASE3,379,ACTUAL,2015-08,2019-11-30,OTHER,1,10,1
NCT02218099,PHASE1|PHASE2,55,ACTUAL,2013-09-16,2014-09-09,INDUSTRY,5,3,3
NCT03741699,PHASE3,88,ACTUAL,2019-02-18,2024-05-11,OTHER,1,3,1
NCT01768702,PHASE3,315,ACTUAL,2012-11,2017-08,INDUSTRY,1,35,9
NCT00570102,PHASE2,230,ACTUAL,1995-02,2004-03,OTHER,1,18,1
NCT00304031,PHASE3,1173,ACTUAL,2006-01,2011-02,NETWORK,1,351,2
NCT05219253,PHASE3,288,ACTUAL,2022-02-02,2022-10-11,INDUSTRY,1,9,1
NCT00141037,PHASE1|PHASE2,130,ACTUAL,2004-03,2006-09,NIH,5,12,1
NCT01201837,PHASE2,507,ACTUAL,2011-03,2012-10,INDUSTRY,1,47,4
NCT00377637,PHASE3,370,ACTUAL,2005-07,2007-03,INDUSTRY,1,108,17
NCT05274945,PHASE2,58,ACTUAL,2020-01-01,2022-01-01,OTHER,1,1,1
NCT00366145,PHASE3,260,ACTUAL,2006-08-17,2008-12-26,INDUSTRY,1,70,6
NCT04006145,PHASE2,47,ACTUAL,2019-06-06,2020-06-26,INDUSTRY,2,10,1
NCT02514772,PHASE3,107,ACTUAL,2015-07,2016-07,INDUSTRY,1,65,4
NCT03556839,PHASE3,410,ACTUAL,2018-09-25,2025-08-31,OTHER,1,72,8
NCT05176639,PHASE3,113,ACTUAL,2021-12-03,2024-07-15,INDUSTRY,1,53,7
NCT04876677,PHASE3,25,ACTUAL,2021-05-18,2022-01-03,INDUSTRY,1,8,2
NCT04747977,PHASE2,172,ACTUAL,2021-02-12,2021-08-11,INDUSTRY,1,15,1
NCT00859365,PHASE1|PHASE2,65,ACTUAL,2009-01,2011-09,OTHER_GOV,4,1,1
NCT00296465,PHASE2|PHASE3,132,ACTUAL,2005-02,2005-11,INDUSTRY,1,1,1
NCT01745965,PHASE2,380,ESTIMATED,2012-11,2015-02,OTHER,1,2,1
NCT01090765,PHASE1|PHASE2,21,ACTUAL,2010-02-23,2014-04-01,NIH,2,1,1
NCT00094965,PHASE2,43,ACTUAL,2004-09,2007-08,INDUSTRY,1,1,1
NCT00025467,PHASE2,60,ACTUAL,2001-09,2007-07,NIH,6,1,1
NCT04371367,PHASE2,208,ACTUAL,2020-04-27,2021-03-30,OTHER,1,1,1
NCT00576407,PHASE2,26,ACTUAL,1991-10,2009-04,INDUSTRY,2,1,1
NCT00627692,PHASE2,100,ACTUAL,1999-02,2000-05,INDUSTRY,1,0,0
NCT03459092,PHASE3,63,ACTUAL,2018-08-16,2023-07-31,OTHER,1,8,2
NCT00284336,PHASE2,16,,2006-01,,OTHER,2,2,1
NCT00164736,PHASE3,2369,ACTUAL,2004-03,2010-01,FED,1,1,1
NCT04027036,PHASE2,382,ACTUAL,2020-08-06,2022-05-31,OTHER_GOV,1,2,1
NCT01154036,PHASE3,1547,ACTUAL,2010-07,2012-09,INDUSTRY,1,0,0
NCT01610336,PHASE2,161,ACTUAL,2012-04-05,2016-06-10,INDUSTRY,1,31,14
NCT01893411,PHASE3,311,ACTUAL,2013-06,2015-08,INDUSTRY,1,53,14
NCT00182611,PHASE3,100,ESTIMATED,2004-04,2008-09,OTHER,1,6,1
NCT02353871,PHASE3,185,ACTUAL,2015-01,2015-04,INDUSTRY,1,9,2
NCT00002544,PHASE3,300,ESTIMATED,1993-05,,OTHER,1,1,1
NCT00679211,PHASE2,110,ACTUAL,2008-08,2009-09,INDUSTRY,1,0,0
NCT00206271,PHASE3,450,,2001-05,,OTHER,1,2,1
NCT01436071,PHASE3,248,ACTUAL,2011-09,2012-06,INDUSTRY,1,24,4
NCT00209534,PHASE2,200,,2003-01,,INDUSTRY,2,0,0
NCT00001934,PHASE2,22,ACTUAL,1999-09,2005-08,NIH,1,1,1
NCT00164229,PHASE1|PHASE2,100,,2001-10,,FED,1,1,1
NCT04400929,PHASE2,2,ACTUAL,2020-06-02,2022-01-26,OTHER,3,1,1
NCT01385137,PHASE3,262,ACTUAL,2012-02,2013-12,NETWORK,3,292,1
NCT01659437,PHASE2|PHASE3,310,ACTUAL,2012-12,2017-12,OTHER,1,5,2
NCT00144131,PHASE2,750,,2005-08,,INDUSTRY,2,0,0
NCT00000953,PHASE2,180,,,1996-09,NIH,2,44,1
NCT02809053,PHASE3,315,ACTUAL,2017-01-18,2019-07-17,INDUSTRY,1,25,14
NCT02351739,PHASE2,78,ACTUAL,2015-04,2018-02,INDUSTRY,1,7,1
NCT05295875,PHASE2,391,ACTUAL,2022-03-31,2023-09-28,INDUSTRY,1,31,1
NCT01766401,PHASE3,402,ACTUAL,2013-01-31,2014-01-29,INDUSTRY,1,30,1
NCT00595101,PHASE2,117,ACTUAL,2007-12,2008-06,INDUSTRY,2,13,1
NCT06792812,PHASE2,45,ACTUAL,2025-01-25,2025-04-20,OTHER,3,1,1
NCT05671081,PHASE3,60,ACTUAL,2023-01-05,2024-03-15,OTHER,1,1,1
NCT00533481,PHASE2,497,ACTUAL,2004-02,2004-12,INDUSTRY,1,0,0
NCT01670981,PHASE2,114,ACTUAL,2013-02-20,2016-02-01,INDUSTRY,1,36,2
NCT04995081,PHASE2,60,ACTUAL,2021-07-16,2025-10-03,INDUSTRY,1,1,1
NCT06738719,PHASE3,192,ACTUAL,2025-01-03,2025-06-25,INDUSTRY,1,1,1
NCT00003519,PHASE3,2778,ESTIMATED,1998-08-20,2007-01,NETWORK,1,134,1
NCT01387230,PHASE3,206,ACTUAL,2011-07-01,2012-02-01,INDUSTRY,1,27,3
NCT02611830,PHASE3,383,ACTUAL,2015-12-18,2018-05-30,INDUSTRY,1,174,31
NCT01466530,PHASE2,366,ACTUAL,2006-01,2011-08,OTHER,2,1,1
NCT04134728,PHASE3,550,ACTUAL,2019-10-31,2021-09-15,INDUSTRY,1,131,15
NCT01009567,PHASE1|PHASE2,10,ESTIMATED,2009-06,2013-06,OTHER_GOV,1,1,1
NCT00567567,PHASE3,665,ACTUAL,2007-11-05,2015-02-27,NETWORK,6,190,6
NCT00451100,PHASE3,84,ACTUAL,2005-11-10,2006-05-22,INDUSTRY,1,0,0
NCT04823000,PHASE1|PHASE2,24,ACTUAL,2013-01-01,2016-12-01,OTHER,1,0,0
NCT00079807,PHASE1|PHASE2,60,,2003-09,2007-02,NIH,2,1,1
NCT00876200,PHASE2,21,ACTUAL,2009-03,2015-02,OTHER,1,18,1
NCT01370707,PHASE3,187,ACTUAL,2011-04,2012-07,INDUSTRY,1,21,1
NCT00773292,PHASE2|PHASE3,7,ACTUAL,2006-08,2010-01,OTHER,1,1,1
NCT02130700,PHASE2,17,ACTUAL,2014-04,2017-09,INDUSTRY,1,1,1
NCT02716792,PHASE3,334,ACTUAL,2006-01,2008-06,INDUSTRY,1,30,1
NCT03443492,PHASE2,130,ACTUAL,2018-03-26,2019-11-30,OTHER,1,1,1
NCT01540136,PHASE3,402,ACTUAL,2012-02,2014-05,OTHER,1,1,1
NCT00318136,PHASE2,47,ACTUAL,2005-09,2009-07,INDUSTRY,1,0,0
NCT01941771,PHASE2,110,ACTUAL,2012-06,2015-01,OTHER,1,1,1
NCT00233571,PHASE3,796,ACTUAL,2000-06,2006-06,INDUSTRY,1,0,0
NCT00002644,PHASE3,7154,ACTUAL,1994-01,2001-01,OTHER,1,1,1
NCT00796744,PHASE2,78,ACTUAL,2008-10,2010-12,INDUSTRY,2,12,1
NCT04682444,PHASE2|PHASE3,100,ACTUAL,2009-04-13,2010-01-15,INDUSTRY,2,0,0
NCT01147744,PHASE2,700,ACTUAL,2010-06-28,2011-10-06,INDUSTRY,1,84,6
NCT00123734,PHASE2,94,ACTUAL,2005-03,,INDUSTRY,1,12,2
NCT00996164,PHASE3,1090,ACTUAL,2009-10,2010-12,INDUSTRY,1,75,1
NCT01462929,PHASE3,414,ACTUAL,2011-11,2012-03,INDUSTRY,1,41,4
NCT04555837,PHASE1|PHASE2,24,ACTUAL,2020-09-15,2025-04-08,OTHER,2,1,1
NCT00136695,PHASE2,88,ACTUAL,2004-10,2008-10,OTHER,1,1,1
NCT05370495,PHASE1|PHASE2,201,ACTUAL,2022-07-25,2023-03-24,INDUSTRY,1,1,1
NCT00980395,PHASE2,24,ACTUAL,2009-07-07,2014-09-12,OTHER,4,1,1
NCT02706795,PHASE2,37,ACTUAL,2015-09,2016-12-07,INDUSTRY,1,13,1
NCT03699839,PHASE2|PHASE3,619,ACTUAL,2018-10-26,2020-08-15,OTHER,2,9,2
NCT03654677,PHASE3,253,ACTUAL,2017-09-19,2018-10-12,INDUSTRY,1,12,1
NCT01030575,PHASE2,125,ACTUAL,2010-01,2011-05,NETWORK,6,17,1
NCT00129857,PHASE3,860,,2001-01,,INDUSTRY,1,0,0
NCT00310401,PHASE2,506,ACTUAL,2007-04,2011-05,OTHER,3,1,1
NCT02010112,PHASE3,193,ACTUAL,2014-01,2015-02,INDUSTRY,1,9,1
NCT02731612,PHASE3,100,ACTUAL,2017-05-08,2024-12-31,OTHER,1,9,4
NCT06586112,PHASE3,912,ACTUAL,2024-07-25,2025-09-19,INDUSTRY,1,156,10
NCT00471081,PHASE2,385,ACTUAL,2007-07-05,2008-10-23,INDUSTRY,1,19,1
NCT01208181,PHASE3,1404,ACTUAL,2010-09-27,2014-06-09,INDUSTRY,1,0,0
NCT00282919,PHASE2,110,ACTUAL,2006-03,2008-02,INDUSTRY,1,2,2
NCT02554019,PHASE2,36,ACTUAL,2015-09-28,2017-10-25,INDUSTRY,1,14,4
NCT00252330,PHASE3,476,ACTUAL,2005-09,2007-01,INDUSTRY,1,2,2
NCT05145530,PHASE2|PHASE3,60,ACTUAL,2017-08-10,2020-03-30,OTHER,2,1,1
NCT00489528,PHASE3,,,1997-07,,INDUSTRY,2,0,0
NCT00297128,PHASE2,31,ACTUAL,2005-10,2011-08,NETWORK,1,10,1
NCT00445965,PHASE2,78,ACTUAL,2006-01,2023-02-01,OTHER,10,1,1
NCT05297565,PHASE3,14,ACTUAL,2022-08-02,2024-02-08,INDUSTRY,1,16,7
NCT02018965,PHASE2,16,ACTUAL,2011-11,2017-06,OTHER,1,1,1
NCT02655965,PHASE3,54,ACTUAL,2016-05,2019-11,OTHER,1,1,1
NCT02091167,PHASE2,33,ACTUAL,2013-11,2018-07,OTHER,2,1,1
NCT00647400,PHASE2|PHASE3,147,ACTUAL,2006-04,2007-09,INDUSTRY,1,64,1
NCT04817800,PHASE1|PHASE2,48,ACTUAL,2021-03-25,2021-04-10,INDUSTRY,1,1,1
NCT00982007,PHASE3,997,ACTUAL,2009-09,2011-03,INDUSTRY,1,1,1
NCT01395992,PHASE3,165,ACTUAL,2012-04,2014-12,INDUSTRY,1,1,1
NCT06061536,PHASE2,64,ACTUAL,2023-11-02,2024-11-29,INDUSTRY,1,1,1
NCT02545036,PHASE3,58,ACTUAL,2015-06,2016-11-01,OTHER,1,1,1
NCT01473511,PHASE3,172,ACTUAL,2010-02,2015-02,OTHER,2,1,1
NCT01894971,PHASE3,40,ACTUAL,2012-11,2014-12,OTHER,2,1,1
NCT05958771,PHASE3,4270,ACTUAL,2023-07-06,2026-02-27,OTHER,1,16,1
NCT00118144,PHASE2,42,ACTUAL,2005-06,2010-12,NIH,6,1,1
NCT03198637,PHASE3,50,ACTUAL,2013-04,2018-05,OTHER,1,1,1
NCT02399137,PHASE2,88,ACTUAL,2015-05,2018-08,INDUSTRY,1,66,6
NCT02889302,PHASE3,203,ACTUAL,2016-11-15,2018-03,INDUSTRY,1,1,1
NCT02388737,PHASE3,703,ACTUAL,2015-04-01,2018-12-24,INDUSTRY,1,72,4
NCT00048737,PHASE1|PHASE2,70,ACTUAL,2002-10,2011-12,OTHER,2,1,1
NCT01468337,PHASE1|PHASE2,5,ACTUAL,2011-10,2013-11,NIH,2,1,1
NCT02337595,PHASE1|PHASE2,30,ACTUAL,2014-08,2015-03,OTHER,6,1,1
NCT02749695,PHASE2|PHASE3,40,ACTUAL,2013-10,2014-08,OTHER_GOV,1,1,1
NCT02511639,PHASE3,110,ACTUAL,2014-07-30,2020-02-28,OTHER,1,16,1
NCT03718039,PHASE2,78,ACTUAL,2018-10-24,2019-01-31,INDUSTRY,1,1,1
NCT02735239,PHASE1|PHASE2,73,ACTUAL,2016-06-24,2022-06-16,OTHER,1,4,1
NCT01627977,PHASE3,18,ACTUAL,2012-10,2014-01,OTHER,3,1,1
NCT00239577,PHASE2,86,ACTUAL,2006-04-05,2007-06-19,INDUSTRY,1,1,1
NCT01899677,PHASE3,70,ACTUAL,2013-07,2013-09,OTHER,1,1,1
NCT05530577,PHASE2,24,ACTUAL,2022-10-07,2024-05-13,OTHER,2,1,1
NCT01500577,PHASE2,150,ACTUAL,2005-04,2012-11,OTHER,1,1,1
NCT01797575,PHASE2,38,ACTUAL,2013-01,2017-02-01,OTHER,1,1,1
NCT05032157,PHASE3,455,ACTUAL,2021-12-01,2023-12-18,INDUSTRY,1,122,18
NCT00495157,PHASE3,342,ACTUAL,2007-06,2010-07,OTHER,1,10,1
NCT00901901,PHASE3,732,ACTUAL,2009-05-21,2012-04-17,INDUSTRY,1,127,26
NCT00219401,PHASE2,318,ACTUAL,2005-05,2009-05,OTHER_GOV,3,1,1
NCT01286012,PHASE2,108,ACTUAL,2011-01,2013-01,INDUSTRY,1,23,2
NCT01037881,PHASE2,183,ACTUAL,2009-12,2010-06,INDUSTRY,1,3,3
NCT03527381,PHASE1|PHASE2,96,ACTUAL,2015-09-01,2016-12-25,OTHER,4,0,0
NCT01074619,PHASE3,90,ACTUAL,2005-09,2011-03,OTHER,1,1,1
NCT03818919,PHASE2,70,ACTUAL,2019-01-22,2020-12-31,OTHER,1,1,1
NCT00784719,PHASE1|PHASE2,327,ACTUAL,2008-11,2009-10,INDUSTRY,1,27,1
NCT02206230,PHASE2,133,ACTUAL,2014-09-25,2023-02-14,OTHER,1,1,1
NCT02137330,PHASE3,10,ACTUAL,2014-01,2014-05,OTHER,3,1,1
NCT02336165,PHASE2,159,ACTUAL,2015-02-26,2018-11,OTHER,1,8,2
NCT00534365,PHASE3,281,ACTUAL,2007-08,2011-04,OTHER,1,7,1
NCT03802565,PHASE2,415,ACTUAL,2019-02-01,2019-06-28,INDUSTRY,7,43,1
NCT04627467,PHASE2,3217,ACTUAL,2020-03-28,2020-07-09,OTHER,1,1,1
NCT05317767,PHASE3,600,ACTUAL,2020-02-10,2020-07-05,OTHER_GOV,1,2,1
NCT00164567,PHASE2,1200,,,,FED,1,1,1
NCT00392067,PHASE2,75,ESTIMATED,2006-10,,INDUSTRY,1,4,4
NCT01162967,PHASE2,78,ACTUAL,2010-09,2012-12,OTHER,1,3,1
NCT03090100,PHASE3,1048,ACTUAL,2017-04-27,2018-08-02,INDUSTRY,1,142,9
NCT01909700,PHASE2|PHASE3,157,ACTUAL,2011-07,2011-11,OTHER_GOV,2,1,1
NCT02460900,PHASE3,184,ACTUAL,2016-07,2021-04,OTHER,2,1,1
NCT02582307,PHASE3,236,ACTUAL,2017-03-20,2018-12-03,OTHER,2,1,1
NCT00548600,PHASE3,112,ACTUAL,1992-05,,OTHER,1,1,1
NCT06000007,PHASE2,108,ACTUAL,2023-08-25,2024-07-30,OTHER,1,1,1
NCT00868192,PHASE2,38,ACTUAL,2008-05,2012-12,OTHER,2,1,1
NCT02855892,PHASE2,161,ACTUAL,2015-10,2016-10,INDUSTRY,1,8,1
NCT01107236,PHASE2,90,ACTUAL,2010-06,2010-08,INDUSTRY,1,1,1
NCT02044211,PHASE2|PHASE3,756,ACTUAL,2014-02,2018-10,OTHER,3,1,1
NCT04751929,PHASE2,19,ACTUAL,2021-08-20,2024-06-17,OTHER,2,1,1
NCT03378531,PHASE2,14,ACTUAL,2017-12-07,2022-12-15,INDUSTRY,2,7,4
NCT00199602,PHASE3,420,ACTUAL,1999-08,2009-12,OTHER,1,1,1
NCT02260453,PHASE3,426,ACTUAL,2005-01,2009-07,OTHER,2,0,0
NCT04591353,PHASE3,122,ACTUAL,2021-02-01,2022-09-15,OTHER,1,2,1
NCT04873453,PHASE2,45,ACTUAL,2021-08-30,2023-05-31,OTHER,1,1,1
NCT01194245,PHASE2,135,ACTUAL,2010-08,2011-08,INDUSTRY,1,19,1
NCT07289945,PHASE3,81,ACTUAL,2024-09-15,2025-04-15,OTHER,2,1,1
NCT00509145,PHASE3,1106,ACTUAL,2007-11-13,2010-11-08,INDUSTRY,1,144,24
NCT01983072,PHASE2,141,ACTUAL,2008-04,2011-08,INDUSTRY,1,4,2
NCT01651039,PHASE2,32,ACTUAL,2012-07,2016-12-21,OTHER,1,1,1
NCT02301039,PHASE2,144,ACTUAL,2015-03,2020-07-01,OTHER,2,12,1
NCT00057239,PHASE2,546,,2003-03,2004-05,INDUSTRY,1,29,1
NCT02805257,PHASE2,119,ACTUAL,2016-06,2020-03,OTHER,4,4,4
NCT00661557,PHASE2,271,ACTUAL,2008-05-19,2008-12-19,INDUSTRY,1,1,1
NCT02584257,PHASE3,217,ACTUAL,2016-04,2016-08,INDUSTRY,1,17,1
NCT00001757,PHASE3,20,,1997-11,,NIH,1,1,1
NCT00500357,PHASE3,105,ACTUAL,2007-11,2010-01,INDUSTRY,1,16,1
NCT03015701,PHASE3,193,ACTUAL,1992-08,2001-10,NETWORK,1,0,0
NCT02693119,PHASE2,12,ACTUAL,2016-03,2019-09,INDUSTRY,1,1,1
NCT00144430,PHASE2,60,ESTIMATED,2004-01,2008-08,OTHER,1,25,1
NCT00300430,PHASE3,1911,ACTUAL,2006-09,2008-03,INDUSTRY,3,1,1
NCT06705530,PHASE1|PHASE2,58,ACTUAL,2024-11-26,2025-10-17,NETWORK,2,1,1
NCT03054428,PHASE3,251,ACTUAL,2017-03-21,2018-04-04,INDUSTRY,9,45,2
NCT00985465,PHASE3,218,ACTUAL,2009-11-12,2010-06-26,INDUSTRY,1,1,1
NCT01725165,PHASE2,85,ACTUAL,2012-11-28,2024-05-08,OTHER,2,3,2
NCT00113165,PHASE3,244,ACTUAL,2004-10,2007-07,INDUSTRY,2,148,10
NCT00016965,PHASE2,,,2001-07,,NETWORK,1,95,1
NCT04342065,PHASE2|PHASE3,200,ACTUAL,2019-01-01,2020-01-30,OTHER,1,1,1
NCT02225665,PHASE1|PHASE2,8,ACTUAL,2014-08,2018-06,INDUSTRY,1,5,1
NCT02590965,PHASE2,91,ACTUAL,2014-05-29,2015-08-07,INDUSTRY,1,12,1
NCT00846365,PHASE3,1085,ACTUAL,2009-03,2010-06,INDUSTRY,1,80,3
NCT00158067,PHASE2,150,ESTIMATED,2002-03,2007-04,INDUSTRY,1,5,1
NCT00064467,PHASE3,268,,2003-06,2005-05,INDUSTRY,2,24,1
NCT01034267,PHASE3,828,ACTUAL,2009-12,2012-06,INDUSTRY,1,68,1
NCT00683800,PHASE3,2186,ACTUAL,2008-06,2010-05,INDUSTRY,1,121,2
NCT02754700,PHASE2,150,ACTUAL,2016-04,2019-02-01,OTHER,1,0,0
NCT00073307,PHASE3,903,ACTUAL,2003-11,2006-09,INDUSTRY,1,121,19
NCT02787707,PHASE2,69,ACTUAL,2015-10,2016-04,OTHER,2,1,1
NCT02302807,PHASE3,931,ACTUAL,2015-01-13,2017-03-13,INDUSTRY,1,217,29
NCT02107807,PHASE3,539,ACTUAL,2014-04,2015-05,INDUSTRY,5,17,3
NCT00329992,PHASE3,30,ACTUAL,2004-04,2009-05,OTHER,1,1,1
NCT00036218,PHASE3,600,,2001-12,,INDUSTRY,1,102,4
NCT04423718,PHASE3,1011,ACTUAL,2020-08-11,2022-07-27,INDUSTRY,1,235,27
NCT00655018,PHASE2|PHASE3,90,ACTUAL,2003-01,2006-10,OTHER,3,1,1
NCT00003390,PHASE2,,,1998-06,,OTHER,1,1,1
NCT01530997,PHASE2,45,ACTUAL,2012-02-07,2014-11,OTHER,3,5,1
NCT01556997,PHASE3,837,ACTUAL,2012-02,2013-02,INDUSTRY,1,48,1
NCT00266110,PHASE2,17,ACTUAL,2005-12,2013-02,OTHER,1,1,1
NCT02047110,PHASE2,159,ACTUAL,2014-01-28,2015-03-05,INDUSTRY,1,0,0
NCT01620710,PHASE2,80,ACTUAL,2012-02,2015-09,OTHER,1,1,1
NCT03667313,PHASE3,200,ACTUAL,2018-10-01,2021-11-30,OTHER,1,1,1
NCT00078013,PHASE2,414,,2003-04,,INDUSTRY,1,1,1
NCT00664560,PHASE3,614,ACTUAL,2008-04,2008-12,INDUSTRY,1,1,1
NCT00305760,PHASE2,60,ACTUAL,2005-12,2009-03,OTHER,1,1,1
NCT00086320,PHASE3,111,ACTUAL,2004-03,,INDUSTRY,1,0,0
NCT05545020,PHASE2|PHASE3,60,ACTUAL,2022-12-25,2024-01-13,OTHER,1,1,1
NCT00781820,PHASE3,693,ACTUAL,2008-10,2010-01,INDUSTRY,1,51,3
NCT00301782,PHASE2,88,ESTIMATED,2005-06,,OTHER_GOV,3,20,1
NCT00793624,PHASE3,906,ACTUAL,2009-02,2010-12,INDUSTRY,1,93,20
NCT02332824,PHASE2,415,ACTUAL,2014-10-16,2016-08-18,INDUSTRY,1,68,1
NCT01109823,PHASE3,14,ACTUAL,2010-05-19,2013-12-01,OTHER,1,2,1
NCT06679959,PHASE1|PHASE2,115,ACTUAL,2024-09-16,2026-03-26,INDUSTRY,1,1,1
NCT01040780,PHASE3,399,ACTUAL,2009-02,2010-03,INDUSTRY,1,27,1
NCT00918580,PHASE3,158,ACTUAL,2009-11,2013-03,INDUSTRY,1,19,7
NCT00615823,PHASE2,220,ACTUAL,2007-02,2010-03,OTHER,1,1,1
NCT06220123,PHASE2,225,ACTUAL,2024-02-16,2024-12-31,INDUSTRY,1,1,1
NCT00043823,PHASE1|PHASE2,41,ACTUAL,2002-08-01,2006-05-15,OTHER,1,2,1
NCT00621296,PHASE2,15,ACTUAL,2008-01,2009-02,INDUSTRY,1,1,1
NCT06108596,PHASE2,33,ACTUAL,2023-10-21,2024-12-31,OTHER,1,1,1
NCT00656396,PHASE3,228,ACTUAL,2008-05,2011-09,OTHER,1,1,1
NCT00276796,PHASE2,66,ESTIMATED,,2007-01,NETWORK,1,0,0
NCT06871046,PHASE3,221,ACTUAL,2025-02-20,2025-09-22,INDUSTRY,1,5,1
NCT02106546,PHASE3,970,ACTUAL,2014-04-10,2017-01-03,INDUSTRY,1,225,38
NCT00729846,PHASE2,22,ACTUAL,2006-05,2008-08,OTHER,3,2,1
NCT00006388,PHASE2,77,ACTUAL,2000-12,2003-10,NETWORK,1,257,2
NCT00751803,PHASE2,416,ACTUAL,2008-08,2009-05,INDUSTRY,1,52,9
NCT00194103,PHASE3,252,ACTUAL,2004-05,2009-08,OTHER,1,1,1
NCT01120730,PHASE3,28,ACTUAL,1997-04,1998-09,OTHER,2,1,1
NCT00483730,PHASE3,569,ACTUAL,2006-12,2008-05,INDUSTRY,1,1,1
NCT03456830,PHASE3,115,ACTUAL,2018-05-21,2019-09-30,INDUSTRY,1,63,7
NCT01244230,PHASE2|PHASE3,100,ACTUAL,2010-11,2011-07,INDUSTRY,1,13,1
NCT01382030,PHASE2,50,ACTUAL,2005-06,2010-09,OTHER,1,1,1
NCT00184730,PHASE3,86,ACTUAL,2004-11,2006-09,INDUSTRY,2,1,1
NCT04173819,PHASE1|PHASE2,225,ACTUAL,2019-01-25,2023-09-01,NETWORK,1,9,5
NCT04097730,PHASE3,280,ACTUAL,2020-09-24,2024-05-18,OTHER,1,3,2
NCT00030030,PHASE2,,,2000-07,,NIH,1,0,0
NCT00897130,PHASE2,28,ACTUAL,2008-08,2009-12,OTHER,1,7,1
NCT00778830,PHASE1|PHASE2,289,ACTUAL,2009-02,2014-04,INDUSTRY,1,1,1
NCT00499330,PHASE3,701,ACTUAL,2007-10-12,2025-09-30,OTHER,1,386,3
NCT03544567,PHASE2,48,ACTUAL,2018-12-21,2023-05-12,INDUSTRY,1,10,4
NCT00969267,PHASE3,90,ACTUAL,2009-08,2010-05,OTHER_GOV,1,1,1
NCT01949467,PHASE2,62,ACTUAL,2014-02-10,2017-12-19,OTHER,4,4,1
NCT03399500,PHASE3,403,ACTUAL,2018-04-27,2023-11-14,OTHER,4,2,1
NCT00876707,PHASE1|PHASE2,60,ESTIMATED,2009-03,2009-11,OTHER,2,1,1
NCT01005407,PHASE3,2452,ACTUAL,2010-02,2011-01,INDUSTRY,1,32,2
NCT01278407,PHASE3,142,ACTUAL,2011-02,2013-03,INDUSTRY,1,56,1
NCT00006507,PHASE2,,,1999-03,,NIH,1,1,1
NCT00425607,PHASE2,29,ACTUAL,2007-05,2009-10,OTHER,2,1,1
NCT03309007,PHASE3,25,ACTUAL,2017-09-01,2020-08-20,OTHER,2,1,1
NCT04610892,PHASE2,423,ACTUAL,2020-11-04,2023-11-08,INDUSTRY,1,84,11
NCT01706211,PHASE3,77,ACTUAL,1998-10,2000-04,OTHER,1,1,1
NCT01288911,PHASE2,375,ACTUAL,2011-03-22,2014-10-19,INDUSTRY,1,88,8
NCT00453011,PHASE3,1202,,1992-02,,FED,1,0,0
NCT01735071,PHASE2,71,ACTUAL,2013-07,2018-03-18,OTHER,1,7,1
NCT00331344,PHASE1|PHASE2,100,ACTUAL,2006-04,2010-11,NIH,3,2,1
NCT00467844,PHASE2,159,ACTUAL,2007-05,2008-09,INDUSTRY,1,52,2
NCT01124734,PHASE2,17,ACTUAL,2010-05,2017-07-18,OTHER,1,1,1
NCT01809964,PHASE2,109,ACTUAL,2013-03,2013-06,INDUSTRY,2,7,1
NCT00620464,PHASE3,108,ACTUAL,2005-05,2009-02,INDUSTRY,1,0,0
NCT02099864,PHASE2,36,ACTUAL,2014-02-05,2019-10-01,OTHER,7,2,1
NCT00247364,PHASE2,20,,2003-11,,OTHER,1,1,1
NCT02650609,PHASE3,202,ACTUAL,2016-06-24,2019-03-20,OTHER,1,17,1
NCT05270798,PHASE2,108,ACTUAL,2022-05-01,2023-08-01,OTHER,2,1,1
NCT00032487,PHASE3,1791,ACTUAL,2000-12-01,2008-05-30,FED,1,21,2
NCT00257387,PHASE1|PHASE2,120,,2004-06,,INDUSTRY,1,0,0
NCT02462187,PHASE2,108,ACTUAL,2015-06-12,2016-10,INDUSTRY,2,15,1
NCT02507687,PHASE3,240,ACTUAL,2015-08-27,2021-11-24,INDUSTRY,2,95,12
NCT00038987,PHASE1|PHASE2,330,,2002-05,,NIH,1,4,1
NCT03436693,PHASE3,308,ACTUAL,2018-02-15,2021-01-21,INDUSTRY,1,26,1
NCT03133793,PHASE2,216,ACTUAL,2018-02-05,2021-03-12,OTHER,1,1,1
NCT01472614,PHASE3,54,ACTUAL,2011-09,2013-01,INDUSTRY,1,2,1
NCT03600714,PHASE2,26,ACTUAL,2018-08-01,2020-02-05,NIH,2,1,1
NCT07186114,PHASE3,36,ACTUAL,2023-03-01,2024-12-14,OTHER,1,2,1
NCT03758716,PHASE2,12,ACTUAL,2017-07-03,2019-01-28,INDUSTRY,1,1,1
NCT01344616,PHASE2,482,ACTUAL,2010-08,2013-07,INDUSTRY,3,1,1
NCT01647516,PHASE2,199,ACTUAL,2012-12-26,2015-03-10,INDUSTRY,1,88,15
NCT00152906,PHASE1|PHASE2,140,ESTIMATED,2003-07,2016-07,OTHER,2,1,1
NCT02210195,PHASE2,20,ACTUAL,2014-09-04,2016-12-19,OTHER,4,1,1
NCT00641095,PHASE2|PHASE3,370,ACTUAL,2006-12-07,2011-11-23,OTHER,1,67,2
NCT01179828,PHASE3,150,ACTUAL,2010-07,2015-04,OTHER,1,1,1
NCT01066728,PHASE2|PHASE3,87,ACTUAL,2001-08,2005-09,OTHER,1,2,1
NCT03110328,PHASE2,33,ACTUAL,2018-02-07,2021-12-30,OTHER,1,1,1
NCT04883528,PHASE1|PHASE2,42,ACTUAL,2021-08-06,2023-06-13,OTHER,1,1,1
NCT00343928,PHASE2,21,ACTUAL,2006-06,2008-06,OTHER,1,1,1
NCT00330330,PHASE2,96,,2003-02,,INDUSTRY,1,10,2
NCT03883698,PHASE3,30,ACTUAL,2019-03-15,2020-08-01,OTHER_GOV,2,1,1
NCT01187498,PHASE3,143,ACTUAL,2005-01,2009-10,FED,1,2,1
NCT01646398,PHASE3,764,ACTUAL,2012-06,2012-10,INDUSTRY,2,8,1
NCT01367587,PHASE2,12,ACTUAL,2002-04,2002-07,INDUSTRY,1,1,1
NCT03548987,PHASE3,902,ACTUAL,2018-06-04,2020-02-22,INDUSTRY,2,72,10
NCT00663221,PHASE2,56,ESTIMATED,2008-03,,INDUSTRY,1,1,1
NCT00414921,PHASE2,30,ACTUAL,2003-09,,OTHER,1,3,1
NCT00804414,PHASE3,133,ACTUAL,2008-10,2009-08,INDUSTRY,2,1,1
NCT01583816,PHASE2,218,ACTUAL,2012-05,2013-11,INDUSTRY,1,10,2
NCT01868516,PHASE2,1635,ACTUAL,2013-05,2014-06,INDUSTRY,1,125,1
NCT00373906,PHASE2,16,ESTIMATED,,,OTHER,1,0,0
NCT05487404,PHASE1|PHASE2,26,ACTUAL,2021-11-15,2022-05-29,INDUSTRY,1,1,1
NCT00751504,PHASE3,16,ACTUAL,2008-09,2012-07,OTHER,1,1,1
NCT04381884,PHASE2,45,ACTUAL,2020-05-18,2020-09-29,INDUSTRY,1,3,1
NCT01972984,PHASE2,20,ACTUAL,2012-10,2014-08,OTHER,1,1,1
NCT00333684,PHASE2,36,ACTUAL,2004-12,2006-11,OTHER,2,1,1
NCT00640484,PHASE2,57,ACTUAL,2008-04,2008-10,INDUSTRY,1,15,1
NCT03888755,PHASE3,8,ACTUAL,2015-03-18,2016-02-12,INDUSTRY,1,8,1
NCT00352638,PHASE3,660,ESTIMATED,2005-08,2012-02,OTHER,1,18,1
NCT00561158,PHASE2,398,ACTUAL,1994-06,,NIH,1,0,0
NCT00094055,PHASE2,60,ACTUAL,2004-09,2009-01,INDUSTRY,1,9,1
NCT02941926,PHASE3,3246,ACTUAL,2016-11-30,2019-11-08,INDUSTRY,1,495,38
NCT00529126,PHASE2,100,ACTUAL,2007-09,2007-12,INDUSTRY,1,7,2
NCT02603926,PHASE2,6,ACTUAL,2015-10,2016-12,OTHER,1,1,1
NCT01508026,PHASE3,4161,ACTUAL,2012-01,2013-03,INDUSTRY,2,413,1
NCT02606526,PHASE3,4500,ACTUAL,2016-07,2024-06-21,OTHER,4,1,1
NCT01561378,PHASE2,22,ACTUAL,2012-08,2014-10,OTHER,2,1,1
NCT01519778,PHASE2,200,ACTUAL,2012-02-15,2012-08-27,INDUSTRY,3,10,1
NCT00413985,PHASE2,40,,2004-01,2007-11,OTHER,1,9,1
NCT04453085,PHASE1|PHASE2,14,ACTUAL,2021-10-28,2025-05-02,INDUSTRY,1,6,3
NCT02584985,PHASE3,226,ACTUAL,2016-01,2025-09-01,OTHER,1,1,1
NCT02987543,PHASE3,387,ACTUAL,2017-02-06,2019-06-04,INDUSTRY,1,204,20
NCT02168543,PHASE2,46,ACTUAL,2009-03,2011-01,OTHER,1,0,0
NCT00631943,PHASE3,112,ACTUAL,2004-11,,INDUSTRY,1,6,1
NCT01580943,PHASE1|PHASE2,50,ACTUAL,2011-10,2011-10,OTHER,1,1,1
NCT00279643,PHASE1|PHASE2,60,,2005-01,,OTHER,1,1,1
NCT00860015,PHASE2,12,ACTUAL,2005-08,2009-08,OTHER,1,1,1
NCT01003015,PHASE2,36,ACTUAL,2009-09,2010-11,INDUSTRY,1,13,4
NCT02664415,PHASE2,23,ACTUAL,2016-08,2017-08-04,NIH,1,1,1
NCT05367687,PHASE2,251,ACTUAL,2022-09-01,2024-11-15,INDUSTRY,1,1,1
NCT01466387,PHASE3,552,ACTUAL,2011-11,2012-04,INDUSTRY,6,5,2
NCT05189093,PHASE1|PHASE2,48,ACTUAL,2021-12-31,2025-06-25,INDUSTRY,1,1,1
NCT00358293,PHASE1|PHASE2,20,,2006-12,,INDUSTRY,1,1,1
NCT02317393,PHASE2,16,ACTUAL,2014-12,2020-03,OTHER,2,5,1
NCT01120093,PHASE2,79,ACTUAL,2010-05,2010-08,INDUSTRY,1,11,2
NCT02254993,PHASE2,52,ACTUAL,2014-10,2015-06,INDUSTRY,1,2,1
NCT03857321,PHASE2,20,ACTUAL,2019-04-12,2019-09-27,OTHER,2,1,1
NCT00135421,PHASE1|PHASE2,271,ACTUAL,2005-11,2007-10,INDUSTRY,1,45,1
NCT01425814,PHASE2,87,ACTUAL,2011-08,2012-03,INDUSTRY,1,8,1
NCT00256516,PHASE2,30,,2005-04,,OTHER,2,1,1
NCT03873116,PHASE3,19,ACTUAL,2018-12-27,2021-07-08,INDUSTRY,1,10,1
NCT00723606,PHASE3,376,ACTUAL,2008-09,2009-07,INDUSTRY,1,9,1
NCT02559206,PHASE2,759,ACTUAL,2015-10-22,2016-09-30,INDUSTRY,1,71,1
NCT04495504,PHASE2,32,ACTUAL,2020-07-22,2021-01-12,OTHER,2,1,1
NCT01512004,PHASE3,324,ACTUAL,2010-01,2010-01,INDUSTRY,1,1,1
NCT01696084,PHASE3,309,ACTUAL,2012-12-13,2015-12-31,INDUSTRY,1,43,2
NCT00425984,PHASE3,5000,,2002-08,,NIH,4,1,1
NCT03527355,PHASE2,285,ACTUAL,2018-04-18,2018-07-28,OTHER,1,1,1
NCT01375348,PHASE3,23,ACTUAL,2011-06,2012-02,OTHER,1,1,1
NCT00686855,PHASE2,46,ACTUAL,2008-08,2012-12,OTHER,1,5,1
NCT00635648,PHASE3,63,ACTUAL,2008-01,2011-05,INDUSTRY,1,0,0
NCT02273726,PHASE3,741,ACTUAL,2015-01-15,2018-09-19,INDUSTRY,1,76,2
NCT04219826,PHASE2,96,ACTUAL,2020-01-10,2023-02-28,INDUSTRY,1,22,4
NCT02531126,PHASE3,877,ACTUAL,2015-12-02,2024-12-19,INDUSTRY,1,41,20
NCT05275426,PHASE2,14,ACTUAL,2022-03-02,2025-08-11,OTHER,2,1,1
NCT00796926,PHASE3,30,ACTUAL,2009-07,2010-11,OTHER_GOV,2,1,1
NCT00269178,PHASE3,960,,2003-08,,OTHER,1,1,1
NCT02789878,PHASE2,64,ACTUAL,2019-01-24,2022-04-30,OTHER,1,1,1
NCT01819285,PHASE3,985,ACTUAL,1990-02,2004-07,NETWORK,1,0,0
NCT00906685,PHASE3,60,ACTUAL,2009-05,2011-03,OTHER,1,1,1
NCT00957385,PHASE2,24,ACTUAL,2008-06,2015-04,OTHER,1,1,1
NCT01067443,PHASE2,151,ACTUAL,2010-03,2011-06,OTHER,1,3,2
NCT02234115,PHASE3,137,ACTUAL,2014-08,2016-08-30,INDUSTRY,1,29,8
NCT03387215,PHASE1|PHASE2,36,ACTUAL,2018-07-10,2020-03-16,INDUSTRY,1,2,1
NCT02555215,PHASE3,20,ACTUAL,2016-02-22,2018-09-24,INDUSTRY,1,12,10
NCT00763815,PHASE3,484,ACTUAL,2008-09,2011-06,INDUSTRY,1,150,13
NCT02304458,PHASE1|PHASE2,140,ACTUAL,2015-03-30,2021-09-30,NIH,23,25,2
NCT02105948,PHASE3,837,ACTUAL,2014-04-15,2017-01-17,INDUSTRY,1,116,16
NCT04452448,PHASE2|PHASE3,10,ACTUAL,2018-01-10,2020-05-30,OTHER,1,1,1
NCT01410955,PHASE3,46,ACTUAL,2011-12,2013-12,INDUSTRY,1,6,1
NCT02017626,PHASE1|PHASE2,15,ACTUAL,2013-08,2014-10,OTHER,1,1,1
NCT00595426,PHASE2,685,ACTUAL,2008-05,2009-05,INDUSTRY,1,54,2
NCT00016926,PHASE2,,,2001-04,2007-07,NETWORK,1,10,2
NCT03216226,PHASE3,112,ACTUAL,2017-06-28,2018-02-13,INDUSTRY,2,7,4
NCT01950026,PHASE3,24,ACTUAL,2013-01,2013-01,OTHER,1,1,1
NCT00396578,PHASE2,80,,2003-08,,OTHER,3,1,1
NCT00239278,PHASE2,120,,2001-01,,INDUSTRY,1,1,1
NCT03659578,PHASE2,69,ACTUAL,2018-08-09,2021-09-30,OTHER,1,1,1
NCT00211978,PHASE3,110,ACTUAL,2005-05,2006-06,INDUSTRY,2,1,1
NCT05665985,PHASE1|PHASE2,30,ACTUAL,2020-05-01,2020-07-30,OTHER,1,1,1
NCT00003185,PHASE2,40,ESTIMATED,1997-08,,OTHER,1,1,1
NCT00799643,PHASE2|PHASE3,638,ACTUAL,2008-11,2012-09,OTHER,1,21,1
NCT01583543,PHASE2,12,ACTUAL,2012-05,2014-01,OTHER,1,3,1
NCT01614015,PHASE2,328,ACTUAL,2010-09,2016-06,OTHER,3,1,1
NCT01623115,PHASE3,486,ACTUAL,2012-07,2014-04,INDUSTRY,1,91,14
NCT01632215,PHASE3,40,ACTUAL,2010-03,2011-08,OTHER,1,0,0
NCT04557215,PHASE1|PHASE2,45,ACTUAL,2020-11-13,2021-08-31,OTHER,1,1,1
NCT00006348,PHASE3,100,ACTUAL,2000-10,2001-09,OTHER,10,12,1
NCT01347255,PHASE2,24,ACTUAL,2011-05,2011-06,INDUSTRY,1,1,1
NCT02037126,PHASE2,40,ACTUAL,2015-05,2024-05,OTHER,1,1,1
NCT02849626,PHASE3,180,ACTUAL,2016-11-16,2019-02-05,INDUSTRY,1,91,12
NCT02956226,PHASE2,150,ACTUAL,2017-01,2018-10,OTHER,1,1,1
NCT02119026,PHASE2,120,ACTUAL,2011-02,2017-08-31,OTHER,1,1,1
NCT00146978,PHASE1|PHASE2,50,,2000-12,,OTHER,1,1,1
NCT01499485,PHASE3,140,ACTUAL,2011-11,2015-02,OTHER,3,8,1
NCT02701985,PHASE2,75,ACTUAL,2016-07-05,2017-07-10,INDUSTRY,1,31,6
NCT00337285,PHASE3,349,ACTUAL,2006-07,2007-11,INDUSTRY,3,45,1
NCT00880685,PHASE2,12,ACTUAL,2009-03,2012-05,OTHER,1,1,1
NCT03903185,PHASE1|PHASE2,24,ACTUAL,2019-03-01,2023-07-01,OTHER,2,2,1
NCT04899843,PHASE2,122,ACTUAL,2021-04-27,2021-11-30,OTHER,1,1,1
NCT01593943,PHASE3,2162,ACTUAL,2012-03,2014-09,OTHER,1,1,1
NCT00390143,PHASE2,46,ACTUAL,2007-02,2009-05,INDUSTRY,1,1,1
NCT00004215,PHASE2,,,1999-08,2000-08,OTHER,4,1,1
NCT02405715,PHASE2,24,ACTUAL,2015-02,2016-08,OTHER,1,1,1
NCT00005815,PHASE1|PHASE2,,,1999-12,2004-08,OTHER,2,1,1
NCT00848315,PHASE2,252,ACTUAL,2004-07,2008-06,OTHER,2,5,1
NCT02877615,PHASE2,585,ACTUAL,2016-12-19,2019-03-10,OTHER,1,121,15
NCT01620515,PHASE2,141,ACTUAL,2012-02-21,2015-10-21,INDUSTRY,1,23,1
NCT01716715,PHASE2,111,ACTUAL,2012-11-06,2015-03-16,NIH,3,173,1
NCT03656484,PHASE2,50,ACTUAL,2019-01-15,2019-12-20,OTHER,1,2,1
NCT01473433,PHASE1|PHASE2,10,ACTUAL,2012-01,2014-11,OTHER,1,1,1
NCT00102752,PHASE1|PHASE2,47,,2004-12,2007-07,INDUSTRY,2,9,2
NCT01669252,PHASE2,163,ACTUAL,2012-08,2015-06,OTHER,1,30,4
NCT03556904,PHASE2,14,ACTUAL,2018-12-10,2023-07-28,OTHER,1,2,1
NCT02036684,PHASE1|PHASE2,86,ACTUAL,2013-11,2016-05-17,OTHER,1,2,1
NCT00522184,PHASE3,34,ACTUAL,2005-02,,OTHER,1,1,1
NCT00001633,PHASE2,20,,1997-09,,NIH,1,1,1
NCT01392833,PHASE3,46,ACTUAL,1999-12,2006-11,OTHER,2,0,0
NCT00319852,PHASE3,442,ACTUAL,2006-04,2008-04,INDUSTRY,4,1,1
NCT00316147,PHASE3,224,,2005-12,,INDUSTRY,6,4,1
NCT03211247,PHASE3,414,ACTUAL,2017-07-31,2019-08-20,INDUSTRY,1,51,8
NCT02467452,PHASE3,1479,ACTUAL,2015-05,2017-01,INDUSTRY,1,1,1
NCT02211352,PHASE2,58,ACTUAL,2012-05,2013-12,OTHER,1,1,1
NCT02515838,PHASE2,147,ACTUAL,2015-07,2019-05,INDUSTRY,1,20,7
NCT00221338,PHASE3,750,ACTUAL,2006-01,2014-01,OTHER,4,1,1
NCT00143455,PHASE3,485,ACTUAL,2002-06,2008-12,INDUSTRY,1,67,13
NCT02528955,PHASE2,200,ACTUAL,2014-10,2022-10,OTHER,1,1,1
NCT00422058,PHASE2,564,ACTUAL,2007-01-10,2007-09-13,INDUSTRY,2,19,8
NCT00235755,PHASE3,539,ACTUAL,2005-12,2008-04,INDUSTRY,1,70,13
NCT02073448,PHASE3,417,ACTUAL,2014-03,2014-10,INDUSTRY,1,13,1
NCT00337155,PHASE2,122,ACTUAL,2006-05,2008-12,INDUSTRY,2,1,1
NCT02684578,PHASE2,66,ACTUAL,2016-04,2022-04,OTHER,4,12,1
NCT01770678,PHASE2,62,ACTUAL,2010-08,2012-04,OTHER,1,0,0
NCT00288743,PHASE2,30,,2002-09,,OTHER,1,1,1
NCT00140543,PHASE3,228,,2002-02,,OTHER,2,14,7
NCT03762343,PHASE3,40,ACTUAL,2019-01-01,2020-12-01,OTHER,1,1,1
NCT05846243,PHASE2|PHASE3,334,ACTUAL,2021-10-01,2021-12-31,OTHER_GOV,4,2,1
NCT00033943,PHASE2|PHASE3,270,,2001-01,,INDUSTRY,1,33,1
NCT00494143,PHASE3,7,ACTUAL,2007-07,2009-05,FED,1,1,1
NCT01778348,PHASE2,29,ACTUAL,2013-12,2015-03,OTHER,5,3,1
NCT04608838,PHASE1|PHASE2,79,ACTUAL,2019-01-30,2021-02-15,INDUSTRY,1,1,1
NCT01203358,PHASE2|PHASE3,617,ACTUAL,1991-01,1992-01,NETWORK,5,13,1
NCT01838655,PHASE1|PHASE2,5,ACTUAL,2013-04-16,2016-07-11,NIH,2,1,1
NCT00278538,PHASE2,32,ACTUAL,2005-09-23,2018-12,OTHER,1,2,1
NCT00213148,PHASE2,271,ACTUAL,2005-03-10,2007-12-12,INDUSTRY,1,1,1
NCT02692755,PHASE2|PHASE3,35,ACTUAL,2016-09,2019-12-16,OTHER,1,6,1
NCT01024855,PHASE1|PHASE2,30,ACTUAL,2009-04,2009-06,INDUSTRY,3,1,1
NCT05169255,PHASE3,60,ACTUAL,2012-12-07,2016-04-22,OTHER,1,0,0
NCT04214626,PHASE2,60,ACTUAL,2020-01-05,2023-12-31,OTHER_GOV,1,1,1
NCT01102426,PHASE3,255,ACTUAL,2010-06,2017-11,INDUSTRY,1,82,19
NCT01969578,PHASE2,149,ACTUAL,2015-09-24,2023-08-23,NETWORK,1,26,8
NCT00317278,PHASE1|PHASE2,120,ACTUAL,2005-10,2009-02,NIH,2,1,1
NCT02220985,PHASE2,84,ACTUAL,2015-03-23,2025-04-01,OTHER,23,2,1
NCT01224743,PHASE1|PHASE2,64,ACTUAL,2004-12,2008-03,OTHER,1,1,1
NCT00265655,PHASE2,40,ACTUAL,2005-11,2008-01,INDUSTRY,1,1,1
NCT05704738,PHASE3,532,ACTUAL,2023-04-20,2025-02-27,INDUSTRY,1,246,22
NCT00071058,PHASE2,50,ACTUAL,2003-10,2009-11,NIH,1,1,1
NCT02718326,PHASE3,402,ACTUAL,2016-03-29,2018-08-06,INDUSTRY,1,89,6
NCT05007678,PHASE3,178,ACTUAL,2020-09-16,2022-07-01,OTHER,1,1,1
NCT04773678,PHASE2,322,ACTUAL,2021-05-11,2023-08-05,INDUSTRY,1,76,5
NCT02986178,PHASE2,121,ACTUAL,2017-06-01,2022-09-30,INDUSTRY,1,6,1
NCT04840485,PHASE2|PHASE3,548,ACTUAL,2021-06-09,2023-11-03,INDUSTRY,1,1,1
NCT05721443,PHASE2,28,ACTUAL,2022-12-01,2024-11-01,OTHER,1,1,1
NCT01895543,PHASE3,411,ACTUAL,2013-09,2015-05,INDUSTRY,1,62,10
NCT02654743,PHASE3,21,ACTUAL,2016-01,2016-05,OTHER,1,0,0
NCT00255190,PHASE3,591,ACTUAL,2006-01,2008-06,INDUSTRY,1,181,1
NCT04312997,PHASE2,101,ACTUAL,2020-06-16,2021-07-02,INDUSTRY,1,11,1
NCT01192997,PHASE2|PHASE3,91,ACTUAL,2012-06,2013-10,OTHER_GOV,1,3,1
NCT00189410,PHASE2,140,ACTUAL,2003-06,2005-09,OTHER,5,19,1
NCT03487913,PHASE2,31,ACTUAL,2018-09-14,2019-12-02,INDUSTRY,1,13,1
NCT02128282,PHASE1|PHASE2,127,ACTUAL,2014-06,2020-11-06,INDUSTRY,1,16,3
NCT01554982,PHASE3,168,ACTUAL,2012-08,2014-06,INDUSTRY,5,34,2
NCT01279824,PHASE2|PHASE3,53,ACTUAL,2008-04,2011-01,OTHER,1,1,1
NCT03812224,PHASE3,261,ACTUAL,2019-04-12,2020-03-16,INDUSTRY,1,41,1
NCT02887859,PHASE2,15,ACTUAL,2016-12-20,2020-12,INDUSTRY,1,5,1
NCT00223080,PHASE3,16402,ACTUAL,2003-10,2006-07,FED,1,8,1
NCT00511680,PHASE3,192,ACTUAL,2008-09,2011-06,OTHER,3,1,1
NCT01340079,PHASE1|PHASE2,89,ACTUAL,2011-04,2012-07,OTHER,1,1,1
NCT01987479,PHASE3,150,ACTUAL,2014-01-30,2016-05-26,INDUSTRY,1,20,1
NCT00186888,PHASE3,107,ACTUAL,2005-04-07,2013-11,OTHER,2,1,1
NCT00636961,PHASE2,27,ACTUAL,2008-02,2008-08,INDUSTRY,1,3,1
NCT02586142,PHASE3,30,ACTUAL,2010-08,2013-07,OTHER,1,1,1
NCT02038842,PHASE1|PHASE2,92,ACTUAL,2014-03,2015-10,OTHER_GOV,1,1,1
NCT00086086,PHASE2,150,,2003-08,,INDUSTRY,2,0,0
NCT00231673,PHASE2,72,ACTUAL,2001-07,,INDUSTRY,3,0,0
NCT04707469,PHASE3,1606,ACTUAL,2021-01-15,2023-03-07,INDUSTRY,1,228,15
NCT00201383,PHASE3,161,,1999-10,,OTHER,2,1,1
NCT01593254,PHASE2,262,ACTUAL,2012-09-12,2017-11-08,INDUSTRY,1,101,15
NCT03854305,PHASE2,93,ACTUAL,2018-03-20,2019-08-13,INDUSTRY,1,51,7
NCT00253305,PHASE2,75,,2005-09,,INDUSTRY,1,5,1
NCT00421694,PHASE2|PHASE3,119,,,,OTHER,1,1,1
NCT01007266,PHASE2,10,ACTUAL,2009-10-09,,NIH,4,2,1
NCT02849366,PHASE1|PHASE2,30,ACTUAL,2016-07-01,2017-07-01,OTHER,1,1,1
NCT02079766,PHASE2,41,ACTUAL,2014-06,2015-10,INDUSTRY,1,2,1
NCT01141556,PHASE3,410,ACTUAL,2010-12,2012-07,OTHER,2,3,1
NCT01588756,PHASE1|PHASE2,100,ACTUAL,2010-10,2015-05,OTHER,2,1,1
NCT00773422,PHASE2,30,ACTUAL,2008-01,2016-11,OTHER,1,1,1
NCT02046122,PHASE1|PHASE2,19,ACTUAL,2014-07,2017-06-15,OTHER,2,1,1
NCT01323751,PHASE1|PHASE2,120,ESTIMATED,2011-07,2016-12,INDUSTRY,1,6,1
NCT01054651,PHASE3,212,ACTUAL,2009-10,2009-12,OTHER,1,1,1
NCT02762929,PHASE2,430,ACTUAL,2016-05,2017-02,INDUSTRY,2,5,1
NCT04201431,PHASE1|PHASE2,24,ACTUAL,2020-01-24,2022-07-14,OTHER,1,1,1
NCT00197002,PHASE3,521,ACTUAL,2003-09-11,2006-01-16,INDUSTRY,1,18,1
NCT01344824,PHASE2,38,ACTUAL,2010-03,2016-05-24,OTHER,1,4,1
NCT02996682,PHASE3,102,ACTUAL,2016-12-26,2018-02-13,INDUSTRY,1,33,1
NCT03099382,PHASE3,457,ACTUAL,2017-05-05,2019-05-06,INDUSTRY,1,2,1
NCT06319859,PHASE3,50,ACTUAL,2024-08-03,2025-10-15,OTHER,1,1,1
NCT00403559,PHASE2,113,ACTUAL,2007-05-07,2009-02-20,OTHER,1,1,1
NCT00192179,PHASE2,240,ACTUAL,2003-06,2003-07,INDUSTRY,1,6,3
NCT01035879,PHASE2,100,ACTUAL,2009-12,2010-08,INDUSTRY,1,14,3
NCT00180479,PHASE3,1002,ACTUAL,2005-06,2006-12,INDUSTRY,8,65,1
NCT05737862,PHASE3,60,ACTUAL,2022-04-01,2022-06-30,OTHER,1,1,1
NCT01566162,PHASE3,191,ACTUAL,2012-04,2013-11,INDUSTRY,1,63,7
NCT02243046,PHASE2,162,ACTUAL,2014-12,2015-05,INDUSTRY,1,1,1
NCT01444846,PHASE2,83,ACTUAL,2011-09,2013-12,INDUSTRY,1,1,1
NCT00141388,PHASE3,455,ACTUAL,1998-07,,INDUSTRY,1,56,2
NCT01499303,PHASE2,101,ACTUAL,2011-12,2013-10,INDUSTRY,1,21,2
NCT00199927,PHASE3,217,ACTUAL,2003-03,2007-12,OTHER,3,16,1
NCT01928927,PHASE2,58,ACTUAL,2014-01,2016-03,NETWORK,1,12,2
NCT03381170,PHASE2,48,ACTUAL,2017-06-01,2022-11-11,INDUSTRY,1,8,1
NCT01987570,PHASE3,53,ACTUAL,2012-04,2016-07,OTHER,1,2,1
NCT00003470,PHASE2,27,ACTUAL,1996-03,2008-12,OTHER,1,1,1
NCT00309270,PHASE2,21,,2003-02,,OTHER,1,1,1
NCT00325273,PHASE3,180,ACTUAL,2005-04,2008-04,OTHER,3,1,1
NCT01032941,PHASE1|PHASE2,18,ACTUAL,2009-12,2011-06,OTHER,1,1,1
NCT03583905,PHASE3,154,ACTUAL,2018-04-04,2019-07-17,INDUSTRY,1,16,1
NCT02736305,PHASE2,21,ACTUAL,2016-02-03,2019-11-18,OTHER,1,1,1
NCT00083005,PHASE2,60,ESTIMATED,2004-03,2007-12,NIH,1,2,1
NCT00080366,PHASE2,14,,2004-03,,NIH,1,1,1
NCT03852056,PHASE3,98,ACTUAL,2017-05-25,2017-12-07,INDUSTRY,2,1,1
NCT01289522,PHASE2,54,ACTUAL,2009-09,2014-01,OTHER,2,14,2
NCT00448422,PHASE3,268,ACTUAL,2006-12,2008-08,INDUSTRY,1,1,1
NCT02704429,PHASE2,42,ACTUAL,2016-01-22,2019-12-18,INDUSTRY,1,13,5
NCT01955824,PHASE2|PHASE3,500,ACTUAL,2014-05,2014-11,OTHER,4,1,1
NCT02880982,PHASE3,1743,ACTUAL,2017-03-14,2021-11-17,OTHER,1,1,1
NCT07102459,PHASE2,343,ACTUAL,2025-07-24,2026-01-07,INDUSTRY,2,5,1
NCT01030380,PHASE3,108,ACTUAL,2009-02,2009-05,INDUSTRY,1,1,1
NCT03831880,PHASE3,87,ACTUAL,2019-02-07,2020-08-28,INDUSTRY,1,32,5
NCT02216279,PHASE2,45,ACTUAL,2014-09,2015-09,OTHER,1,3,1
NCT04905979,PHASE2,21,ACTUAL,2021-07-31,2023-01-31,INDUSTRY,2,3,1
NCT04738162,PHASE2,78,ACTUAL,2020-09-25,2025-11-24,OTHER,1,7,2
NCT04208646,PHASE2,106,ACTUAL,2020-05-16,2021-06-30,INDUSTRY,1,7,1
NCT05494788,PHASE2,27,ACTUAL,2023-01-09,2024-06-15,INDUSTRY,1,8,1
NCT00126503,PHASE1|PHASE2,73,ACTUAL,2005-05,2011-10,NIH,6,5,1
NCT01198327,PHASE3,66,ACTUAL,2010-08,2012-12,OTHER,1,6,1
NCT00002561,PHASE3,405,ACTUAL,1994-01-25,2011-08-15,NETWORK,1,22,3
NCT01846442,PHASE3,218,ACTUAL,2007-06,2008-05,INDUSTRY,1,8,2
NCT01815242,PHASE2,336,ESTIMATED,2013-06,2015-03,OTHER,1,1,1
NCT04031742,PHASE2|PHASE3,18,ACTUAL,2019-09-29,2021-12-30,INDUSTRY,1,1,1
NCT04590586,PHASE3,515,ACTUAL,2020-11-24,2021-08-03,INDUSTRY,1,59,8
NCT02631070,PHASE3,229,ACTUAL,2016-02-09,2019-06-18,INDUSTRY,1,74,11
NCT00938470,PHASE2,73,ACTUAL,2010-01,2013-12,OTHER,3,187,1
NCT03534869,PHASE3,60,ACTUAL,2016-11-01,2017-04-30,OTHER,3,1,1
NCT04726969,PHASE3,255,ACTUAL,2021-06-15,2021-09-09,OTHER,3,1,1
NCT00369941,PHASE3,566,ACTUAL,2006-08,2009-05,INDUSTRY,1,0,0
NCT04562441,PHASE2,13,ACTUAL,2021-05-06,2024-10-31,OTHER,1,1,1
NCT06746441,PHASE2,60,ACTUAL,2024-12-01,2025-06-01,OTHER,1,1,1
NCT00476541,PHASE3,250,ESTIMATED,2004-01,2012-01,OTHER,1,2,1
NCT00025441,PHASE2,,,1998-11,,OTHER,3,22,3
NCT03363854,PHASE3,380,ACTUAL,2018-02-22,2019-03-08,INDUSTRY,1,66,8
NCT01462994,PHASE3,25,ACTUAL,2011-11,2015-12,OTHER,1,1,1
NCT00753129,PHASE2,20,ESTIMATED,2008-10,2010-04,OTHER,2,1,1
NCT02596880,PHASE3,100,ACTUAL,2015-09,2016-04,OTHER,2,1,1
NCT00029380,PHASE2,30,ESTIMATED,1999-01,2006-08,NIH,4,15,2
NCT02378480,PHASE3,655,ACTUAL,2015-06,2016-04,INDUSTRY,2,78,14
NCT03202979,PHASE2,142,ACTUAL,2017-05-16,2018-08-09,INDUSTRY,1,20,3
NCT02420379,PHASE2,33,ACTUAL,2015-06-30,2018-12-17,INDUSTRY,1,13,1
NCT02600988,PHASE1|PHASE2,150,ACTUAL,2011-07,2015-04,OTHER,1,7,1
NCT04362761,PHASE3,172,ACTUAL,2020-05-04,2022-12-21,INDUSTRY,1,29,4
NCT00075270,PHASE3,580,ACTUAL,2004-01,2006-10,INDUSTRY,1,177,25
NCT00577070,PHASE2,40,ESTIMATED,2008-01,2009-10,OTHER_GOV,1,1,1
NCT00337870,PHASE2,131,ACTUAL,2006-03,2009-08,OTHER,2,1,1
NCT00006470,PHASE2,,,2001-03,2004-12,NETWORK,1,237,2
NCT03087773,PHASE3,476,ACTUAL,2017-05-11,2022-05-03,OTHER,1,11,1
NCT01001169,PHASE2,60,ACTUAL,2009-10-01,2010-05-17,INDUSTRY,1,1,1
NCT04348383,PHASE2,156,ACTUAL,2020-04-08,2023-02-28,OTHER,1,6,1
NCT01829841,PHASE2,150,ACTUAL,2011-05,2013-04,INDUSTRY,2,1,1
NCT04799041,PHASE1|PHASE2,30,ACTUAL,2019-10-11,2020-03-19,INDUSTRY,2,1,1
NCT02676154,PHASE2,15,ACTUAL,2016-02-25,2019-01-31,OTHER,1,1,1
NCT00684905,PHASE2,50,ESTIMATED,2000-04,2005-10,OTHER,1,1,1
NCT00368966,PHASE3,619,ACTUAL,2006-10,2008-07,INDUSTRY,1,41,1
NCT00787566,PHASE2,68,ACTUAL,2008-10,2009-04,INDUSTRY,1,1,1
NCT01754766,PHASE2,90,ACTUAL,2012-10,2013-01,INDUSTRY,1,1,1
NCT00885456,PHASE2,187,ACTUAL,2011-10-30,2017-06-30,OTHER,2,2,1
NCT00473122,PHASE2,200,ACTUAL,2005-04,2015-08,OTHER,1,1,1
NCT00152022,PHASE3,412,,2005-04-25,2005-11-04,INDUSTRY,1,0,0
NCT00384722,PHASE2|PHASE3,70,ACTUAL,2006-03,2006-07,INDUSTRY,1,1,1
NCT00556322,PHASE3,424,ACTUAL,2006-03,2012-06,INDUSTRY,1,123,27
NCT00331851,PHASE3,584,ACTUAL,2006-05,2007-04,INDUSTRY,2,116,18
NCT00275002,PHASE2,41,ACTUAL,2006-02,2010-12-01,NIH,1,11,1
NCT00975702,PHASE3,85,ACTUAL,2009-04,2010-12,OTHER,3,1,1
NCT00571402,PHASE1|PHASE2,58,ACTUAL,2001-07,2005-09,OTHER,1,2,1
NCT00457353,PHASE3,264,ACTUAL,2007-03,2007-12,INDUSTRY,1,1,1
NCT02334553,PHASE2,12,ACTUAL,2015-02-06,2015-11-25,INDUSTRY,1,1,1
NCT00640588,PHASE3,30,ACTUAL,2008-03,2009-12,INDUSTRY,1,1,1
NCT00782288,PHASE2,24,ACTUAL,2010-08,2016-08,OTHER,1,1,1
NCT01696461,PHASE2,127,ACTUAL,2013-05,2016-08,NETWORK,8,12,1
NCT01712061,PHASE2,226,ACTUAL,2012-12,2014-09,INDUSTRY,1,142,14
NCT02040142,PHASE2,51,ACTUAL,2011-11,2022-10-13,OTHER,6,1,1
NCT00598442,PHASE3,493,ACTUAL,2007-11,2009-07,INDUSTRY,3,64,10
NCT02706886,PHASE1|PHASE2,52,ACTUAL,2016-03-08,2019-01-23,INDUSTRY,1,9,5
NCT01650441,PHASE2,31,ACTUAL,2012-04,2013-06,OTHER,1,1,1
NCT06436183,PHASE2,62,ACTUAL,2024-05-01,2025-03-26,INDUSTRY,7,35,2
NCT02163954,PHASE3,16,ACTUAL,2013-01,2013-08,OTHER,1,1,1
NCT01622205,PHASE2,140,ACTUAL,2011-05,2017-12-31,OTHER,1,1,1
NCT04941105,PHASE3,60,ACTUAL,2021-06-01,2022-05-17,OTHER,1,1,1
NCT04118166,PHASE2,30,ACTUAL,2019-10-01,2022-01-31,OTHER,1,1,1
NCT00264966,PHASE1|PHASE2,15,,2005-12,,INDUSTRY,1,3,1
NCT00527566,PHASE1|PHASE2,10,ACTUAL,2007-09,2009-08,OTHER,1,1,1
NCT00839956,PHASE2,31,ACTUAL,2009-02,2012-08,OTHER,3,1,1
NCT00608322,PHASE3,49,ACTUAL,2009-08,2013-04,NIH,1,1,1
NCT03533751,PHASE2,302,ACTUAL,2018-06-19,2019-12-03,INDUSTRY,1,81,6
NCT02729051,PHASE3,1055,ACTUAL,2016-06-29,2017-05-23,INDUSTRY,1,127,12
NCT04503629,PHASE2,150,ACTUAL,2018-10-09,2019-05-17,INDUSTRY,1,1,1
NCT00116129,PHASE2,64,ACTUAL,2005-07,2008-01,INDIV,1,1,1
NCT04434131,PHASE2,12,ACTUAL,2020-04-28,2020-07-31,OTHER,1,1,1
NCT01891331,PHASE2,55,ACTUAL,2013-08,2014-12,INDUSTRY,1,8,1
NCT05638802,PHASE1|PHASE2,26,ACTUAL,2023-06-07,2025-04-01,INDUSTRY,1,20,4
NCT01103102,PHASE2,97,ACTUAL,2010-04,2012-01,INDUSTRY,1,1,1
NCT01045837,PHASE2|PHASE3,33,ACTUAL,2009-04,2010-04,OTHER,1,1,1
NCT05545137,PHASE3,299,ACTUAL,2022-09-29,2024-02-05,OTHER,1,10,1
NCT04434937,PHASE2,42,ACTUAL,2020-09-30,2023-02-16,INDUSTRY,1,30,1
NCT03319745,PHASE2,23,ACTUAL,2018-01-11,2023-05-01,OTHER,5,1,1
NCT04210245,PHASE2,160,ACTUAL,2020-03-23,2023-01-04,INDUSTRY,2,49,9
NCT00000145,PHASE3,4757,ACTUAL,1990-09,2001-10,NIH,3,0,0
NCT00020345,PHASE2,,,2000-09,,NIH,3,2,1
NCT05033145,PHASE3,312,ACTUAL,2022-01-15,2022-07-27,OTHER,1,7,1
NCT02232737,PHASE1|PHASE2,775,ACTUAL,2016-10-07,2019-01-14,OTHER,1,2,1
NCT00035490,PHASE3,633,ACTUAL,2001-09,2004-04,INDUSTRY,1,142,9
NCT00062010,PHASE2,37,ACTUAL,2004-05-26,2011-05,NETWORK,1,73,1
NCT02857920,PHASE1|PHASE2,45,ACTUAL,2016-08-01,2017-08-01,OTHER,1,1,1
NCT00100620,PHASE3,802,,2004-06,2007-04,INDUSTRY,1,6,1
NCT02282020,PHASE3,266,ACTUAL,2015-02-06,2018-10-10,INDUSTRY,1,94,13
NCT00716924,PHASE3,155,ACTUAL,2004-05,2006-02,INDUSTRY,1,1,1
NCT04316182,PHASE2,24,ACTUAL,2020-07-31,2023-02-22,OTHER,1,6,1
NCT05232682,PHASE2,32,ACTUAL,2022-02-24,2023-08-09,OTHER,1,1,1
NCT00407082,PHASE2|PHASE3,278,ACTUAL,2000-12,2005-09,INDUSTRY,1,1,1
NCT00617682,PHASE1|PHASE2,153,ACTUAL,2000-10,2004-12,NIH,1,2,1
NCT00006023,PHASE2,,,2000-03,2001-06,OTHER,1,2,1
NCT01654523,PHASE2,33,ACTUAL,2005-01,2014-06,OTHER,1,1,1
NCT01403779,PHASE3,226,ACTUAL,2010-07,2017-02-02,OTHER,2,1,1
NCT04593862,PHASE2,25,ACTUAL,2021-12-09,2024-08-30,OTHER,1,1,1
NCT03780062,PHASE3,720,ACTUAL,2019-01-25,2025-04-28,OTHER,2,4,1
NCT01294488,PHASE2,317,ACTUAL,2007-01,2011-08,FED,1,1,1
NCT03097588,PHASE2,43,ACTUAL,2017-04-27,2020-02-20,OTHER,1,1,1
NCT00448227,PHASE2,18,ACTUAL,2007-10,2008-11,INDUSTRY,1,6,1
NCT01844661,PHASE1|PHASE2,20,ACTUAL,2013-01,2014-12,OTHER,3,1,1
NCT02140242,PHASE3,721,ACTUAL,2014-04-16,2022-04-25,OTHER,1,38,2
NCT01478373,PHASE2,39,ACTUAL,2012-01,2014-07,INDUSTRY,1,15,5
NCT00877669,PHASE2,313,ACTUAL,2008-10,2016-07,OTHER,2,1,1
NCT02458469,PHASE2,15,ACTUAL,2015-05-14,2019-04-12,FED,2,1,1
NCT00131794,PHASE3,1200,,2003-01,,OTHER,1,1,1
NCT02189694,PHASE2,33,ACTUAL,2014-06,2014-08,OTHER,1,1,1
NCT05852366,PHASE3,75,ACTUAL,2023-05-15,2023-07-15,OTHER,2,1,1
NCT01121666,PHASE3,460,ACTUAL,2010-06,2011-12,INDUSTRY,1,16,6
NCT03197766,PHASE3,121,ACTUAL,2016-12-12,2019-10-30,INDUSTRY,1,24,7
NCT01590966,PHASE3,41,ACTUAL,2012-10-18,2019-03-26,OTHER,2,1,1
NCT01323790,PHASE3,700,ACTUAL,2011-03,2012-09,INDUSTRY,1,120,8
NCT01270997,PHASE3,294,ACTUAL,2010-12,2012-05,INDUSTRY,1,1,1
NCT02973997,PHASE2,57,ACTUAL,2018-02-07,2022-08-15,OTHER,26,7,1
NCT00088010,PHASE3,9369,ACTUAL,2004-06,2009-06,INDUSTRY,1,1,1
NCT04362813,PHASE3,454,ACTUAL,2020-04-30,2020-09-16,INDUSTRY,1,39,6
NCT02998320,PHASE3,101,ACTUAL,2017-03-10,2018-06-30,NETWORK,1,16,1
NCT00259220,PHASE3,270,ACTUAL,2005-12,2008-08,OTHER,1,1,1
NCT03345420,PHASE2,102,ACTUAL,2017-12-12,2022-08-30,OTHER,9,1,1
NCT01581320,PHASE3,201,ACTUAL,2011-12,2012-09,INDUSTRY,1,1,1
NCT00777920,PHASE3,140,ACTUAL,2008-11-17,2019-09-11,INDUSTRY,1,46,9
NCT00477282,PHASE3,509,ACTUAL,2007-08,2013-06,INDUSTRY,1,48,5
NCT04908124,PHASE3,183,ACTUAL,2021-03-01,2021-06-29,INDUSTRY,2,1,1
NCT01141023,PHASE2,952,ACTUAL,2010-06,2020-06-30,OTHER,1,34,11
NCT07292259,PHASE2,100,ACTUAL,2024-01-01,2025-12-30,OTHER,1,9,1
NCT00330759,PHASE3,1779,ACTUAL,2006-06-01,2009-04-01,INDUSTRY,1,0,0
NCT02273180,PHASE3,507,ACTUAL,2014-10,2015-12,INDUSTRY,1,89,8
NCT03047980,PHASE2|PHASE3,10,ACTUAL,2017-01,2019-06-04,OTHER,1,2,1
NCT00063479,PHASE2,158,,2003-06,2007-05,INDUSTRY,1,10,1
NCT01007279,PHASE3,160,ESTIMATED,2010-03,2010-09,OTHER,1,1,1
NCT01397396,PHASE3,208,ACTUAL,2012-02,2016-12,OTHER,2,1,1
NCT00705562,PHASE2,190,ACTUAL,2008-06,2008-10,INDUSTRY,1,15,1
NCT03646162,PHASE2,93,ACTUAL,2018-09-14,2020-04-30,INDUSTRY,1,24,1
NCT02038946,PHASE2,116,ACTUAL,2014-03-26,2017-05-17,INDUSTRY,1,45,12
NCT00082303,PHASE1|PHASE2,60,,2002-07,,NIH,2,1,1
NCT05132127,PHASE3,7,ACTUAL,2021-11-11,2022-11-15,INDUSTRY,1,5,1
NCT05266586,PHASE2,119,ACTUAL,2022-03-09,2022-08-12,INDUSTRY,3,16,1
NCT01243086,PHASE2,10,ACTUAL,2011-03,2015-05,OTHER,1,1,1
NCT01408173,PHASE3,24,ACTUAL,2011-08,2012-10,INDUSTRY,1,3,1
NCT00995683,PHASE2|PHASE3,60,ACTUAL,2009-06,2011-05,OTHER,1,1,1
NCT00178841,PHASE2,4,ACTUAL,2005-06,2007-03,OTHER,3,1,1
NCT03755141,PHASE2,109,ACTUAL,2018-12-15,2021-08-24,OTHER_GOV,2,1,1
NCT00035594,PHASE3,928,,2002-02,2004-02,INDUSTRY,1,0,0
NCT00807066,PHASE3,1,ACTUAL,2008-11,2009-11,OTHER,1,1,1
NCT00252005,PHASE2,520,,2005-11,2007-02,INDUSTRY,1,72,11
NCT00186394,PHASE2,35,ESTIMATED,2000-04,2006-12,OTHER,3,1,1
NCT02086994,PHASE3,60,ACTUAL,2013-03,2015-08,OTHER,1,1,1
NCT01680094,PHASE1|PHASE2,15,ACTUAL,2012-09,2013-09,OTHER,1,1,1
NCT02749994,PHASE3,396,ACTUAL,2016-04,2017-02,INDUSTRY,1,1,1
NCT00036556,PHASE3,941,ACTUAL,2001-06,,INDUSTRY,1,234,17
NCT00773279,PHASE3,242,ACTUAL,2008-09,2009-06,INDUSTRY,4,65,1
NCT00009646,PHASE3,1202,ACTUAL,1993-11,1999-03,NETWORK,3,9,1
NCT00727246,PHASE2,19,ACTUAL,2009-03,2013-05,OTHER,1,1,1
NCT00504946,PHASE3,85,ACTUAL,2005-09,2007-03,OTHER,1,1,1
NCT02981303,PHASE2,64,ACTUAL,2017-02-22,2020-12-31,INDUSTRY,2,10,1
NCT02394561,PHASE3,434,ACTUAL,2015-04-10,2017-06-08,INDUSTRY,1,45,1
NCT02958761,PHASE2,58,ACTUAL,2010-08,2014-01,OTHER,1,0,0
NCT05173142,PHASE1|PHASE2,190,ACTUAL,2022-01-22,2025-07-17,INDUSTRY,1,1,1
NCT01882842,PHASE2|PHASE3,160,ESTIMATED,2013-02,2015-06,OTHER,1,1,1
NCT03196973,PHASE3,493,ACTUAL,2017-07-22,2018-08-31,INDUSTRY,1,1,1
NCT01016483,PHASE1|PHASE2,141,ACTUAL,2009-11-30,2013-12-31,INDUSTRY,1,2,2
NCT04561466,PHASE2|PHASE3,14,ACTUAL,2019-03-26,2022-12-09,OTHER,2,1,1
NCT00824356,PHASE2,54,ACTUAL,2008-06,2008-08,INDUSTRY,1,1,1
NCT00002656,PHASE2,20,ACTUAL,1995-10,2001-12,OTHER,1,1,1
NCT00282256,PHASE2,19,ACTUAL,2004-01,2008-10,INDUSTRY,1,5,1
NCT00301756,PHASE2,32,ACTUAL,2006-09,2009-08,NIH,8,4,1
NCT00725556,PHASE1|PHASE2,11,ACTUAL,2006-03,2007-03,OTHER,2,1,1
NCT03761056,PHASE2,42,ACTUAL,2019-01-29,2023-10-12,INDUSTRY,1,7,3
NCT00525356,PHASE3,136,ACTUAL,2002-02,,INDUSTRY,1,1,1
NCT00048451,PHASE3,68,,2002-02,,INDUSTRY,1,19,2
NCT01481051,PHASE2,57,ACTUAL,2011-11,2012-09,INDUSTRY,2,6,1
NCT01217229,PHASE2,20,ACTUAL,2011-03-03,2012-04-26,INDUSTRY,1,6,1
NCT04993729,PHASE3,853,ACTUAL,2021-07-21,2023-05-26,INDUSTRY,1,3,2
NCT05421429,PHASE2,24,ACTUAL,2022-07-07,2024-01-17,INDUSTRY,1,2,1
NCT00005031,PHASE2,,,2000-08,2004-10,NETWORK,1,40,2
NCT07335237,PHASE2,70,ACTUAL,2022-09-01,2025-03-28,OTHER,6,1,1
NCT01529229,PHASE3,210,ACTUAL,2013-11,2014-10,INDUSTRY,1,0,0
NCT02556229,PHASE2,20,ACTUAL,2016-06,2019-09,OTHER,1,1,1
NCT01114529,PHASE3,828,ACTUAL,2010-08-09,2014-10-30,INDUSTRY,1,77,21
NCT02328495,PHASE2,76,ACTUAL,2015-01,2016-03,OTHER,1,1,1
NCT02450877,PHASE2,7,ACTUAL,2015-08-12,2018-10-10,INDUSTRY,1,8,3
NCT00366977,PHASE3,4614,ACTUAL,2000-06,2005-01,OTHER,3,3,1
NCT00400959,PHASE1|PHASE2,15,,2004-06,,OTHER,1,1,1
NCT01461980,PHASE2,2648,ACTUAL,2011-09-28,2014-05-08,INDUSTRY,2,117,1
NCT01472588,PHASE2,277,ACTUAL,2007-09,2014-01,OTHER,1,1,1
NCT04107103,PHASE2,6,ACTUAL,2020-03-19,2023-04-14,OTHER,1,1,1
NCT00001261,PHASE2,120,,1990-05,,NIH,3,1,1
NCT02921061,PHASE1|PHASE2,28,ACTUAL,2016-11-17,2018-10-24,OTHER,7,1,1
NCT00780442,PHASE2,27,ACTUAL,2006-09,2008-07,OTHER,1,1,1
NCT04343573,PHASE2,102,ACTUAL,2020-04-10,2026-02-25,OTHER,1,7,1
NCT00078273,PHASE2,225,ACTUAL,2003-07,2003-07,OTHER,3,1,1
NCT04476069,PHASE3,56,ACTUAL,2019-01-10,2019-03-28,OTHER,1,1,1
NCT03738241,PHASE2,304,ACTUAL,2018-12-18,2020-06-19,NIH,2,9,1
NCT00042341,PHASE2,60,,2002-05,,INDUSTRY,1,14,1
NCT05885854,PHASE2,51,ACTUAL,2021-12-15,2023-03-04,INDUSTRY,1,1,1
NCT00483054,PHASE3,142,ACTUAL,2007-01,2008-12,OTHER_GOV,2,1,1
NCT06979505,PHASE2,131,ACTUAL,2025-06-30,2026-01-28,INDUSTRY,1,20,2
NCT00525005,PHASE2,44,ACTUAL,2007-08,2010-06,OTHER,1,2,1
NCT03012594,PHASE2,12,ACTUAL,2017-05-11,2018-10-21,OTHER,2,2,1
NCT00536094,PHASE3,40,ACTUAL,2006-10,2009-12,OTHER,1,1,1
NCT02405156,PHASE2|PHASE3,400,ACTUAL,2015-03,2016-12,OTHER,1,1,1
NCT00812422,PHASE3,260,ACTUAL,2008-02,2009-05,OTHER,2,4,1
NCT00002737,PHASE3,320,ACTUAL,1996-03,2001-01,NETWORK,1,27,9
NCT01405937,PHASE3,51,ACTUAL,2011-08-29,2013-02-26,INDUSTRY,1,0,0
NCT02046837,PHASE2,59,ACTUAL,2013-11,2018-01,OTHER,1,2,1
NCT02503345,PHASE2,32,ACTUAL,2015-07,2016-08,INDUSTRY,5,16,1
NCT00441259,PHASE2,96,ACTUAL,2007-01,2011-02,INDUSTRY,1,3,1
NCT00606580,PHASE3,375,ACTUAL,2008-01,2011-07,FED,1,1,1
NCT02278562,PHASE2,33,ACTUAL,2014-10-22,2017-03-01,FED,1,1,1
NCT00004046,PHASE2,,,1999-06,2002-04,INDUSTRY,1,1,1
NCT05114746,PHASE2,94,ACTUAL,2022-01-25,2023-12-08,INDUSTRY,1,8,1
NCT02428088,PHASE2|PHASE3,330,ACTUAL,2015-04,2016-07,INDUSTRY,1,43,1
NCT00541346,PHASE3,16,ACTUAL,2007-09,2009-05,OTHER,2,1,1
NCT00526188,PHASE3,234,ACTUAL,2007-08,2008-08,INDUSTRY,1,6,1
NCT00952588,PHASE2|PHASE3,74,ACTUAL,2009-07,2011-06,INDUSTRY,1,45,9
NCT02489461,PHASE2|PHASE3,150,ACTUAL,2014-08-05,2016-04-05,INDUSTRY,1,13,1
NCT04534842,PHASE2,20,ACTUAL,2020-08-25,2022-10-07,INDUSTRY,1,11,1
NCT00567086,PHASE2,306,ACTUAL,2006-10,,INDUSTRY,1,1,1
NCT00456586,PHASE2,180,,2002-04,2003-05,INDUSTRY,1,1,1
NCT00513786,PHASE2,38,ACTUAL,2007-08-01,2017-01-03,OTHER,1,1,1
NCT04169373,PHASE3,734,ACTUAL,2019-11-26,2021-09-02,INDUSTRY,1,212,25
NCT02154269,PHASE2,70,ACTUAL,2015-09,2019-10,OTHER,1,1,1
NCT06714669,PHASE3,88,ACTUAL,2024-06-20,2024-10-20,OTHER,1,1,1
NCT02052141,PHASE3,12,ACTUAL,2014-03-20,2017-05-04,INDUSTRY,1,8,5
NCT03731741,PHASE2,57,ACTUAL,2017-11-01,2018-05-03,OTHER,1,1,1
NCT00070941,PHASE2|PHASE3,29,ACTUAL,2003-07,2010-06,OTHER,2,1,1
NCT00961194,PHASE2,22,ACTUAL,2009-03,2013-09,OTHER,1,1,1
NCT00623766,PHASE2,99,ACTUAL,2008-07,2009-09,INDUSTRY,1,14,1
NCT00307866,PHASE3,218,ACTUAL,2001-04,,INDUSTRY,1,19,1
NCT04294251,PHASE3,180,ACTUAL,2020-03-04,2021-01-07,INDUSTRY,1,1,1
NCT01747629,PHASE3,160,ACTUAL,2012-12,2013-10,INDUSTRY,1,35,1
NCT05832931,PHASE3,362,ACTUAL,2023-04-28,2025-07-28,INDUSTRY,2,68,6
NCT01061502,PHASE1|PHASE2,17,ACTUAL,2009-09,2010-11,INDUSTRY,2,1,1
NCT06478602,PHASE3,19,ACTUAL,2024-08-05,2024-12-30,OTHER,1,1,1
NCT00246337,PHASE2,420,ACTUAL,2005-11,2006-05,INDUSTRY,1,0,0
NCT02976129,PHASE2,125,ACTUAL,2016-12,2019-03-08,INDUSTRY,1,94,13
NCT06406153,PHASE3,12,ACTUAL,2022-09-10,2023-08-12,INDUSTRY,1,4,1
NCT00871572,PHASE2,87,ACTUAL,2009-03,2010-02,INDUSTRY,1,19,3
NCT04622345,PHASE2,47,ACTUAL,2020-11-21,2021-05-22,INDUSTRY,1,1,1
NCT00674739,PHASE3,470,ACTUAL,2008-05,2009-07,INDUSTRY,1,30,1
NCT00645177,PHASE2,10,ACTUAL,2008-07,2009-12,INDUSTRY,1,3,2
NCT01252277,PHASE2,36,ACTUAL,2010-11,2013-04,OTHER,1,1,1
NCT05344157,PHASE1|PHASE2,24,ACTUAL,2022-06-22,2025-06-18,INDUSTRY,1,2,1
NCT01724801,PHASE3,176,ACTUAL,2012-10-14,2015-06-30,OTHER,2,2,1
NCT00934128,PHASE2,30,ACTUAL,2009-08,2012-11,OTHER,1,1,1
NCT01696565,PHASE1|PHASE2,32,ACTUAL,2001-12,2003-10,INDUSTRY,2,1,1
NCT03244800,PHASE2,65,ACTUAL,2017-09-04,2018-01-23,INDUSTRY,1,5,1
NCT03721107,PHASE2,366,ACTUAL,2018-10-11,2020-05-13,INDUSTRY,1,34,3
NCT03345992,PHASE3,110,ACTUAL,2017-12-15,2019-09-22,OTHER,7,12,2
NCT00518336,PHASE2,433,ACTUAL,2007-11,2008-07,INDUSTRY,1,5,1
NCT00095511,PHASE3,615,,2004-06,2007-05,INDUSTRY,1,38,1
NCT04901871,PHASE3,120,ACTUAL,2021-05-27,2021-07-20,OTHER,1,1,1
NCT03530371,PHASE3,60,ACTUAL,2019-05-02,2021-11-16,OTHER,1,1,1
NCT05385744,PHASE3,336,ACTUAL,2021-04-05,2022-09-09,INDUSTRY,1,1,1
NCT02943564,PHASE3,658,ACTUAL,2016-11-01,2018-12-12,INDUSTRY,1,66,1
NCT02930109,PHASE1|PHASE2,33,ACTUAL,2016-12-09,2023-10-31,INDUSTRY,1,2,1
NCT00441298,PHASE2,889,ACTUAL,2007-05,2009-12,NETWORK,1,2,1
NCT01927198,PHASE2,172,ACTUAL,2013-08,2014-05,INDUSTRY,1,49,1
NCT00291798,PHASE2,98,,2000-09,,NETWORK,1,11,1
NCT00000398,PHASE2,180,,1996-07,,OTHER,1,2,1
NCT00006398,PHASE3,213,ACTUAL,1993-08,2002-09,NIH,3,5,3
NCT04168398,PHASE1|PHASE2,1536,ACTUAL,2019-07-03,2021-11-01,OTHER,2,1,1
NCT00016263,PHASE3,,,2000-07,,INDUSTRY,1,2,1
NCT02946463,PHASE3,272,ACTUAL,2016-12-12,2023-02-28,INDUSTRY,1,120,26
NCT02015793,PHASE2,30,ACTUAL,2013-12,2015-02,INDUSTRY,1,0,0
NCT04340193,PHASE3,26,ACTUAL,2020-09-14,2023-12-12,INDUSTRY,1,107,19
NCT01531114,PHASE3,50,ACTUAL,2013-05,2015-07,OTHER,1,1,1
NCT02166814,PHASE3,140,ACTUAL,2014-08,2015-09,INDUSTRY,1,26,1
NCT00002714,PHASE2,,,1995-04,,OTHER,1,1,1
NCT00601016,PHASE2,18,ACTUAL,2005-03,2006-09,OTHER,1,1,1
NCT01979016,PHASE2,54,ACTUAL,2013-12-31,2014-12-31,INDUSTRY,1,4,2
NCT01687933,PHASE2|PHASE3,30,ACTUAL,2011-02,2012-07,OTHER,2,0,0
NCT02486133,PHASE3,269,ACTUAL,2015-07,2018-05-31,OTHER,1,1,1
NCT00343733,PHASE3,120,,2006-08,,INDUSTRY,1,21,1
NCT04214652,PHASE3,180,ACTUAL,2020-01-27,2021-03-18,INDUSTRY,1,13,2
NCT00157677,PHASE3,1727,ACTUAL,2004-10,2010-06,OTHER,1,5,1
NCT02591901,PHASE2,48,ACTUAL,2018-04-06,2019-08-02,OTHER,3,2,1
NCT02744612,PHASE2,39,ACTUAL,2016-06-20,2021-03-03,OTHER,2,3,1
NCT00432081,PHASE3,160,,2000-05,,OTHER,1,2,1
NCT01340430,PHASE2,43,ACTUAL,2011-03,2015-12,OTHER,1,6,1
NCT01105130,PHASE2,140,ACTUAL,2010-10-01,2014-02-04,OTHER,3,1,1
NCT01856530,PHASE1|PHASE2,60,ACTUAL,2012-07,2013-08,OTHER,1,1,1
NCT00191607,PHASE3,162,,2002-07,,INDUSTRY,5,1,1
NCT00295711,PHASE3,532,,2004-09,,INDUSTRY,1,0,0
NCT00567671,PHASE2|PHASE3,160,ESTIMATED,2007-12,2010-06,OTHER,2,1,1
NCT01689571,PHASE2,36,ACTUAL,2012-10,2013-04,INDUSTRY,1,3,1
NCT01007344,PHASE3,30,ACTUAL,2009-10,2010-12,OTHER,1,1,1
NCT03106844,PHASE1|PHASE2,50,ACTUAL,2017-08-01,2020-04-07,OTHER,2,1,1
NCT00108134,PHASE2,60,,2005-03,2006-03,INDUSTRY,1,9,1
NCT02440009,PHASE2|PHASE3,191,ACTUAL,2014-05,2017-07,OTHER,1,1,1
NCT01379209,PHASE1|PHASE2,68,ACTUAL,2011-09,2015-06,INDUSTRY,1,6,1
NCT02178098,PHASE2,143,ACTUAL,2014-06-16,2015-05-22,INDUSTRY,2,43,1
NCT01669798,PHASE2,32,ACTUAL,2013-02,2017-09-10,OTHER,3,3,1
NCT00363363,PHASE3,64,ACTUAL,2006-08,2008-06,OTHER,1,1,1
NCT00003187,PHASE2|PHASE3,19,ACTUAL,1995-05,2005-02,OTHER,3,13,1
NCT03726021,PHASE2,47,ACTUAL,2018-01-26,2022-12-31,OTHER,1,1,1
NCT01087216,PHASE2|PHASE3,20,ACTUAL,2010-03,2010-03,OTHER,1,1,1
NCT01655706,PHASE3,211,ACTUAL,2012-04-23,2017-01,OTHER,1,6,1
NCT05646706,PHASE3,1407,ACTUAL,2023-01-04,2024-10-30,INDUSTRY,1,107,12
NCT03679884,PHASE3,804,ACTUAL,2018-10-09,2021-02-22,INDUSTRY,1,106,14
NCT01248884,PHASE2,721,ACTUAL,2010-12-09,2012-01-05,INDUSTRY,6,16,2
NCT00716547,PHASE3,1399,ACTUAL,2008-05,2009-03,INDUSTRY,1,4,4
NCT02008981,PHASE3,75,ACTUAL,2013-12,2014-04,OTHER,1,1,1
NCT02179619,PHASE3,66,ACTUAL,2012-12,2014-01,INDUSTRY,1,2,1
NCT00308581,PHASE3,539,ACTUAL,2006-04,2008-04,INDUSTRY,1,107,14
NCT02978430,PHASE2,260,ACTUAL,2015-04,2017-01,OTHER,1,1,1
NCT00123630,PHASE2,30,ACTUAL,2005-11,2010-01,OTHER,1,1,1
NCT00902928,PHASE2|PHASE3,1992,ACTUAL,2009-04,2010-06,INDUSTRY,2,156,28
NCT01077700,PHASE2,214,ACTUAL,2010-03,2011-07,INDUSTRY,1,24,1
NCT04209400,PHASE3,100,ACTUAL,2014-04-18,2015-04-20,INDUSTRY,1,1,1
NCT04453007,PHASE1|PHASE2,195,ACTUAL,2020-11-30,2022-09-12,OTHER,1,1,1
NCT04937907,PHASE2,50,ACTUAL,2021-09-08,2024-12-31,OTHER,1,1,1
NCT00668707,PHASE3,709,ACTUAL,2007-09,2017-03-09,OTHER,1,8,1
NCT01581892,PHASE1|PHASE2,7,ACTUAL,2011-12,2012-09,OTHER,1,1,1
NCT00234936,PHASE3,200,ACTUAL,2003-12,,INDUSTRY,1,0,0
NCT00088036,PHASE3,450,,2004-02,,INDUSTRY,1,15,5
NCT01420211,PHASE1|PHASE2,45,ACTUAL,2006-10,2010-07,OTHER,5,1,1
NCT01196871,PHASE2,20,ACTUAL,2011-02-02,2012-10-09,INDUSTRY,1,10,5
NCT01517009,PHASE2,50,ESTIMATED,2008-06,2012-11,OTHER,1,5,1
NCT00446264,PHASE2,14,ACTUAL,2003-05,2007-10,OTHER,3,1,1
NCT02463409,PHASE2,6,ACTUAL,2015-06,2016-10,OTHER,2,1,1
NCT04622709,PHASE2,39,ACTUAL,2020-10-07,2021-06-08,OTHER,1,5,1
NCT01174732,PHASE2,26,ACTUAL,2010-07,2010-10,INDUSTRY,2,4,1
NCT07421232,PHASE2,156,ACTUAL,2024-12-03,2025-08-30,INDUSTRY,1,1,1
NCT00112632,PHASE2,40,ESTIMATED,2005-02,,OTHER,1,9,2
NCT05781698,PHASE2,60,ACTUAL,2023-03-20,2024-10-20,OTHER,1,1,1
NCT02934698,PHASE3,2,ACTUAL,2016-11-01,2018-05,OTHER,1,0,0
NCT00068263,PHASE1|PHASE2,,,2003-08,2005-06,NETWORK,1,2,1
NCT04148287,PHASE2,9,ACTUAL,2019-12-13,2020-11-30,INDUSTRY,3,2,1
NCT00914693,PHASE3,1694,ACTUAL,2009-04,2011-09,INDUSTRY,1,66,8
NCT00870493,PHASE3,22,ACTUAL,2009-04,2012-03,OTHER,1,1,1
NCT05712187,PHASE2,301,ACTUAL,2023-01-10,2024-09-05,INDUSTRY,1,34,1
NCT01350193,PHASE1|PHASE2,78,ACTUAL,2011-06,2013-01,OTHER,1,1,1
NCT03920293,PHASE3,175,ACTUAL,2019-03-12,2021-05-11,INDUSTRY,1,106,15
NCT02114021,PHASE3,99,ACTUAL,2012-03,2013-03,OTHER,2,1,1
NCT00430521,PHASE2,512,ACTUAL,2007-02-05,2008-10-20,INDUSTRY,2,10,1
NCT01338714,PHASE3,58,ACTUAL,2011-05,2012-06,OTHER_GOV,1,1,1
NCT00163514,PHASE3,636,,2004-05,2005-07,INDUSTRY,3,74,2
NCT01869114,PHASE2,57,ACTUAL,2013-07-08,2024-01-03,OTHER,10,5,1
NCT04040816,PHASE2,40,ACTUAL,2019-01-01,2020-08-01,INDUSTRY,2,6,1
NCT01085006,PHASE1|PHASE2,100,ACTUAL,2009-09,2010-08,OTHER,1,1,1
NCT03215706,PHASE3,719,ACTUAL,2017-08-24,2019-08-16,INDUSTRY,1,116,19
NCT01115504,PHASE3,50,ESTIMATED,2010-05,2010-11,OTHER,1,1,1
NCT01857284,PHASE3,216,ACTUAL,2009-09,2013-01,OTHER,1,25,1
NCT00863304,PHASE3,849,ACTUAL,2009-06-09,2010-04-27,INDUSTRY,1,95,1
NCT00146484,PHASE2,100,,1996-04,,OTHER,1,1,1
NCT00984633,PHASE3,40,ACTUAL,2003-06,2003-12,INDUSTRY,1,0,0
NCT01442233,PHASE3,38,ACTUAL,2012-03-08,2017-09-21,OTHER,2,6,1
NCT02589847,PHASE2,272,ACTUAL,2015-10,2017-06,INDUSTRY,1,30,2
NCT00552149,PHASE2,150,ACTUAL,2007-10,2012-04,OTHER,1,1,1
NCT01176149,PHASE3,62,ACTUAL,2007-03,2010-04,OTHER,1,1,1
NCT01204749,PHASE3,919,ACTUAL,2010-11,2013-03,INDUSTRY,3,225,32
NCT01726738,PHASE2,17,ACTUAL,2013-04-04,2017-11-03,OTHER,4,1,1
NCT00992511,PHASE3,300,ACTUAL,2009-10-14,2010-11-09,INDUSTRY,1,4,1
NCT00327171,PHASE2,218,ACTUAL,2006-05,2008-04,INDUSTRY,2,11,11
NCT00987844,PHASE3,1775,ACTUAL,1998-07,2000-11,INDUSTRY,1,1,1
NCT04123834,PHASE1|PHASE2,32,ACTUAL,2013-03-01,2014-03-30,OTHER,3,0,0
NCT01074944,PHASE3,170,ACTUAL,2010-06,2015-10,INDUSTRY,1,46,17
NCT03709264,PHASE3,3511,ACTUAL,2019-10-07,2024-01-17,OTHER,1,22,3
NCT04409509,PHASE2,124,ACTUAL,2020-07-01,2021-01-12,INDUSTRY,1,14,1
NCT01904409,PHASE2,420,ACTUAL,2013-06,2015-06,INDUSTRY,1,120,2
NCT00591409,PHASE2,100,ACTUAL,2006-01-03,2006-09-22,INDUSTRY,1,0,0
NCT03449199,PHASE2,130,ACTUAL,2018-04-10,2019-05-07,INDUSTRY,1,55,1
NCT01746199,PHASE3,193,ACTUAL,2013-12,2015-10,INDUSTRY,2,4,1
NCT00035932,PHASE3,571,ACTUAL,2001-11,2003-07,INDUSTRY,1,29,1
NCT00658632,PHASE3,1397,ACTUAL,2008-02,2009-04,INDUSTRY,1,85,1
NCT00495963,PHASE3,,,2003-01,,OTHER,1,1,1
NCT00005863,PHASE3,,,1998-08,,OTHER_GOV,3,1,1
NCT00282087,PHASE2,47,ACTUAL,2006-01,2012-01,OTHER,2,12,1
NCT03672487,PHASE3,87,ACTUAL,2019-06-01,2024-05-31,OTHER,1,3,2
NCT01272193,PHASE3,296,ACTUAL,2011-01,2011-09,INDUSTRY,2,50,1
NCT00784121,PHASE3,54,ACTUAL,2008-10,2008-11,INDUSTRY,1,1,1
NCT00810121,PHASE3,409,ACTUAL,2008-11,2009-06,INDUSTRY,1,1,1
NCT00561821,PHASE3,538,ACTUAL,2007-11-20,2009-12-21,INDUSTRY,5,0,0
NCT01912716,PHASE2|PHASE3,1037,ACTUAL,2013-07,2018-04,OTHER,1,6,1
NCT01303406,PHASE3,29,ACTUAL,2011-04,2012-07,INDUSTRY,1,6,4
NCT01405404,PHASE2,323,ACTUAL,2007-01,2011-06,OTHER,1,1,1
NCT02162784,PHASE2,39,ACTUAL,2013-02,2014-08,INDUSTRY,1,3,1
NCT01212952,PHASE1|PHASE2,50,ACTUAL,2011-09,2017-08-15,OTHER,1,3,1
NCT00816049,PHASE3,775,ACTUAL,2009-01,2016-03-02,OTHER,1,6,5
NCT00125749,PHASE1|PHASE2,30,ACTUAL,2005-07,2007-06,OTHER,2,1,1
NCT04028349,PHASE2,800,ACTUAL,2019-08-01,2021-03-19,OTHER,1,1,1
NCT02892149,PHASE3,3554,ACTUAL,2016-08,2020-01-16,INDUSTRY,2,278,18
NCT03330249,PHASE2,124,ACTUAL,2015-12-03,2021-05-10,OTHER,1,1,1
NCT02257138,PHASE1|PHASE2,30,ACTUAL,2015-02-12,2021-03-19,OTHER,5,1,1
NCT04778358,PHASE2,40,ACTUAL,2021-09-28,2022-06-16,OTHER,1,1,1
NCT04431258,PHASE1|PHASE2,150,ACTUAL,2021-05-06,2024-01-10,INDUSTRY,1,24,4
NCT00473148,PHASE3,265,ACTUAL,2007-06,2010-03,OTHER,1,1,1
NCT03526978,PHASE3,1200,ACTUAL,2017-08-08,2017-10-18,INDUSTRY,1,1,1
NCT00863239,PHASE2,116,ACTUAL,2009-03,2010-11,INDUSTRY,1,24,4
NCT06278077,PHASE2,81,ACTUAL,2023-09-06,2026-01-31,INDUSTRY,2,1,1
NCT03393975,PHASE3,52,ACTUAL,2017-10-13,2023-12-28,INDUSTRY,1,33,9
NCT00547157,PHASE2,152,ACTUAL,2007-11,2011-12,INDUSTRY,4,0,0
NCT00269412,PHASE2,525,ESTIMATED,2005-12,2007-08,INDUSTRY,1,67,1
NCT03427619,PHASE2,275,ACTUAL,2005-10-05,2018-04-30,OTHER,1,14,1
NCT01894919,PHASE3,851,ACTUAL,2013-06,2015-09,INDUSTRY,2,17,2
NCT01132430,PHASE3,50,ACTUAL,2008-06,2013-03,OTHER,1,1,1
NCT02725528,PHASE3,22,ACTUAL,2017-07-08,2021-12-17,OTHER,1,10,1
NCT04824365,PHASE2|PHASE3,30,ACTUAL,2021-04-12,2022-08-12,INDUSTRY,1,2,1
NCT05694767,PHASE2,22,ACTUAL,2023-01-22,2023-12-30,OTHER,2,1,1
NCT00040807,PHASE2,,,2002-11-19,2005-04,NETWORK,1,43,1
NCT00383292,PHASE2,130,ACTUAL,2006-11,2011-09,INDUSTRY,1,13,2
NCT00270036,PHASE2,1,ACTUAL,1991-04,,INDUSTRY,3,0,0
NCT00777036,PHASE2,133,ACTUAL,2009-03-20,2016-09-01,INDUSTRY,1,174,18
NCT00596011,PHASE2,97,ACTUAL,2007-11-14,2014-03-25,OTHER,1,10,1
NCT01581944,PHASE3,68,ACTUAL,2008-01,2011-12,OTHER,1,1,1
NCT01236144,PHASE1|PHASE2,113,ACTUAL,2011-04,2013-12,OTHER,2,13,1
NCT03754634,PHASE2,30,ACTUAL,2019-05-01,2020-06-01,OTHER,1,1,1
NCT00204932,PHASE2,53,ACTUAL,2004-07,2005-03,OTHER,1,1,1
NCT02565732,PHASE2,67,ACTUAL,2015-09,2015-12,INDUSTRY,1,1,1
NCT00000698,PHASE3,,,,,NIH,2,1,1
NCT03652363,PHASE2,42,ACTUAL,2012-10-25,2015-03-13,OTHER,1,0,0
NCT01282463,PHASE2,148,ACTUAL,2011-04,2015-02,INDUSTRY,4,32,2
NCT00959387,PHASE2,60,ACTUAL,2009-08,2010-11,OTHER,1,1,1
NCT04133987,PHASE2,252,ACTUAL,2018-10-15,2020-04-30,OTHER,1,1,1
NCT03288987,PHASE3,126,ACTUAL,2016-10-04,2018-07-30,INDUSTRY,1,22,1
NCT03465787,PHASE3,210,ACTUAL,2018-04-09,2022-10-26,INDUSTRY,1,1,1
NCT00087087,PHASE2,51,ESTIMATED,2004-07,2006-12,NETWORK,2,35,1
NCT00534287,PHASE3,600,ACTUAL,2007-10,2010-04,NETWORK,2,52,1
NCT03717493,PHASE2|PHASE3,99,ACTUAL,2012-12-17,2017-05-01,OTHER,1,0,0
NCT02377921,PHASE3,89,ACTUAL,2015-05-20,2017-06-09,INDUSTRY,4,13,7
NCT00001521,PHASE3,66,ACTUAL,1995-06-08,2024-04-01,NIH,1,1,1
NCT02722421,PHASE2,28,ACTUAL,2017-04-06,2019-12-05,OTHER,2,1,1
NCT00705328,PHASE2,2400,ACTUAL,2005-12,2011-06,OTHER,1,1,1
NCT00740428,PHASE2|PHASE3,48,ESTIMATED,2008-03,2008-12,OTHER,1,1,1
NCT00977665,PHASE2,174,ACTUAL,2009-12,2011-10,INDUSTRY,1,47,12
NCT00002367,PHASE3,40,,,,INDUSTRY,1,2,1
NCT00940667,PHASE3,185,ACTUAL,2008-05,2008-12,INDUSTRY,1,1,1
NCT00202592,PHASE2,50,ESTIMATED,2003-11,2010-04,OTHER,1,1,1
NCT01752036,PHASE2,35,ACTUAL,2013-05-20,2018-04-02,OTHER,1,1,1
NCT02717871,PHASE3,35,ACTUAL,2016-03,2020-10,OTHER,1,1,1
NCT01179971,PHASE2,60,ACTUAL,2008-12,2010-01,OTHER,1,0,0
NCT00396071,PHASE3,22,ACTUAL,2006-10,2007-11,INDUSTRY,1,2,2
NCT02483364,PHASE2,12,ACTUAL,2015-11-10,2020-05-18,INDUSTRY,1,1,1
NCT01063764,PHASE3,73,ACTUAL,2010-01,2011-04,INDUSTRY,2,29,1
NCT00521664,PHASE3,400,ACTUAL,2004-09,2010-09,OTHER,1,1,1
NCT01891864,PHASE3,531,ACTUAL,2013-06,2014-06,INDUSTRY,1,74,12
NCT00255164,PHASE3,451,ACTUAL,2006-01,2006-11,INDUSTRY,2,96,1
NCT00003809,PHASE3,,,1999-08-06,2004-09,NETWORK,1,76,3
NCT01324999,PHASE2|PHASE3,12,ACTUAL,2011-03,2013-07,OTHER,1,2,1
NCT04385199,PHASE2,30,ACTUAL,2020-05-04,2020-08-01,OTHER,3,1,1
NCT06924632,PHASE3,142,ACTUAL,2025-07-14,2026-05-15,INDUSTRY,2,3,1
NCT00553787,PHASE3,2487,ACTUAL,2007-11,2009-06,INDUSTRY,2,6,1
NCT02925793,PHASE2,327,ACTUAL,2016-12,2018-07,INDUSTRY,1,3,3
NCT02700893,PHASE2|PHASE3,28,ACTUAL,2016-03,2016-08,OTHER,3,2,1
NCT01380314,PHASE2,60,ESTIMATED,2008-03,2010-03,OTHER,1,1,1
NCT01510704,PHASE2,215,ACTUAL,2012-01,2012-04,INDUSTRY,1,13,3
NCT03147404,PHASE2,14,ACTUAL,2017-12-28,2019-07-22,OTHER,1,1,1
NCT05166304,PHASE1|PHASE2,60,ACTUAL,2024-01-01,2025-08-01,OTHER,1,1,1
NCT00122304,PHASE3,85,,2004-12,,INDUSTRY,1,48,13
NCT02864849,PHASE2,81,ACTUAL,2016-08,2019-06,OTHER,1,1,1
NCT02931838,PHASE2,268,ACTUAL,2016-11-15,2017-11-16,INDUSTRY,1,76,8
NCT00403858,PHASE2,60,,2000-10,,INDUSTRY,1,1,1
NCT03210558,PHASE2,48,ACTUAL,2017-05-26,2018-06-20,OTHER,3,1,1
NCT02107755,PHASE2,8,ACTUAL,2014-09-05,2020-08-03,OTHER,5,1,1
NCT01724177,PHASE2,26,ACTUAL,2012-11-12,2014-11-20,INDUSTRY,1,18,1
NCT01372475,PHASE3,800,ACTUAL,2011-03,2012-11,INDUSTRY,1,33,2
NCT00004077,PHASE2,25,ESTIMATED,1996-05,,OTHER_GOV,1,1,1
NCT00767975,PHASE3,2384,ACTUAL,2008-01,2010-11,OTHER,1,1,1
NCT03278275,PHASE2,116,ACTUAL,2017-11-01,2021-07-08,OTHER,1,1,1
NCT00202475,PHASE3,100,ACTUAL,2003-09,2006-09,OTHER,1,2,1
NCT00783601,PHASE2,130,ACTUAL,2004-10,2005-05,INDUSTRY,1,0,0
NCT06012812,PHASE2,79,ACTUAL,2023-09-06,2025-06-05,INDUSTRY,1,1,1
NCT03969212,PHASE3,4138,ACTUAL,2019-10-10,2024-05-10,INDUSTRY,1,142,16
NCT02042612,PHASE2,8,ACTUAL,2013-10,2014-01,OTHER,1,1,1
NCT02457312,PHASE2,20,ACTUAL,2013-03,2013-05,OTHER,1,1,1
NCT01681030,PHASE2,42,ACTUAL,2012-08-01,2013-08-01,INDUSTRY,1,6,1
NCT01122030,PHASE2,72,ACTUAL,2010-05-19,2011-02-23,INDUSTRY,1,1,1
NCT05107128,PHASE2,189,ACTUAL,2022-01-26,2024-09-04,INDUSTRY,1,49,4
NCT02417467,PHASE3,376,ACTUAL,2016-11,2019-12,OTHER,1,16,1
NCT03521700,PHASE2|PHASE3,150,ACTUAL,2013-06-01,2014-12-30,OTHER,5,1,1
NCT03482167,PHASE1|PHASE2,64,ACTUAL,2019-03-20,2024-01-08,OTHER,1,1,1
NCT00958100,PHASE2,40,ACTUAL,2009-08,2010-11,OTHER,3,1,1
NCT01606007,PHASE3,1282,ACTUAL,2012-07,2014-01,INDUSTRY,1,139,8
NCT04713592,PHASE3,174,ACTUAL,2021-02-26,2023-04-20,INDUSTRY,1,55,4
NCT04879511,PHASE2|PHASE3,80,ACTUAL,2018-02-10,2021-01-01,OTHER,1,1,1
NCT01513811,PHASE2,115,ACTUAL,2010-02,2011-11,OTHER,1,1,1
NCT00423371,PHASE2|PHASE3,79,ACTUAL,2006-12,2007-09,INDUSTRY,1,1,1
NCT01744444,PHASE2,10,ACTUAL,2012-11,2013-07,OTHER,1,1,1
NCT02975934,PHASE3,405,ACTUAL,2017-06-13,2022-08-25,INDUSTRY,1,150,12
NCT00160134,PHASE2,,,2005-01,,INDUSTRY,1,1,1
NCT00229164,PHASE1|PHASE2,20,ESTIMATED,2005-10,,OTHER,1,0,0
NCT01347164,PHASE2,169,ACTUAL,2010-12,2012-06,OTHER,2,1,1
NCT00023699,PHASE2,,,2001-08,,NETWORK,2,53,4
NCT02059499,PHASE3,91,ACTUAL,2015-12-28,2023-12-05,NETWORK,3,13,2
NCT01204099,PHASE1|PHASE2,223,ACTUAL,2010-09,2013-12,INDUSTRY,2,33,2
NCT02222532,PHASE3,224,ACTUAL,2013-06,2015-05,OTHER,1,1,1
NCT05399732,PHASE2,58,ACTUAL,2022-12-19,2025-02-01,OTHER,1,1,1
NCT02172287,PHASE3,623,ACTUAL,1999-02,2000-05,INDUSTRY,1,0,0
NCT01737814,PHASE3,388,ACTUAL,2013-05,2016-02,INDUSTRY,2,72,11
NCT00227721,PHASE2,30,ACTUAL,2004-02,2011-06,OTHER,2,4,1
NCT01050621,PHASE1|PHASE2,14,ACTUAL,2010-01,2013-05,OTHER,1,1,1
NCT01676714,PHASE2,10,ACTUAL,2013-02,2016-01,OTHER,2,1,1
NCT03049306,PHASE2,24,ACTUAL,2017-02-15,2024-05-01,OTHER,1,1,1
NCT00700206,PHASE2,86,ESTIMATED,2008-05,2011-07,INDUSTRY,1,36,1
NCT04765371,PHASE3,89,ACTUAL,2021-03-03,2022-02-10,OTHER,1,8,1
NCT03235544,PHASE2,162,ACTUAL,2017-11-20,2024-04-30,INDUSTRY,1,103,11
NCT00681434,PHASE2,24,ACTUAL,2005-05,2007-08,OTHER,2,0,0
NCT05275699,PHASE1|PHASE2,25,ACTUAL,2022-03-01,2023-02-01,OTHER,1,1,1
NCT00266032,PHASE3,1166,ACTUAL,2005-12,2008-10,INDUSTRY,1,35,3
NCT01509599,PHASE1|PHASE2,197,ACTUAL,2011-08,2015-12,OTHER,4,2,1
NCT03923699,PHASE3,79560,ACTUAL,2019-07-01,2023-01-31,OTHER,3,1,1
NCT00645099,PHASE3,462,ACTUAL,2007-10,2009-04,INDUSTRY,1,46,14
NCT03562832,PHASE2,20,ACTUAL,2018-06-20,2024-04-01,INDUSTRY,1,2,1
NCT00311298,PHASE3,1250,ACTUAL,2006-04,2009-03,OTHER,3,1,1
NCT00566098,PHASE1|PHASE2,26,ACTUAL,2007-11,2014-06,OTHER,1,1,1
NCT00170963,PHASE3,1018,ACTUAL,2004-10,2005-06,INDUSTRY,1,2,2
NCT06459193,PHASE1|PHASE2,60,ACTUAL,2024-06-23,2025-01-28,OTHER,1,1,1
NCT00131716,PHASE3,1200,ACTUAL,2003-05,,OTHER,1,1,1
NCT00061516,PHASE3,78,ACTUAL,2003-01,2006-02,INDUSTRY,2,0,0
NCT00002706,PHASE3,2616,ACTUAL,1996-04,2010-03,NETWORK,5,1,1
NCT05360784,PHASE3,380,ACTUAL,2022-05-13,2022-11-23,INDUSTRY,1,6,1
NCT00709384,PHASE2,14,ACTUAL,2006-01,2009-03,OTHER,1,1,1
NCT00317733,PHASE2,360,,,,INDUSTRY,1,0,0
NCT00500552,PHASE2,44,ESTIMATED,2006-12,2010-08,OTHER,1,3,1
NCT00033852,PHASE2,90,,2002-04,,NIH,3,1,1
NCT00005947,PHASE3,127,ACTUAL,1999-11,2004-09,INDUSTRY,1,34,1
NCT00003647,PHASE3,,,1998-07,,INDUSTRY,3,44,1
NCT04652349,PHASE3,279,ACTUAL,2020-07-06,2020-12-17,INDUSTRY,1,1,1
NCT00193349,PHASE2,60,,2002-09,2007-12,OTHER,1,0,0
NCT03603249,PHASE2,24,ACTUAL,2018-07-01,2019-04-01,OTHER,1,1,1
NCT01085058,PHASE2|PHASE3,169,ACTUAL,2003-05,2004-12,OTHER,3,0,0
NCT02177448,PHASE3,225,ACTUAL,1998-09,1999-09,INDUSTRY,1,0,0
NCT00909571,PHASE3,10,ACTUAL,2009-04,2010-03,INDUSTRY,1,1,1
NCT01651871,PHASE2,779,ACTUAL,2012-07,2012-11,INDUSTRY,1,0,0
NCT04959344,PHASE1|PHASE2,166,ACTUAL,2021-07-05,2022-09-26,INDUSTRY,1,2,1
NCT01475344,PHASE1|PHASE2,67,ACTUAL,2011-09,2015-10,OTHER,2,16,3
NCT06501534,PHASE2,84,ACTUAL,2024-07-10,2024-12-13,INDUSTRY,2,1,1
NCT01282632,PHASE1|PHASE2,42,ACTUAL,2002-08,2004-03,OTHER,1,1,1
NCT03267498,PHASE2,40,ACTUAL,2018-02-14,2024-10-31,OTHER,1,2,2
NCT02182063,PHASE2,81,ACTUAL,2005-11,2007-01,INDUSTRY,1,0,0
NCT00001063,PHASE2,200,,,,NIH,1,33,2
NCT04360187,PHASE3,391,ACTUAL,2020-07-27,2021-09-08,INDUSTRY,1,39,3
NCT00779987,PHASE2,12,ACTUAL,2008-10,2008-12,OTHER,1,1,1
NCT01585987,PHASE2,143,ACTUAL,2012-07,2014-07,INDUSTRY,1,36,12
NCT03103893,PHASE1|PHASE2,36,ACTUAL,2017-09-25,2017-11-30,OTHER,1,1,1
NCT05908721,PHASE2,100,ACTUAL,2023-08-23,2023-12-10,INDUSTRY,1,1,1
NCT01116687,PHASE2,37,ACTUAL,2010-05,2011-05,NIH,4,1,1
NCT03579693,PHASE2,26,ACTUAL,2018-11-14,2021-04-26,OTHER,3,1,1
NCT03633721,PHASE2,25,ACTUAL,2020-10-23,2022-05-31,OTHER,3,1,1
NCT00536614,PHASE2,86,ACTUAL,2005-05,,OTHER,1,10,1
NCT00690716,PHASE2,292,ACTUAL,2008-08,2009-06,INDUSTRY,1,15,1
NCT00142116,PHASE2,25,ACTUAL,2003-05,2004-02,OTHER,2,2,1
NCT00264004,PHASE2,119,ACTUAL,2005-11,2007-01,INDUSTRY,1,6,3
NCT01003184,PHASE3,222,ACTUAL,2009-10,2011-07,INDUSTRY,1,34,2
NCT02038933,PHASE2,121,ACTUAL,2014-03-05,2016-04-08,INDUSTRY,1,46,12
NCT01010633,PHASE3,406,ACTUAL,2009-11,2010-06,INDUSTRY,2,1,1
NCT01728233,PHASE2,32,ACTUAL,2013-06-15,2018-09-21,OTHER,2,1,1
NCT02278133,PHASE1|PHASE2,20,ACTUAL,2014-12,2016-05-31,INDUSTRY,1,19,10
NCT02124733,PHASE3,23,ACTUAL,2014-04,2016-10,OTHER,1,1,1
NCT00538733,PHASE2,26,ACTUAL,2007-10,2010-07,OTHER,1,1,1
NCT00920049,PHASE1|PHASE2,830,ESTIMATED,2009-06-05,2012-03-29,NIH,1,1,1
NCT00001749,PHASE2,25,,1998-07,,NIH,2,1,1
NCT02065349,PHASE2,132,ACTUAL,2014-02-24,2015-02-13,INDUSTRY,3,17,4
NCT04075058,PHASE3,1070,ACTUAL,2015-06,2020-12,OTHER,1,1,1
NCT06922448,PHASE2,21,ACTUAL,2025-04-14,2025-09-08,INDUSTRY,1,1,1
NCT00507026,PHASE3,277,ACTUAL,2007-07-25,2008-10-14,INDUSTRY,1,8,1
NCT00799578,PHASE1|PHASE2,13,ACTUAL,2008-10,2009-06,OTHER,1,1,1
NCT03415178,PHASE3,69,ACTUAL,2018-03-29,2018-08-09,INDUSTRY,1,13,1
NCT00258232,PHASE2,,,2002-01,2007-03,OTHER,1,3,1
NCT05198063,PHASE1|PHASE2,300,ACTUAL,2022-01-10,2022-08-31,INDUSTRY,1,1,1
NCT03614663,PHASE2|PHASE3,212,ACTUAL,2018-06-12,2020-06-14,INDUSTRY,1,21,3
NCT04506463,PHASE2,397,ACTUAL,2020-12-22,2022-05-04,INDUSTRY,1,25,3
NCT00108121,PHASE2,60,,2005-03,2006-05,INDUSTRY,1,10,1
NCT05193916,PHASE2,104,ACTUAL,2022-03-21,2024-01-02,INDUSTRY,1,15,1
NCT04273516,PHASE2|PHASE3,42,ACTUAL,2020-08-22,2023-04-10,OTHER,2,1,1
NCT00048204,PHASE2,372,ACTUAL,2002-11-04,2003-09-30,INDUSTRY,1,0,0
NCT00134004,PHASE2,210,ACTUAL,2004-10,2015-01,OTHER,5,3,1
NCT00275704,PHASE2,30,,2005-05,2006-06,OTHER,1,1,1
NCT03728504,PHASE2,97,ACTUAL,2019-01-03,2020-04-29,INDUSTRY,1,23,2
NCT01790204,PHASE1|PHASE2,55,ACTUAL,2012-02,2014-04,OTHER,1,1,1
NCT02303704,PHASE2,448,ACTUAL,2013-04,2014-06,OTHER_GOV,1,0,0
NCT00429416,PHASE1|PHASE2,14,ACTUAL,2004-03,2008-12,OTHER,1,1,1
NCT00064116,PHASE3,824,ACTUAL,2001-05-08,2010-12,NETWORK,1,25,1
NCT02491684,PHASE2,121,ACTUAL,2015-07-21,2016-11-24,INDUSTRY,1,35,7
NCT01539304,PHASE3,245,ACTUAL,2010-09,2011-08,INDUSTRY,1,1,1
NCT00434733,PHASE3,4400,ESTIMATED,2007-01,,INDUSTRY,1,1,1
NCT00202852,PHASE3,143,ACTUAL,2005-06-01,2006-03-01,INDUSTRY,1,0,0
NCT00730249,PHASE3,150,ESTIMATED,2008-09,2010-01,INDUSTRY,1,11,1
NCT00978549,PHASE3,320,ESTIMATED,2008-04,2010-04,OTHER,5,8,1
NCT03724149,PHASE1|PHASE2,10,ACTUAL,2018-12-12,2021-12-31,OTHER,1,1,1
NCT03702738,PHASE2,110,ACTUAL,2019-03-01,2021-12-31,OTHER,1,1,1
NCT00180258,PHASE2|PHASE3,2200,,2000-01,,INDUSTRY,1,1,1
NCT00003148,PHASE2,86,ESTIMATED,1997-10,2001-04,NETWORK,1,10,6
NCT02612155,PHASE2,35,ACTUAL,2017-03-30,2019-08-05,OTHER,1,1,1
NCT02362048,PHASE2,77,ACTUAL,2015-05,2017-03,INDUSTRY,1,1,1
NCT03088826,PHASE2,80,ACTUAL,2017-08-18,2020-12-22,OTHER,1,1,1
NCT00349726,PHASE2,74,ACTUAL,2006-06,2007-12,NETWORK,6,11,1
NCT02928978,PHASE2,84,ACTUAL,2018-05-13,2024-08-29,OTHER,4,8,1
NCT00579878,PHASE3,69,ACTUAL,2001-03-27,2010-03-11,OTHER,1,1,1
NCT00331643,PHASE2,120,ACTUAL,2006-04,2007-10,NIH,13,1,1
NCT02067143,PHASE2,204,ACTUAL,2014-05-20,2016-10-07,OTHER,4,61,1
NCT00118209,PHASE3,524,ACTUAL,2005-05,2017-10,OTHER,1,47,1
NCT02015299,PHASE3,45,ACTUAL,2014-03,2016-01,OTHER,1,1,1
NCT00304499,PHASE3,176,,1995-12,,INDUSTRY,1,0,0
NCT00147199,PHASE3,235,ACTUAL,2005-06,2007-10,INDUSTRY,1,30,10
NCT02076399,PHASE3,76,ACTUAL,2014-07-14,2016-04-21,INDUSTRY,1,52,8
NCT00326599,PHASE2,101,ACTUAL,2007-06,2009-04,OTHER,1,154,1
NCT04730999,PHASE2,54,ACTUAL,2020-07-01,2023-06-01,OTHER,1,14,1
NCT02656498,PHASE2,135,ACTUAL,2016-01-11,2019-12-31,OTHER,3,2,1
NCT00289198,PHASE3,301,ACTUAL,2006-02-07,2006-07-01,INDUSTRY,1,42,9
NCT05021263,PHASE3,90,ACTUAL,2022-05-27,2023-12-29,OTHER,2,1,1
NCT02587221,PHASE3,6790,ACTUAL,2016-09-30,2018-07-23,INDUSTRY,1,89,12
NCT03815214,PHASE2,38,ACTUAL,2019-12-01,2021-05-30,OTHER,4,2,1
NCT02091414,PHASE3,36,ACTUAL,2006-08,2009-02,INDUSTRY,1,3,1
NCT05109416,PHASE1|PHASE2,210,ACTUAL,2021-10-17,2022-03-05,OTHER,1,1,1
NCT04508816,PHASE2,45,ESTIMATED,2016-01-01,2020-10-01,OTHER,1,1,1
NCT00181506,PHASE1|PHASE2,180,,2001-12,2007-12,OTHER,1,1,1
NCT03361306,PHASE2,15,ACTUAL,2018-01-09,2021-06-04,OTHER,1,1,1
NCT03631004,PHASE2|PHASE3,100,ACTUAL,2018-10-01,2021-02-10,OTHER,2,1,1
NCT01548404,PHASE2,109,ACTUAL,2012-04,2013-03,INDUSTRY,1,21,5
NCT00083304,PHASE3,368,ACTUAL,2004-02,2007-06,INDUSTRY,2,94,15
NCT01060384,PHASE1|PHASE2,46,ACTUAL,2010-03-29,2016-10-25,OTHER,1,2,1
NCT02608684,PHASE2,21,ACTUAL,2016-02-08,2019-05-17,OTHER,1,1,1
NCT01816984,PHASE1|PHASE2,12,ACTUAL,2013-05,2018-04,OTHER,36,1,1
NCT00939484,PHASE2,31,ACTUAL,2009-06,2013-05,NIH,1,13,1
NCT01901484,PHASE2,800,ESTIMATED,2012-12,2014-02,OTHER,1,1,1
NCT00271284,PHASE3,88,ACTUAL,2005-10,2008-09,INDUSTRY,1,1,1
NCT00296933,PHASE3,60,ESTIMATED,2005-12,,OTHER,2,1,1
NCT01435252,PHASE2,68,ACTUAL,2011-09-19,2017-10-25,OTHER,3,1,1
NCT00016549,PHASE2,21,ACTUAL,2001-05-13,2007-01-29,NIH,1,1,1
NCT02462252,PHASE2,11,ACTUAL,2015-10,2020-11,INDUSTRY,2,1,1
NCT01330238,PHASE2,40,ACTUAL,2008-12,2011-03,OTHER,1,1,1
NCT01893138,PHASE3,311,ACTUAL,2013-11-21,2019-11-01,INDUSTRY,1,29,3
NCT03965858,PHASE2,88,ACTUAL,2019-02-25,2020-03-15,INDUSTRY,1,12,1
NCT06443255,PHASE3,16,ACTUAL,2024-07-01,2024-08-27,OTHER,1,1,1
NCT00358826,PHASE2,191,ACTUAL,2006-07,2008-08,INDUSTRY,1,12,2
NCT01245426,PHASE2,136,ACTUAL,2010-12,2011-07,INDUSTRY,1,11,3
NCT01280526,PHASE1|PHASE2,37,ACTUAL,2011-01,2012-11,OTHER,1,8,1
NCT01787526,PHASE3,176,ACTUAL,2014-06,2016-08,OTHER,1,1,1
NCT00746226,PHASE1|PHASE2,47,ACTUAL,2006-03,2006-06,INDUSTRY,1,1,1
NCT00022126,PHASE2,6,ACTUAL,2002-11,2005-01,NETWORK,1,51,3
NCT03178526,PHASE2|PHASE3,15,ACTUAL,2015-12-24,2016-01-13,OTHER,1,0,0
NCT01450826,PHASE2,136,ACTUAL,2014-06-24,2017-04-13,OTHER,3,1,1
NCT03771326,PHASE3,14,ACTUAL,2013-10-29,2013-11-04,OTHER,2,0,0
NCT00539539,PHASE2,1586,ACTUAL,2007-02,2009-06,OTHER,1,3,2
NCT01657877,PHASE2,100,ACTUAL,2012-05,2013-06,INDUSTRY,1,1,1
NCT02648477,PHASE2,30,ACTUAL,2016-03-28,2022-04-01,OTHER,7,6,1
NCT00566501,PHASE3,915,ACTUAL,2007-12-14,2010-04-01,INDUSTRY,1,1,1
NCT01794312,PHASE3,152,ACTUAL,2013-02,2017-12-19,INDUSTRY,2,1,1
NCT00290381,PHASE1|PHASE2,12,ACTUAL,,2005-02-01,OTHER,1,1,1
NCT02866019,PHASE3,10,ACTUAL,2016-04,2019-02,INDUSTRY,1,3,1
NCT02970630,PHASE2,28,ACTUAL,2017-01,2018-02-22,INDUSTRY,1,6,1
NCT00766467,PHASE2,81,ACTUAL,2008-09,2014-07,OTHER,1,4,1
NCT04779307,PHASE3,121,ACTUAL,2021-10-19,2025-07-01,INDUSTRY,1,65,14
NCT00193492,PHASE2,60,ACTUAL,2005-09,2013-03,OTHER,1,22,1
NCT04760236,PHASE3,2530,ACTUAL,2021-10-06,2022-12-22,OTHER,1,4,1
NCT05481736,PHASE2,32,ACTUAL,2022-10-12,2024-11-18,INDUSTRY,1,5,3
NCT00792571,PHASE2,18,ACTUAL,2009-02-28,2013-11-30,INDUSTRY,1,6,3
NCT04932434,PHASE2,12,ACTUAL,2021-08-15,2024-12-31,OTHER,3,1,1
NCT00116064,PHASE3,156,,2004-07,,OTHER,2,1,1
NCT01171209,PHASE2,10,ACTUAL,2010-07,2011-06,OTHER,1,0,0
NCT01878799,PHASE2,50,ACTUAL,2013-06,2014-09,NIH,2,1,1
NCT00885599,PHASE1|PHASE2,94,ACTUAL,2009-06,2010-06,OTHER,1,1,1
NCT00453999,PHASE2,137,ACTUAL,2007-07,2008-09,INDUSTRY,1,83,7
NCT00884832,PHASE2,44,ACTUAL,2008-10,2012-08,OTHER,1,1,1
NCT04657198,PHASE2,126,ACTUAL,2020-12-09,2021-06-03,INDUSTRY,1,10,2
NCT01639898,PHASE2,51,ACTUAL,2012-07,2018-06,OTHER,1,11,1
NCT04178798,PHASE3,22,ACTUAL,2019-12-09,2024-12-03,OTHER,1,8,1
NCT00806663,PHASE2,22,ACTUAL,2008-08,2010-07,OTHER,2,4,1
NCT00248963,PHASE3,600,,,,INDUSTRY,1,0,0
NCT03463187,PHASE1|PHASE2,211,ACTUAL,2017-12-15,2020-08-31,INDUSTRY,1,13,3
NCT01485887,PHASE3,50,ACTUAL,2012-01,2014-01,INDUSTRY,1,25,1
NCT00219687,PHASE3,5494,ACTUAL,2004-06,2012-08,OTHER_GOV,1,3,2
NCT02480114,PHASE3,79,ACTUAL,2015-07,2019-09,OTHER,3,1,1
NCT00390533,PHASE3,428,ACTUAL,2006-09,2008-02,INDUSTRY,1,2,2
NCT01926847,PHASE2,23,ACTUAL,2013-10,2014-06,INDUSTRY,1,1,1
NCT05858047,PHASE2,93,ACTUAL,2023-04-11,2024-02-21,INDUSTRY,1,1,1
NCT02637349,PHASE2,200,ACTUAL,2016-11-30,2018-12-31,INDUSTRY,1,1,1
NCT00433849,PHASE3,72,ACTUAL,2007-02,2008-10,INDUSTRY,1,6,1
NCT05894538,PHASE3,1459,ACTUAL,2022-02-16,2022-08-29,OTHER,1,93,1
NCT01204658,PHASE2,576,ACTUAL,2010-09-27,2011-11-03,INDUSTRY,1,24,4
NCT00005963,PHASE2,53,ACTUAL,2000-11,2002-10,OTHER,1,21,1
NCT04184921,PHASE2,216,ACTUAL,2019-01-01,2023-06-01,OTHER,1,1,1
NCT02774993,PHASE2,40,ACTUAL,2015-09,2017-06,OTHER,1,1,1
NCT01998893,PHASE2,38,ACTUAL,1997-01,2008-02,INDUSTRY,1,11,1
NCT03922321,PHASE2,7,ACTUAL,2019-04-22,2020-02-29,INDUSTRY,1,4,1
NCT05046314,PHASE2,15,ACTUAL,2024-03-12,2025-02-05,INDUSTRY,1,8,1
NCT03935204,PHASE2,627,ACTUAL,2019-05-13,2019-10-18,OTHER,2,1,1
NCT00414349,PHASE3,431,ACTUAL,2006-12,2008-01,INDUSTRY,1,1,1
NCT03657433,PHASE3,124,ACTUAL,2018-12-17,2021-08-27,OTHER,1,1,1
NCT01065649,PHASE3,20,ACTUAL,2010-01,2010-06,OTHER,1,1,1
NCT00741338,PHASE1|PHASE2,7,ACTUAL,2008-09,2012-09,INDUSTRY,1,2,2
NCT03946358,PHASE2,47,ACTUAL,2020-02-18,2024-03-01,OTHER,3,4,1
NCT01299948,PHASE2,326,ACTUAL,2007-06,2011-03,OTHER,1,1,1
NCT04604548,PHASE2,11,ACTUAL,2021-08-09,2023-06-01,INDUSTRY,5,4,4
NCT00260026,PHASE2,20,,2004-11,,OTHER,1,1,1
NCT04735926,PHASE2|PHASE3,674,ACTUAL,2020-12-23,2022-07-21,INDUSTRY,2,55,7
NCT04321343,PHASE2,117,ACTUAL,2020-09-01,2022-06-08,INDUSTRY,1,29,1
NCT00134043,PHASE2,19,ACTUAL,2005-12,2009-03,NIH,7,1,1
NCT02958215,PHASE2,980,ACTUAL,2016-06,2017-05,OTHER,2,1,1
NCT01359735,PHASE2,8,ACTUAL,2011-05,2011-11,INDUSTRY,1,1,1
NCT00990535,PHASE2,28,ACTUAL,2006-01,2007-12,OTHER,5,1,1
NCT00299325,PHASE3,254,ACTUAL,2006-02,2008-07,INDUSTRY,1,9,9
NCT04655625,PHASE2|PHASE3,500,ACTUAL,2020-11-23,2021-04-02,INDUSTRY,1,8,1
NCT01685008,PHASE2,92,ACTUAL,2013-04-23,2022-04-06,INDUSTRY,1,22,7
NCT04822025,PHASE2,420,ACTUAL,2021-05-20,2021-08-25,INDUSTRY,1,4,1
NCT01281917,PHASE2,40,ACTUAL,2011-02,2013-10,OTHER,1,18,1
NCT00000271,PHASE2,111,ACTUAL,1995-01,2002-10,OTHER,2,1,1
NCT05364671,PHASE3,771,ACTUAL,2022-04-29,2023-08-18,INDUSTRY,1,36,1
NCT00538434,PHASE2|PHASE3,227,ACTUAL,2008-03,2009-10,INDUSTRY,1,37,2
NCT03464734,PHASE2,70,ACTUAL,2019-01-16,2020-01-21,OTHER,1,2,1
NCT00103844,PHASE2,150,ACTUAL,2005-02,2006-08,INDUSTRY,2,131,32
NCT00372099,PHASE3,90,ACTUAL,2007-01,2011-10,OTHER,1,0,0
NCT01688999,PHASE2,69,ACTUAL,2012-09-11,2017-12-11,NIH,4,1,1
NCT00566332,PHASE3,414,ACTUAL,2001-06,2009-09,NETWORK,3,1,1
NCT00144898,PHASE3,1627,ACTUAL,2003-07,2012-06,OTHER,1,1,1
NCT06409663,PHASE3,60,ACTUAL,2024-10-14,2024-10-15,INDUSTRY,1,2,1
NCT04461587,PHASE2,50,ACTUAL,2020-08-31,2022-11-10,OTHER,1,1,1
NCT03144687,PHASE2,23,ACTUAL,2018-01-26,2020-03-14,INDUSTRY,1,26,3
NCT07113587,PHASE2|PHASE3,24,ACTUAL,2014-04-08,2017-07-07,NETWORK,11,1,1
NCT04855721,PHASE2,141,ACTUAL,2021-05-04,2022-11-30,INDUSTRY,1,25,1
NCT00557193,PHASE3,218,ACTUAL,2008-01-15,2017-09-30,NETWORK,3,170,4
NCT00296816,PHASE2,132,ACTUAL,2006-03,2011-08,INDUSTRY,1,1,1
NCT02561416,PHASE3,225,ACTUAL,2016-01-01,2018-06-30,OTHER,1,1,1
NCT06525506,PHASE2,38,ACTUAL,2024-09-04,2025-01-09,INDUSTRY,1,1,1
NCT02348216,PHASE1|PHASE2,307,ACTUAL,2015-04-21,2023-07-27,INDUSTRY,5,36,6
NCT00003684,PHASE3,3,ACTUAL,1998-03-24,2008-12-15,NETWORK,3,4,1
NCT01616784,PHASE3,267,ACTUAL,2011-11,2015-06,OTHER,1,8,1
NCT00315133,PHASE1|PHASE2,25,ACTUAL,2003-12,2010-12,OTHER,1,1,1
NCT03466333,PHASE2,118,ACTUAL,2018-09-05,2020-09-11,OTHER_GOV,2,1,1
NCT03073733,PHASE2,84,ACTUAL,2017-03-01,2020-11-13,INDUSTRY,1,3,1
NCT04734652,PHASE2,122,ACTUAL,2022-02-18,2024-01-19,NETWORK,2,1,1
NCT01110447,PHASE2|PHASE3,130,ACTUAL,2010-04,2013-03,INDUSTRY,1,1,1
NCT00846547,PHASE2,32,ACTUAL,2009-02,2010-06,INDUSTRY,1,8,1
NCT00151749,PHASE3,260,,2004-06,2005-12,INDUSTRY,1,47,3
NCT02638038,PHASE2,228,ACTUAL,2015-02,2016-12-12,INDUSTRY,1,0,0
NCT01169558,PHASE3,168,ACTUAL,2006-05,2009-07,INDUSTRY,1,28,1
NCT01086748,PHASE2,880,ESTIMATED,2010-03,2012-05,INDUSTRY,1,28,3
NCT02499848,PHASE2,18,ACTUAL,2015-07,2016-06,INDUSTRY,1,1,1
NCT00516048,PHASE3,58,ACTUAL,2007-08,2008-04,INDUSTRY,1,13,5
NCT00578955,PHASE3,417,ACTUAL,2007-12,2008-10,INDUSTRY,1,0,0
NCT05217355,PHASE2,50,ACTUAL,2021-12-28,2022-06-22,INDUSTRY,1,1,1
NCT01210326,PHASE2|PHASE3,180,ACTUAL,2009-09,2010-07,OTHER_GOV,1,1,1
NCT00196885,PHASE2,60,,2003-12,,OTHER,5,1,1
NCT05700643,PHASE1|PHASE2,34,ACTUAL,2023-02-18,2024-04-17,OTHER,2,1,1
NCT04826185,PHASE2,67,ACTUAL,2021-06-14,2023-09-18,INDUSTRY,1,14,2
NCT00225485,PHASE3,100,,2003-12,,INDUSTRY,1,37,1
NCT02838043,PHASE3,10,ESTIMATED,2016-08,2018-05,OTHER,3,2,1
NCT02467608,PHASE2|PHASE3,557,ACTUAL,2012-12-06,2019-01-09,INDUSTRY,1,18,1
NCT04597008,PHASE3,1550,ACTUAL,2021-05-11,2025-07-30,OTHER,1,41,1
NCT02622425,PHASE2,62,ACTUAL,2015-06,2015-12,OTHER,2,1,1
NCT04542499,PHASE3,507,ACTUAL,2020-09-23,2024-01-29,INDUSTRY,1,146,14
NCT00044863,PHASE2,250,ACTUAL,2002-08,2005-12,INDUSTRY,2,1,1
NCT06097663,PHASE2,31,ACTUAL,2024-02-15,2024-10-27,INDUSTRY,2,6,3
NCT00180687,PHASE3,80,ACTUAL,2004-10,2005-09,OTHER,1,1,1
NCT00475293,PHASE2,85,ACTUAL,2007-05,2010-03,OTHER,1,1,1
NCT01382316,PHASE3,508,ACTUAL,2005-07,2006-05,OTHER,2,1,1
NCT04599933,PHASE3,309,ACTUAL,2020-10-18,2022-02-11,INDUSTRY,1,17,1
NCT04258033,PHASE2,145,ACTUAL,2020-01-17,2024-05-14,INDUSTRY,1,1,1
NCT05338047,PHASE2,30,ACTUAL,2022-04-01,2023-02-25,OTHER,2,1,1
NCT02179749,PHASE2,103,ACTUAL,2014-09,2019-11,OTHER,4,1,1
NCT00976755,PHASE2,37,ACTUAL,2009-09-14,2012-11-29,OTHER,1,13,1
NCT03593226,PHASE1|PHASE2,38,ACTUAL,2018-11-30,2023-12-31,INDUSTRY,1,14,3
NCT06479226,PHASE3,150,ACTUAL,2022-06-05,2022-10-06,INDUSTRY,1,1,1
NCT02841826,PHASE2,90,ACTUAL,2016-01,2016-07,OTHER,1,1,1
NCT00759226,PHASE2,92,ACTUAL,2002-07,2005-07,OTHER,1,1,1
NCT01111526,PHASE1|PHASE2,22,ACTUAL,2010-04,2015-10,OTHER,1,1,1
NCT02114385,PHASE3,500,ACTUAL,2014-03-24,2015-04-22,INDUSTRY,1,7,3
NCT01044485,PHASE1|PHASE2,17,ACTUAL,2008-11,2011-11,OTHER,1,1,1
NCT02347085,PHASE3,43,ACTUAL,2015-02-01,2015-06-01,INDUSTRY,1,0,0
NCT02282215,PHASE2,163,ACTUAL,2014-12,2017-09-22,INDUSTRY,3,22,1
NCT00001343,PHASE2,80,,1992-12-11,,NIH,2,2,1
NCT00047515,PHASE3,,,2001-01,2003-12,INDUSTRY,2,1,1
NCT02178215,PHASE3,30,ACTUAL,2014-07,2016-02,OTHER,1,1,1
NCT04620135,PHASE3,245,ACTUAL,2020-11-30,2021-07-09,INDUSTRY,2,1,1
NCT02385435,PHASE2|PHASE3,91,ACTUAL,2014-01,2014-08,OTHER,1,0,0
NCT00632008,PHASE3,122,ACTUAL,2007-03,2009-08,INDUSTRY,1,11,1
NCT00002708,PHASE3,333,ACTUAL,1996-01,2002-01,NETWORK,1,258,2
NCT00269763,PHASE3,32,,1987-10,,INDUSTRY,2,0,0
NCT00642187,PHASE3,525,ESTIMATED,2002-07,2004-10,INDUSTRY,1,0,0
NCT00135993,PHASE3,811,ACTUAL,2005-05,2006-11,INDUSTRY,1,1,1
NCT07575516,PHASE2,80,ACTUAL,2025-10-01,2026-01-30,OTHER,2,1,1
NCT03081806,PHASE3,399,ACTUAL,2021-09-24,2024-01-10,INDUSTRY,1,33,1
NCT01116752,PHASE3,153,ACTUAL,2010-08,2013-12,OTHER,3,1,1
NCT01561547,PHASE3,242,ACTUAL,2012-06,2016-03,OTHER,2,1,1
NCT00099047,PHASE2,23,ACTUAL,2004-11,2008-06,NIH,3,1,1
NCT00630747,PHASE2|PHASE3,94,ACTUAL,2004-09-13,2008-01-31,INDUSTRY,2,52,10
NCT01070849,PHASE2|PHASE3,299,ACTUAL,2009-11,2011-10,OTHER,1,6,1
NCT06597058,PHASE2,121,ACTUAL,2024-10-16,2025-11-05,INDUSTRY,1,16,1
NCT01590758,PHASE3,189,ACTUAL,2014-06,2016-08,INDUSTRY,1,30,1
NCT00079755,PHASE2,80,,2004-02,2006-12,INDUSTRY,1,18,1
NCT02955355,PHASE3,85,ACTUAL,2016-11-14,2023-07-04,INDUSTRY,1,35,18
NCT00055978,PHASE2,112,ACTUAL,2002-10,2008-03,OTHER,1,1,1
NCT00605085,PHASE3,2675,ACTUAL,2005-10,,INDUSTRY,1,0,0
NCT02845843,PHASE2|PHASE3,95,ACTUAL,2016-07,2020-05,OTHER,1,2,1
NCT02269943,PHASE2,36,ACTUAL,2015-02-13,2017-04-20,INDUSTRY,1,25,9
NCT00369343,PHASE3,381,ACTUAL,2006-09,2007-11,INDUSTRY,3,37,1
NCT02358343,PHASE3,184,ACTUAL,2015-03-23,2017-11-15,OTHER,2,3,1
NCT00274326,PHASE3,150,,2005-05,2007-07,INDUSTRY,1,15,15
NCT00734578,PHASE3,461,ACTUAL,2008-09-02,2009-12-10,INDUSTRY,1,61,1
NCT01513278,PHASE1|PHASE2,20,ACTUAL,2012-01,2012-05,INDUSTRY,1,1,1
NCT00166478,PHASE2,130,ACTUAL,2002-04,2007-10,OTHER,1,1,1
NCT00390078,PHASE1|PHASE2,30,ESTIMATED,2007-01,2007-12,INDUSTRY,1,1,1
NCT02135185,PHASE2,70,ACTUAL,2012-07,2015-12,OTHER,1,1,1
NCT04557085,PHASE3,519,ACTUAL,2021-03-08,2024-02-16,INDUSTRY,2,3,3
NCT03551743,PHASE2,28,ACTUAL,2012-12,2015-09,INDUSTRY,1,0,0
NCT01381315,PHASE2,210,ACTUAL,2009-09,2016-05,OTHER,1,1,1
NCT00397735,PHASE1|PHASE2,68,ACTUAL,2006-10-01,2012-10-29,OTHER,5,2,1
NCT07252908,PHASE2,195,ACTUAL,2025-12-22,2026-04-28,INDUSTRY,1,29,1
NCT00415532,PHASE3,234,ACTUAL,2006-12-01,2008-11-07,INDUSTRY,4,0,0
NCT04410198,PHASE3,203,ACTUAL,2020-05-26,2021-06-30,INDUSTRY,1,9,1
NCT06137287,PHASE3,259,ACTUAL,2023-11-22,2025-07-31,INDUSTRY,1,18,1
NCT05829187,PHASE2,36,ACTUAL,2022-11-01,2022-12-31,OTHER,1,1,1
NCT00177593,PHASE1|PHASE2,75,,2005-06,,OTHER,2,1,1
NCT00313716,PHASE2|PHASE3,200,ACTUAL,2006-04,2013-03,OTHER,2,1,1
NCT00007904,PHASE2,16,ACTUAL,2000-07,2006-06,OTHER,1,3,1
NCT00390806,PHASE3,472,ACTUAL,2006-12,2012-07,INDUSTRY,1,88,6
NCT04453384,PHASE2,416,ACTUAL,2020-09-01,2021-05-21,OTHER,1,34,3
NCT01394952,PHASE3,9901,ACTUAL,2011-07-22,2018-08-21,INDUSTRY,2,300,25
NCT00993447,PHASE2,600,ACTUAL,2009-10,2011-09,INDUSTRY,4,4,4
NCT01873547,PHASE3,300,ACTUAL,2012-06,2014-10,OTHER,1,1,1
NCT05442047,PHASE2,105,ACTUAL,2022-08-02,2025-02-17,INDUSTRY,1,39,10
NCT00000238,PHASE2,0,,1997-08,,NIH,1,1,1
NCT00275938,PHASE2|PHASE3,120,,1998-10,,OTHER,1,0,0
NCT00415038,PHASE2,438,ACTUAL,2005-02,2007-04,INDUSTRY,1,1,1
NCT01299038,PHASE2,20,ACTUAL,2010-10,2013-11,OTHER,1,2,1
NCT04402138,PHASE2,15,ACTUAL,2020-08-07,2024-04-05,OTHER,1,4,1
NCT03010358,PHASE1|PHASE2,24,ACTUAL,2017-07-17,2021-04-29,OTHER,14,1,1
NCT02564055,PHASE2,247,ACTUAL,2015-12-01,2017-01-01,INDUSTRY,1,60,3
NCT00218426,PHASE2|PHASE3,306,ACTUAL,2006-07,2009-06,OTHER,2,2,2
NCT00004578,PHASE1|PHASE2,100,ACTUAL,1997-11,2005-04,INDUSTRY,1,10,1
NCT00004985,PHASE2,75,,2000-01,,INDUSTRY,1,34,2
NCT00408915,PHASE3,60,ESTIMATED,2006-07,,INDUSTRY,1,1,1
NCT00031915,PHASE2,,,2002-06,,NIH,2,10,1
NCT06912035,PHASE2|PHASE3,34,ACTUAL,2024-06-21,2024-11-08,OTHER,2,1,1
NCT03229408,PHASE2,60,ACTUAL,2018-12-05,2024-02-14,OTHER,1,1,1
NCT00460564,PHASE3,109,ACTUAL,2007-05,2008-12,INDUSTRY,2,18,1
NCT00958009,PHASE3,109,ACTUAL,2009-10,2010-04,INDUSTRY,1,1,1
NCT01255709,PHASE2,24,ACTUAL,2010-12,2011-01,INDUSTRY,1,1,1
NCT01908699,PHASE3,273,ACTUAL,2013-05-31,2019-02-19,INDUSTRY,1,75,2
NCT03332498,PHASE1|PHASE2,40,ACTUAL,2018-01-24,2019-12-05,OTHER,4,1,1
NCT01233232,PHASE2,109,ACTUAL,2010-11,2011-03,INDUSTRY,2,8,4
NCT01109563,PHASE3,252,ACTUAL,2011-03,2014-09,OTHER,1,0,0
NCT04211363,PHASE3,439,ACTUAL,2019-12-20,2020-11-16,INDUSTRY,1,40,2
NCT01822093,PHASE1|PHASE2,8,ACTUAL,2012-12,2016-12-31,INDUSTRY,1,3,1
NCT00918814,PHASE2,54,ACTUAL,2009-06,2010-02,INDUSTRY,1,2,1
NCT04192214,PHASE2,30,ACTUAL,2019-03-29,2022-12-06,INDUSTRY,3,3,1
NCT07067814,PHASE2|PHASE3,40,ACTUAL,2023-06-01,2025-02-28,OTHER,2,1,1
NCT01741116,PHASE2,44,ACTUAL,2012-11,2014-12,OTHER,1,2,1
NCT03136484,PHASE3,788,ACTUAL,2017-03-15,2018-10-16,INDUSTRY,2,119,12
NCT00185133,PHASE3,1900,,2005-05,,INDUSTRY,1,139,1
NCT00058552,PHASE2,129,ACTUAL,2003-05,2004-07,INDUSTRY,1,0,0
NCT00633152,PHASE2,150,ACTUAL,2008-02,2008-07,INDUSTRY,1,13,1
NCT00026052,PHASE2,31,,2001-11,,NIH,1,1,1
NCT01245647,PHASE2,19,ACTUAL,2010-11,2012-10,OTHER,2,3,1
NCT02588547,PHASE2,212,ACTUAL,2015-11,2017-05,OTHER,1,1,1
NCT00594347,PHASE3,339,ACTUAL,2007-11,2008-03,INDUSTRY,1,2,1
NCT00032747,PHASE2,338,ACTUAL,2001-08,,INDUSTRY,1,9,3
NCT02337738,PHASE2|PHASE3,404,ACTUAL,2015-01-27,2016-09-17,INDUSTRY,1,57,1
NCT06828055,PHASE2,280,ACTUAL,2024-12-18,2025-06-24,INDUSTRY,1,15,1
NCT01563055,PHASE2,10,ACTUAL,2012-04,2014-11,INDUSTRY,1,6,1
NCT00418938,PHASE2,266,ACTUAL,2006-11-01,2012-05-10,INDUSTRY,6,0,0
NCT00756938,PHASE3,101,ACTUAL,2009-03-01,2012-08-14,INDUSTRY,1,0,0
NCT01322048,PHASE2,48,ACTUAL,2011-08,2015-01,OTHER,4,1,1
NCT00654485,PHASE3,940,ESTIMATED,2002-05,,INDUSTRY,1,0,0
NCT01829243,PHASE3,26,ACTUAL,2011-07,2013-05,OTHER,2,1,1
NCT00429715,PHASE2|PHASE3,150,ESTIMATED,2007-01,2007-05,OTHER,1,1,1
NCT00004008,PHASE2,,,1999-07,,OTHER,1,4,1
NCT05616598,PHASE2|PHASE3,200,ACTUAL,2022-03-01,2022-11-25,OTHER,2,2,1
NCT00003898,PHASE2,120,ACTUAL,1999-01,2003-06,OTHER,2,2,1
NCT03792763,PHASE2,8,ACTUAL,2019-09-30,2023-09-14,OTHER,1,10,3
NCT01922063,PHASE3,120,ACTUAL,1996-07,2010-03,OTHER,1,1,1
NCT01722487,PHASE3,269,ACTUAL,2013-03,2015-05,INDUSTRY,2,108,16
NCT02222493,PHASE3,650,ACTUAL,2014-08-26,2016-06-29,INDUSTRY,1,184,28
NCT00244621,PHASE3,95,ACTUAL,2004-11,2008-08,INDUSTRY,1,38,10
NCT01736514,PHASE3,109,ACTUAL,2011-03,2012-02,INDUSTRY,1,4,1
NCT01693614,PHASE2,72,ACTUAL,2013-02-28,2017-07-21,INDUSTRY,1,20,8
NCT01057121,PHASE1|PHASE2,38,ACTUAL,2010-08-27,2014-08-04,NIH,2,13,1
NCT00404014,PHASE2,234,ACTUAL,2006-08,2008-06,INDUSTRY,1,28,2
NCT02476916,PHASE2,52,ACTUAL,2015-06-26,2017-05-08,INDUSTRY,1,13,6
NCT01712204,PHASE2,82,ACTUAL,2013-01,2013-09,INDUSTRY,1,1,1
NCT04541004,PHASE3,253,ACTUAL,2020-09-23,2021-04-24,INDUSTRY,2,27,3
NCT00026104,PHASE2,154,ACTUAL,2001-11,2006-08,NIH,3,1,1
NCT02120833,PHASE3,51,ACTUAL,2014-03,2014-11,INDUSTRY,1,2,1
NCT04300647,PHASE2,172,ACTUAL,2020-06-30,2021-12-08,INDUSTRY,1,58,17
NCT00455247,PHASE3,,,2007-10,2012-01,INDUSTRY,1,7,1
NCT00746447,PHASE3,648,ACTUAL,2005-05,2007-04,INDUSTRY,2,1,1
NCT02705352,PHASE2,1,ACTUAL,2016-08-25,2019-01-25,OTHER,2,1,1
NCT01854047,PHASE2,776,ACTUAL,2013-06,2014-11,INDUSTRY,1,201,16
NCT01245049,PHASE3,387,ACTUAL,2011-04-01,2012-03-27,INDUSTRY,4,13,1
NCT03605849,PHASE3,662,ACTUAL,2019-02-14,2021-09-07,INDUSTRY,2,1,1
NCT01738438,PHASE2,35,ACTUAL,2013-02,2015-05,OTHER,1,3,1
NCT03081858,PHASE1|PHASE2,15,ACTUAL,2018-05-17,2020-08-27,INDUSTRY,10,5,1
NCT00244426,PHASE3,1372,ACTUAL,2000-12,2008-04,INDUSTRY,1,132,1
NCT03398148,PHASE2|PHASE3,1558,ACTUAL,2018-03-07,2022-11-09,INDUSTRY,1,430,44
NCT00861926,PHASE3,1714,ACTUAL,2009-03-20,2010-12-07,INDUSTRY,1,206,14
NCT01569178,PHASE3,375,ACTUAL,2013-09,2019-11-27,OTHER,2,33,10
NCT01811485,PHASE3,171,ACTUAL,2013-05,2014-02,INDUSTRY,1,30,1
NCT00394043,PHASE2,138,ACTUAL,2006-10,2009-10,OTHER,1,0,0
NCT02000609,PHASE2,49,ACTUAL,2013-12,2014-04,INDUSTRY,1,1,1
